path	bytes	physical_lines	sha256	c_h_cpp
.clang-format	627	22	ba86bb61fa3536821af07f3550da795bc2b1f49a33465e3e7055b81424adfefb	0
.gitignore	383	30	4cf990696fde65362b8c522da968d707a5f89aee351130b447bf04d8f9659e7e	0
.vscode/settings.json	442	16	22938974775787d3a2fa2aac6c42a8a58f9dc39745e2a9cf814066bf1eb89b46	0
README.md	468	19	b3a5707b1d15fbe1ba703e042e2f13f8d58efee89142565d297e4dfdd644bad3	0
all.sh	3466	181	0b2d84efb260dbd33368b7c6da1b5f15d9cf9ff3dee27b5c915a0ea52ba6227e	0
auto.sh	3490	181	3b14a0be54c3a06f7d496bec4ffae02de4b744a82071e81111b8c62a6d06b9b2	0
common/CMakeLists.txt	836	39	387a850acf540c96ca91e8d53c8ef83c0cfbaa97c0157e5fa1a42d0fb053236d	0
common/core/pps_eventhub.h	4787	118	2f7e10c5c8440e78ceb42375d500ad935d11165b62b1d2b181c6218b62129ddf	1
common/core/pps_rfctime.c	4039	180	68affb195dbe72824058e9816990d356820e9c3bbe6978080d95926810fb1cbf	1
common/core/pps_rfctime.h	756	41	6f05dfbdac4a633675712dbaa04f6c9e14e4853cb980ec647029c2462b764bba	1
common/net/iwscan.c	97997	3011	5b7dd8293e9690c8a2dfb9c57c7846e367ef1dafd192f06e18de48a5d5733ec7	1
common/net/iwscan.h	1705	63	1effd0665e73e0c855f7d81b88af89a8f4bc6876694c9d54ea09406036bc9bcf	1
common/net/pps_dns.c	13066	454	4ce938ab84cdab02fa074c475c3e518cc2acd2355bf8b86a5b0eb04756dab015	1
common/net/pps_dns.h	841	41	9fcc3ddf36570809c16c922ad4b9f971c59ff89a5e1a4acd95445230173a620a	1
common/net/pps_net2.c	9488	399	75fba9055cfee2c001eee67e0085a4aba4425f9ec46ab1ffae787e63a275186f	1
common/net/pps_net2.h	915	40	10f58c0569bf8307166d37c274e52fa74b6f1efef0514b37c3603136ede61e06	1
components/pps_baby_module/client/pps_babymonitor_client.c	7820	280	2f20d1917a9d498c508a995920790e1be6427634f62ef18b4c7e50c638c356a5	1
components/pps_baby_module/client/pps_babymonitor_client.h	3113	93	de162f36a471221666e279e271cffc315e4ddb691b1996face3f92fb21eadb35	1
components/pps_baby_module/client/pps_client_mgr.c	11224	416	fd37c452192387dc50830bedf45c41a6652789a45eaf3cd7ccb68787fc9b1224	1
components/pps_baby_module/client/pps_client_mgr.h	1452	45	10d20fdb5df0474fe25c8117255e96c31c0d8e89ec7fda4407c72131b6df3bf6	1
components/pps_baby_module/client/pps_tcp_client.c	14175	503	8114f609287e0c4c53911166fbf2cc36d75c23b39792f5db38148acaeb02b121	1
components/pps_baby_module/client/pps_tcp_client.h	2638	112	cb032b4d9e440d2ed04689d1472ee103f4ad4b31e9d76088ee938d918ffe1472	1
components/pps_baby_module/pps_aes.c	18922	559	1436ecdc2da9344e081b8b57ab010f47a9fd490f28563f2943955034fa15df77	1
components/pps_baby_module/pps_aes.h	3176	114	b08233c552c588645d31099abee0851488dd0e91b0616da3e43caa90ee50b423	1
components/pps_baby_module/pps_pipe.c	2301	101	25653361c05173e0f7cb1dbe12c593aedb3bcf241b3cd3dca215eb3edf9d83a1	1
components/pps_baby_module/pps_pipe.h	2421	94	e2c5bc21ba59a14af2ab17c130a12ad9d3a64af5482985c2d55737c4257aca31	1
components/pps_baby_module/pps_protocol_babycamera.c	23468	726	feff94b4f3da2bff3053b0c42eed6c1086056eaff6023319d6bec109d09aa5e6	1
components/pps_baby_module/pps_protocol_babycamera.h	4849	127	cd185100e86457897c2a5d578584687fb2a8be021686cad672091f3fc5925e37	1
components/pps_baby_module/pps_protocol_babycamera_cmd_def.h	29354	890	8b783f8a121c0cf4c81f06afe3b6cd24e37f9f46ac11e8b5fae3308c19b09dc9	1
components/pps_baby_module/pps_protocol_conversion.c	93493	2936	b83c18a7145c409c6ae40484bf59d045bf2b0f4aef21e53b418e4e310a2aea4f	1
components/pps_baby_module/pps_protocol_conversion.h	1248	52	6ab50f17d9967dfe5eff565b1e51e3abad00ef76cfac62dee233e10a02caf285	1
components/pps_baby_module/pps_protocol_list.h	508	31	5e0c66435529f7c705ee4af1df18356393a7a0741ee3e873f1eefecdba9ca13e	1
components/pps_baby_module/server/pps_babymonitor_server.c	5993	216	22a8c7af356f4f4fa510b2e8f68046aca7fbf94823dbada2d3b3200ea1716a77	1
components/pps_baby_module/server/pps_babymonitor_server.h	2740	78	b7bdefb232b6c687c95d535ae2b48d241a7fb0ea40be468aa0f9640759fcee1c	1
components/pps_baby_module/server/pps_client_mgr.c	11164	416	db88b89b71040061c9b52961603250e294119962c85ca306e69e0130f44e790d	1
components/pps_baby_module/server/pps_client_mgr.h	1429	45	ea2be2aebb038a706bba158609c2d1ede07b8e12036dd72689ef59e8a8cd6e89	1
components/pps_baby_module/server/pps_tcp_server.c	16143	561	2f5f5e08306ab9a4c510eca2c5290633c44e60544a02596b4d8acb64b0187d34	1
components/pps_baby_module/server/pps_tcp_server.h	3114	116	212e62331b8a6893a600f2dfa4701de937ee8f7adc7ae30e0f5164d0a8c1ee30	1
components/pps_conf_sync/pps_conf_sync_callback.c	706	36	74024bd75ba66a3d8b4c37d61e5074b247ae9864fad8b84badf89acc09f8c8ce	1
components/pps_conf_sync/pps_conf_sync_callback.h	2507	81	b526d68c2b2207b2d9050abb322c873dc14007d3b76d385eb533dafcae1a8d28	1
components/pps_local_music/pps_local_music.c	34822	1170	89285bdcf941416ceb450978c0a56abc78cd94258e714d333f8e07285da5e3e9	1
components/pps_local_music/pps_local_music.h	1253	78	4edc0100a1dcbb0f94882e5da7c68b96605925088cb41d1b3fd2d86faaaba38f	1
components/pps_local_music/pps_local_music_utils.c	1412	61	a48ab4e4cd1d9512d607d1f30001785b62230c89b76101486da82cc95b89a502	1
components/pps_local_music/pps_local_music_utils.h	221	7	f3b71b2d54e1e710ecac2c32a67b0dd654d44167ca920eb585095652930daf7b	1
components/pps_nkit_module/pps_nkit_common_settings.c	20102	699	461d9696ad42f07a26fe094e99f264fa4b3e65a5a04b6f41fab6b217d9831a54	1
components/pps_nkit_module/pps_nkit_discovery.c	5082	160	944139c86261ab213f93931bfd949e14316dab68c296fb923cfc308b4d437cb8	1
components/pps_nkit_module/pps_nkit_discovery.h	271	17	c50ce9cf40a78fbcda8cb0c3d0868ff4498fd86f500ec2e16a2c7fed2378c65c	1
components/pps_nkit_module/pps_nkit_handle.c	54996	1697	b2115c6c266fbec7f49176145dc430745e2f022b94105adb7b761f8480e3aec1	1
components/pps_nkit_module/pps_nkit_handle.h	1940	62	ed95b0b3f7de76af268a6d4021991f0365cfb90980f6385ead7e9c31e463d12b	1
components/pps_nkit_module/pps_nkit_nvr_settings.c	27423	968	4b9c7d9beb770d48cf073509acc2f487fa68b9beca60b626e6eb0734c07f863a	1
components/pps_nkit_module/pps_nkit_sdk.c	12920	503	82562b28a15ab030f5cc35659de080c05bc2141e9a7cef52e1b49acd3e265624	1
components/pps_nkit_module/pps_nkit_sdk.h	1116	46	0aee2dd9326b1b5a0f1095f9ee48453e1da52c241efb3f798af156bc4c4d3e15	1
components/pps_nkit_module/pps_nkit_settings.h	3018	89	2b174a429046900c3eaffd72daa16956a2fb33602b753c22fe75b7d82299f7e9	1
components/pps_nvr_module/pps_tcp_server.c	16805	590	4e9c40f89f08f94e6ad65bd484185c6f706798888f771e270f27d5088bca130d	1
components/pps_onvif/pps_onvif_v1.c	3184	134	50e9fb84406d3543ee49e86d325619ce212ccfa556e86a4ce49c246420866e8c	1
components/pps_onvif/pps_onvif_v1.h	442	28	9480f11d88646b92965437b156bf6aa6ef15bc45c3766e2561c7df62be50d0dd	1
components/pps_onvif/pps_onvif_v2.c	27687	827	a3df9b978933c9ad3dfe4ab6a92e3398c5203545dea7647aadbe8c3466b0b768	1
components/pps_onvif/pps_onvif_v2.h	481	29	c0295da67122baba4554b89d2c8661f55b034a3e162fb025b7dcacf3f4ececbf	1
components/pps_record3/get_bits.h	14546	525	050f399e78b788ca9ee577c3b21e1dafb881981df31617867a435596fae06eac	1
components/pps_record3/golomb.h	2653	96	37100d15c438bfc8f6069d7e4b185fb722ba91e97e6318a9ef2f93d26c23bfe5	1
components/pps_record3/pps_date_time.c	2756	96	1cda06e1ea71e45454e3052547cd2143c41967c23863fc514ddd436b3dd4e8e3	1
components/pps_record3/pps_date_time.h	6183	123	a5340ebd78ef44c06b5456cf65f15daed396475f435229053bacade0f8447336	1
components/pps_record3/pps_dctf.c	100160	3009	ce3c41afe4ae9ccbffa8203685e02aa7887f1dd15e98b4bd22791255372702c6	1
components/pps_record3/pps_dctf.h	9197	227	3e6ff981116ccb2b1e68936e36bb3b4a1be19bc66cb524e05d2d35df027a1094	1
components/pps_record3/pps_mp4_common.h	28138	709	deb20b9ecbf678a8e40d25773346af1c41faf9742af9ba4cd3627988b8b9cd47	1
components/pps_record3/pps_mp4_demuxer.c	96016	3097	2b62af4fee93f042ba0e3d0e8a21b08c7e52b61c3eacc24b351e9275ee5d99c0	1
components/pps_record3/pps_mp4_demuxer.h	3338	120	a4136b5147e6c5c27e22923834f1a545851c80b1909ec519a0df49206e4eab0e	1
components/pps_record3/pps_mp4_hevc.c	35590	1034	504ca9b81d7f8ee14f4824c08388482c69af841f9d523ebf2608fbc5217a4c29	1
components/pps_record3/pps_mp4_hevc.h	8056	260	42b3d3d2b281ceddaf3f314e97f72d44d1abfed0f13a50176b9e1320667226d3	1
components/pps_record3/pps_mp4_muxer.c	65816	1941	07c65b0055fcc15ec44a5937fdb00eaee66385aafb9460ce473fcddfad36b97a	1
components/pps_record3/pps_mp4_muxer.h	7295	199	5415cba8d52d26c83b3420315de7521d35b1907ad8dbdc3ba40074fd6d13200c	1
components/pps_record3/pps_mp4_repair.c	16895	398	c1dcece5852f796dcac8a6b209c8124add7f5ab4df1fd863f0c4b01bc4a0fd48	1
components/pps_record3/pps_mp4_repair.h	504	32	0b877aa71e1e8a83bb9c494268b50ba3cd0b300b33df6ea89c328a28a0920e5b	1
components/pps_record3/pps_oldrecord_demuxer.c	6611	219	43d8f5297c5089b641af5b75b797be34cd2456634eb0e3627b6a185baaf0a065	1
components/pps_record3/pps_oldrecord_demuxer.h	2268	79	6f672473617b26e04a4aac826ec69fdd5643ae87dc084cafda72a5274c61790d	1
components/pps_record3/pps_record_common.h	532	27	edc13e355f44e88fae7ae32e05152d8d144b21a3ebdc331a17b54591f62b8a72	1
components/pps_record3/pps_record_ctrl.c	23292	887	eead73b2deb787df12aa40196b9065a63241b4edff154aba0a43418a46ba9b43	1
components/pps_record3/pps_record_ctrl.h	6763	191	f017a914eae8a0793c38b9a0b0852e7175da806324eafbf633a61f166e94beaf	1
components/pps_record3/pps_record_old.c	56842	1791	401005d83fe9d10ff1dc6927eafa8dbe3ab5deb378cb9bfea5577ccf3ccde1eb	1
components/pps_record3/pps_record_old.h	6772	213	8bb367fe5c7b1bb7fd2691008e97e34f30283fb649dc23aea04b481673ba066d	1
components/pps_record3/pps_record_playback.c	14789	414	cc8c51bc259852cb9ad0fa22da6092e59d87ff8e11dab13b730f69c62c85242a	1
components/pps_record3/pps_record_playback.h	2258	82	d78e67aa3f858d9271984e81d8209c5b3b2540249eedde36b18105c7e2632a07	1
components/pps_record3/pps_record_stream.c	15887	568	bff2f093bbeaa78e77352a4e396bc7e1f2aff4e9d56b64474948ef86dd95eb3f	1
components/pps_record3/pps_record_stream.h	5610	177	9fdf7bfbc9c67ce5a5ee23ebb315fe11175c0b82c8dbb3a0346134c15f55186d	1
components/pps_record3/pps_record_thumbnail.c	7217	301	feed636b35d87f86fd69fc14e375575cbc7531330930ba654e0e7a95055ad047	1
components/pps_record3/pps_record_thumbnail.h	6402	188	fb8a94441aec035bb1265c1309c2ba50d6a48e4a96db7c58f74a2489509c73b5	1
components/pps_record3/pps_schedule.c	11387	382	1241a175598d08e121a04487a68a47c37b4919fc90f133e7fce0453aa87d5716	1
components/pps_record3/pps_schedule.h	2022	79	17d524ec58f1fe2c95afd6caafe08fa806e5394d094ef163e06577832d787ce3	1
components/pps_record3/pps_sd_stream_mng.h	164	16	6437ca28db86cc8c11c62b99b66a57aa527d6923a8163cd4a0903cb634c7d4ae	1
components/pps_record3/pps_sys_time.c	561	36	51efb0b402d70bec1b2be1fdad1913cd237608aa928468df5dbc98026cc2a08f	1
components/pps_record3/pps_sys_time.h	525	32	5b67f9e063e25fd155684bc61882aecbeb430f15c11c084bcaf7cf3f36656afd	1
components/pps_record3/pps_uri_io.c	34703	1487	cb230deb067d3c1007e8e6ee56bd288434829f368f02221f00d4eb7e8d1aeb34	1
components/pps_record3/pps_uri_io.h	10366	314	473f365280d34b6262cccb2cb9ea0b51528b95f9e3fcf7bc7f06c4045297225e	1
components/pps_rtmp/srs_librtmp.cpp	1124644	36004	007dc27ebef17df53a09f07e1e75935efc75b890eb374dc1ec550a59a9b0c0a8	1
components/pps_rtmp/srs_librtmp.h	39912	1093	9ff9dc9167d9c4d2ddd685f2fef1350e13a4300da841e36e9ff2963619c6e002	1
components/pps_rtsp/pps_rtsps.c	51275	1758	d6c45ffe742816ed6e4b1fbd2399a01711ea2fcd341504251c471199ce258461	1
components/pps_rtsp/pps_rtsps.h	520	20	b307e7877a20fcbc71590c0b7e69cd042865facd4a246e42e4bcc1f2dfab4737	1
components/pps_rtsp/rtsp/Makefile	527	25	971a433da972f37254db44c742204e4f49a3242e39d9e4b8c8950d166b36fc0a	0
components/pps_rtsp/rtsp/librtsp/.gitignore	22	4	adc4ad5de43fa63e8b9937bb38e0af58e7a88aeb58e29a663d3eff9b30bd0d86	0
components/pps_rtsp/rtsp/librtsp/CMakeLists.txt	119	10	75768f4b227ebe8ac60dc7895aa129fcca3f42e237a090d954aa5e40d409b3c2	0
components/pps_rtsp/rtsp/librtsp/Makefile	694	36	96509cecb8314df4844aec90ce3ecf3d778ee7c556b0caab3375d9087860bfab	0
components/pps_rtsp/rtsp/librtsp/README.md	213	17	b5fdc098487e0a18a1d81b2bfe209314322823c7afeafdb5540624bf527671b9	0
components/pps_rtsp/rtsp/librtsp/RTSP_PUSH.log	1829	77	8c0be45b2f27d2e873bc083cbde5ddc1a4c97c11e1b207986d4dd711cc3beb50	0
components/pps_rtsp/rtsp/librtsp/auth.c	9020	295	abc43d10152e61af90664f4ce51360d89111e0989e31dfee8245fd29765357eb	1
components/pps_rtsp/rtsp/librtsp/auth.h	507	18	a4417a3e304e571352408df4feefe7b9e2dc3efabe7bd7a5c5dcc5673b72bb45	1
components/pps_rtsp/rtsp/librtsp/comm.h	450	26	51bdefa73bd57d7f1c0388c8c5672ed85f2e83197faad789ad1cd48b3372086a	1
components/pps_rtsp/rtsp/librtsp/demo.cfg	110	3	4b75c5a5e9eb400d5a3ccae20677b6dcfd7098542e42b98b4ca7c4762bdf5d7e	0
components/pps_rtsp/rtsp/librtsp/queue.h	43588	587	017825d85d6a0cce2ba2b7e5b358390ffda2c886b777546d756702c2e2bfe0b7	1
components/pps_rtsp/rtsp/librtsp/rtp_enc.c	7998	268	29de173287b2e173216d0ba85d5918e4b6cb914ae4e3b769143da9fb7fc21195	1
components/pps_rtsp/rtsp/librtsp/rtp_enc.h	1212	49	9227cf30640fa05b4204ddc150369d243f1026ad206faed70bb31164a710a54e	1
components/pps_rtsp/rtsp/librtsp/rtp_rtcp.c	14534	498	5f399191306d2e2881a1add25df6d82f506ff2212b7000286036edbc684fac76	1
components/pps_rtsp/rtsp/librtsp/rtp_rtcp.h	5322	186	3ec216a25b202b200e309a4df968f0eaf841d1846cf1f5a916179ed0733cbc60	1
components/pps_rtsp/rtsp/librtsp/rtsp.log	2787	97	7ad774cf191133b0de13130c342f561b1cf309c0eb11481ad227c82c4fa30446	0
components/pps_rtsp/rtsp/librtsp/rtsp_demo.c	64245	2011	fad9478dd246bed7c124bea3cfcae601d73df016693bd520360f4329236035fe	1
components/pps_rtsp/rtsp/librtsp/rtsp_demo.h	6037	188	451da711745a757ccac66e3cdf8af8c24d20ac2539243e0702a291523ece3e6a	1
components/pps_rtsp/rtsp/librtsp/rtsp_msg.c	60616	1434	8bb8e7ddfde88fda744b3a93a3ed39f45a6676c04b890c4d15ab72c1f9ba41f6	1
components/pps_rtsp/rtsp/librtsp/rtsp_msg.h	10472	347	af1ddddde30590aa250d1c3690040c7ba071704bd8d780c0ba273fde2114e639	1
components/pps_rtsp/rtsp/librtsp/stream_dump.c	3118	157	e3ee02fdaa69670d6d57b953d763fdfa606968f1950838f30ee783067d863ff6	1
components/pps_rtsp/rtsp/librtsp/stream_dump.h	2176	68	eb13f26e169d1449d13066d7b540d82aa5fba88017f54b533d41579e17840ccd	1
components/pps_rtsp/rtsp/librtsp/stream_queue.c	2289	114	f9fd502c98de9c911bc358c3cf298d8753d3228e8a1ffb61b6bb045a0672e2c7	1
components/pps_rtsp/rtsp/librtsp/stream_queue.h	834	36	b2441dfad7636c33f129a08db0866aa3cd4b072393dc4bf10b978e6b598ca279	1
components/pps_rtsp/rtsp/librtsp/test.c	3520	140	305fa35e54e756bfd0189064a03f4a3679a883121a0b400860bcacbcc2099b46	1
components/pps_rtsp/rtsp/librtsp/utils.c	16068	487	a119ca955704b04d539975a42262e3f248211ec543ebed8e6d8779e5b938e4da	1
components/pps_rtsp/rtsp/librtsp/utils.h	2700	73	d9c54005807878301f5a25932b8dbd0841732507dc232075c76e4e92b3481d06	1
components/pps_rtsp/rtsp/pps_rtsp_server.c	19016	602	8a45cb2a604d2013ecd229c3e681cd56207776c43bbc80cfb40731f3d6bc3933	1
components/pps_rtsp/rtsp/pps_rtsp_server.h	769	31	743883fdbadd33e144275bf2484751079c7bd325e4f7bf74f058ea0e47b82828	1
components/pps_shell/pps_shell_client.c	5290	255	c5936b85cc1f52ca7c976aac7a097d4584ce3f258fa0c45cbbfe570ecb6f4df7	1
components/pps_shell/pps_shell_server.c	28612	1143	0e4cf1d2db1ee24155afcf1e95a9d05830153763308b7eacdce8a8f6bcd3fd0d	1
components/pps_shell/pps_shell_server.h	179	14	26617441516493efeaaa9e36be5a0e7817968b0531ba645676a45d9a6898013e	1
components/pps_storage/pps_record_old.c	71678	2131	6b85fc4ad7ce596b721c6f169ee181b2e07bcd31d93072ecf7c3b62a30e6b03a	1
components/pps_storage/pps_record_old.h	7641	231	1cccd1017a832f25e0ce8f2b90eadbc29b385e05cc3a757cb577277e144aa813	1
components/pps_storage/src/get_bits.h	14570	528	7403e090ddd8ad9e5f20efa8fabd9446363ff56972269489e3dcc8304452302f	1
components/pps_storage/src/golomb.h	2647	96	4b0a0f02ddcb429cd5626acb6d91d1cbf65563ae6e32f6f0fd760e415eace43c	1
components/pps_storage/src/pps_date_time.c	3011	104	2db7eda427b005071719a43978f6a0a4dade4f3ccbc9e52647932a398eb2113d	1
components/pps_storage/src/pps_date_time.h	6466	127	65842e2eac09d2175fa85811b00445b12c7f7f4f4cb5a979ce3dd45d250f3775	1
components/pps_storage/src/pps_dctf.c	101006	3031	402c208304350c0a989a142472ea680f26fe2701aaea5c06f34b03d8e2ba780a	1
components/pps_storage/src/pps_dctf.h	11470	290	ba6de24dcde4db38fce638e6ac5b945cf8d3d1cdd6f22a997b52db11f7ce2ae2	1
components/pps_storage/src/pps_dctf_mp4.c	4778	159	caa4711ee72a6c9bbaa4e2986444200f123c80b3c9ab15a564f56e4567d666d0	1
components/pps_storage/src/pps_dctf_priv.c	5026	176	c84d977d02fe786756f75d6e02532102ef87c65923ff6ec5f8b6de9c4c000b26	1
components/pps_storage/src/pps_mp4_common.h	24173	582	cdd6546dcdff17e4ce18720d5c863a46dac70c35a9db5902e6ec2fc003d2ed44	1
components/pps_storage/src/pps_mp4_demuxer.c	103015	3405	9ad0e92545a1a291bf5170b608bf635a43baac2293b44c7bd467335e10aaf63a	1
components/pps_storage/src/pps_mp4_demuxer.h	4571	162	0f3a0ed4e14bccf36e854cfa786d3095a520480b39fb486ecc07b891b5dba7ad	1
components/pps_storage/src/pps_mp4_hevc.c	34479	1003	bbe5050348456bc0956d95b19845d68f06237640e81054c94d791218dad16fa3	1
components/pps_storage/src/pps_mp4_hevc.h	8056	260	42b3d3d2b281ceddaf3f314e97f72d44d1abfed0f13a50176b9e1320667226d3	1
components/pps_storage/src/pps_mp4_muxer.c	73179	2138	29507382fc7083e5c6079fa476a62fec079a3d6e208414e42887249e7fecd532	1
components/pps_storage/src/pps_mp4_muxer.h	7626	209	8f09094d28b90a7b317f8ccf563622033e5c3dcd902a38b2a3e2e7605bcaa4d9	1
components/pps_storage/src/pps_mp4_repair.c	17494	419	f439552b69175247849d264b536a3277b5da5b2f16490cd7da996b45accaab7a	1
components/pps_storage/src/pps_mp4_repair.h	504	32	0b877aa71e1e8a83bb9c494268b50ba3cd0b300b33df6ea89c328a28a0920e5b	1
components/pps_storage/src/pps_private_common.c	10564	386	c6a1661d0cec65f36652b0e8cff172ef1387116d0525591a3af60bd1a6d82855	1
components/pps_storage/src/pps_private_common.h	5221	174	0be126fdf16be9291095cb7be0184061b5f12c8dda20785ab2dcc7efaa644b30	1
components/pps_storage/src/pps_private_demuxer.c	15711	514	f5feb3e22c0b5e7f2e35240446b4594c435ea4fa3fa3c7433446414f329f8878	1
components/pps_storage/src/pps_private_demuxer.h	1587	62	6e195475ded064ede462fd2658142b11f5b038d0ac817363a63a73ddb61faefb	1
components/pps_storage/src/pps_private_muxer.c	13515	447	9b764ff7f4b44da871156dc4151ab376a40d5a44e496a0a3fa1ce61ac8da83a5	1
components/pps_storage/src/pps_private_muxer.h	1437	55	a9fc26558c4ad3e3c28a93bd68f51cede36782f60f6d6201652415a8562712de	1
components/pps_storage/src/pps_record_common.c	4112	182	8d5109a9120a03e13a4b77d89b1b2a3415d2d0224b20e17293990250f29af1b7	1
components/pps_storage/src/pps_record_common.h	6488	231	052131e7ca9f580eceb26ad84d0e51e04da5a7f70c80092a3227563df54785ae	1
components/pps_storage/src/pps_record_ctrl.c	27186	995	13952b355ccd23a8b36eed1d64481e5952ab691124d152970aba72eb468508c0	1
components/pps_storage/src/pps_record_ctrl.h	8560	233	766b5a903968524c41c660f950842fe15285a62688e610d3db42297184931294	1
components/pps_storage/src/pps_record_demuxer.c	6334	269	8d425821e6ead5458ed943291738a72ffd6cbea7ef67bfb70c11d096cb9a77a2	1
components/pps_storage/src/pps_record_demuxer.h	2387	79	0c4fd018d20201c533abf7c7375a172142f754f844e474b8500cf920abcfa5b9	1
components/pps_storage/src/pps_record_muxer.c	8048	348	c25a75cf0fdc6633647a414a706e97440a53452800d1eef3267327dc5a5653cb	1
components/pps_storage/src/pps_record_muxer.h	3004	98	6617322b5fdf1b58ae3a037461a90a02a934d9e24e849293f227cd67815f967f	1
components/pps_storage/src/pps_record_playback.c	10566	340	0a5e18662971e71d22c63f099e322de95b478c65c66c9b1ab22fd07535e1beba	1
components/pps_storage/src/pps_record_playback.h	2183	80	d687b484453f45236099e5c7d9f3d17685e9de5fd5d4edab484314630eb76389	1
components/pps_storage/src/pps_record_stream.c	17018	606	9887fd698dadd18dbca53f95027dc0a4305a4a5708c20cc52faf7571371f92cb	1
components/pps_storage/src/pps_record_stream.h	5885	182	b2a6e231d0f3f20763d7a2082f74c2885ad9e58225124e6a5bebd94c7390191f	1
components/pps_storage/src/pps_schedule.c	11436	383	c9ae6f7103f05b92dda9b949ee31ff1a7ba819d4f228f51c9b3ca480d8cacb4c	1
components/pps_storage/src/pps_schedule.h	2022	79	17d524ec58f1fe2c95afd6caafe08fa806e5394d094ef163e06577832d787ce3	1
components/pps_storage/src/pps_sys_time.c	719	43	2bc239afcb848a403cacc8cffc42afa93189728c1b045379993847c7c74b2612	1
components/pps_storage/src/pps_sys_time.h	525	32	5b67f9e063e25fd155684bc61882aecbeb430f15c11c084bcaf7cf3f36656afd	1
components/pps_storage/src/pps_tzi.c	12825	487	cb987a720b71ab77c6a89c24c883a801bcfa3aa7157d1d4541356119b6c94dd2	1
components/pps_storage/src/pps_tzi.h	4291	152	6e3b69154310f7d218b4e81fb46a31f25c5486d07b2d3867f903ac47f514de16	1
components/pps_storage/src/pps_tzi_timeconv.c	4234	169	da95907bb588a70264318c2deb108655b97485c3abb365741d52e391fb17f82b	1
components/pps_storage/src/pps_uri_io.c	24561	1082	bc2acd93ae780449dc988f766cae9625ef48454c704b590b980be1043ca83db7	1
components/pps_storage/src/pps_uri_io.h	7880	232	04a3ee40896f52488ea7a6f35cae877c0b6333cdcdf04c19522d17f3051a8ad3	1
components/prodtest/CMakeLists.txt	996	43	e29b32e2aa9e35658ee16233aa94a9b41deb97da2ca4988f79bfcdeaaa088bc8	0
components/prodtest/pps_product_hardware_test_tx.c	3335	175	67098ab3dd9707d9ac1273530df54a09114f4e595a688f0a251fc27c703bf5f3	1
components/prodtest/pps_product_hardware_test_tx.h	244	10	3774e301c55f74663026c3cd006a2b9baab6eced1c6f9487a4c3b2cde1f8665c	1
components/prodtest/pps_product_test.c	199013	6308	fbc4b7c5939a24af92dfd5e492a914292c250e10912215830de3f3d5af4c091d	1
components/prodtest/pps_product_test.h	1630	44	96ac9be43d1cf251d0aa533f17c0e175b8d070c2cbcb0d9a790773b29da16cf1	1
components/prodtest/pps_product_test_c911.c	2563	121	a7f170eef2809c0a7b1535f86291ca48252b75f90598320a0096750dda8b2d36	1
components/prodtest/pps_product_test_c911.h	357	17	4703d60846fa37ac98166bde63a7ef5ae1df65ff2113788d5b275bd349032588	1
components/prodtest/pps_product_test_factory.c	8603	341	55d3f5fe357e9b3709477ae98b366a9e9e6c50b80436f637426f94e543e3aecb	1
components/prodtest/pps_product_test_factory.h	1218	62	cdfaf717b3c8c7c6ec79d52144c29775acc1c4dbe4e4ee2e140c9c2829603cd5	1
components/prodtest/pps_product_test_restful.c	133950	4189	cebdb5aacc6fbd68256c9c56d2a91174f294630bfc58b87a847ef878b10844b5	1
components/prodtest/pps_product_test_restful.h	575	26	faa86856e8f035aa366f146592cbf6bca4bd35c27ffff1702e40bcbe575681c4	1
components/prodtest/pps_wifitest_client.c	7909	342	965adef0971d69712e65e62e505baa2211097adfe6d141b1fccea38c6408846a	1
components/prodtest/pps_wifitest_client.h	171	7	203a30fd29b043f7615e332e37b87d416e52e6e23cdecf6dee1593b38a03c4c2	1
components/restful_server/restful_server.c	22509	786	91b969c480843cd8a9161d746b8e6379b6e5e3e6a68c5c8c62f80e001d910378	1
components/restful_server/restful_server.h	670	32	90babf079972ccf97e4d54f7bb6e11010021f71023432f4ec44e2b87d33d937f	1
doc/CHANGELOG_old.md	13732	481	35a373b1ac4538279a1f94d7285e9bcac07911c970444e24697ae709e54d52a8	0
doc/IPC集成测试报告(sample).xlsx	39875	159	a5a32961f6e9f884674a61e080985c9f6b493553982d18a4f3fcd66f746c83aa	0
doc/MMC挂载内核、App说明.docx	13161	58	67c9c381aa6a1341a91b09354d6ad2d47dcdb1b9a23367f9ae6ca7a0626722fb	0
doc/PCB板信息对照表.xlsx	12123	49	38b4779921806de6c45c2a4fe96d1bb5ff95f435a55c60bb939bb9f88cea1932	0
doc/V_MINI_4S设备网络切换使用说明.doc	178176	622	eab1769756767524024dfeaa8a97be05a67b0217886c08baf11e66f5cc2d8bdf	0
doc/iperf3-readme.txt	975	20	099b01d221aef9c33a0170ae597d4ecba891bacb178c229019fc86bdcd4816da	0
doc/pps_device对接指南.md	20121	637	5c0c2e35a7315399e6010ce77ca55add5559b604a6aad9dad28da3d943789ca7	0
doc/ppsmedia_CHANGELOG.md	6679	348	94823b8a07f6bfedd97bd8dac05981fe03c98e25b0bc3f12f9a06c0aabc0aa01	0
doc/sounds.xlsx	10613	31	4e6135b58b4e4a369bcd1101f50363771c6ccb36040e81ee6a9d950c0fdd839e	0
doc/成品测试SD卡辅助说明.doc	13312	49	82455e12ad5551cdac29e89f9aa2a3a7fb6ecdfd0f55500d5f120123475f2ccb	0
doc/硬件抽象层接口文档.docx	26591	84	67fa90feb81a2624b6f0b1a100a609860e9d3b0fbe603838e137b94dc7943624	0
doc/设备WEB API.doc	370688	1229	394574864fbe415e5cd756c96b3bf24b0be905f940d442c39532549ef321a9d8	0
doc/设备外围IO驱动接口文档.docx	16141	44	6d102b0a33cbe6b008a71bddb1d3ddd786a86b02490cc06469d9cc039dbbe966	0
doc/设备配置参数升级说明.doc	86368	339	c21ae290087f8610b271d7ed203f2e85197458f4a9f9d46aad9e26f70bda348b	0
doc/驱动开发简要说明.docx	16802	60	6463133666c20c5be9213a20be1250031b91b7998cf75b5bf17e0346d2ce211f	0
include/curl/curl.h	88147	2336	4273909d973c92d76d864ad575500083bd2bdf7b86d8da46e3010fd6270fb7f5	1
include/curl/curlbuild.h	7305	198	9146c8a15738d20ed6428417a5b0de475d1ea05fce3650f0d68c579be8219f5e	1
include/curl/curlrules.h	8934	262	d0af39cd3cf91f9d4b972102607a49b21a5db080e323efefe802af490c32fff7	1
include/curl/curlver.h	2741	69	7f450315e050b8bdc785019afb0fb600d63641c027b652ed85b3c229c0d7baf2	1
include/curl/easy.h	3472	102	2f335fd2209e1e57ca11dba5e73fdc9d8d0f2b0830c75e263b71c61dc5717f7a	1
include/curl/mprintf.h	2788	81	11b4565fbdfbc7dd913d65dbd59796427a76c0820b404cda9eeace2e3ebf7d4c	1
include/curl/multi.h	14813	399	8b25cd0bb41db18ee59d96042a8972f7882cc8bd4963474ee01668a654f05949	1
include/curl/stdcheaders.h	1330	33	970ae8a1a78f3210cda90c6c9548b80e878e181414540bd862c35a47162456d1	1
include/curl/typecheck-gcc.h	37397	610	655badce2120ae9a335505a4099604666fb3a15ffef520fe8a9e26992f319024	1
include/nkit/aes.h	3305	113	db792501e90ee97efccb72acaf18a6126cc822706c351a6d3003da7a35a065c0	1
include/nkit/pps_client.h	2764	69	e6a1426b8d4d7acf5e5d7dcb2e0d84dc63b723e34267a5e7735651ee8c61d367	1
include/nkit/pps_nkit_nvr_api.h	19405	607	0fa068d8249b058d7efdbe510940ff0ed230555f7198d06abe2e39a3cf3d6afe	1
include/nkit/pps_prtp_dis_api.h	5594	142	2f300900f002aeb1c20372b80b1f12b3fd6cd3bc31a15d7696b03d3c96bebfe5	1
include/nkit/pps_prtp_log.h	617	39	c0126a363432e8fe17e66a27f1a4be00b0ecd6286def3ac95154603219424e5c	1
include/nkit/pps_prtp_wlan_api.h	2899	118	758f6da0575bff0c6d8783d3b189de86c41f5801adf8539466fe4dde1c59c6de	1
include/nkit/pps_server.h	3282	79	6121b93932970146416de393d3f91d0509210852c7b0d359d01507d583eeec93	1
include/onvif/pps_onvif.h	831	43	f950c971c0d25fa4e076f2be069fbf551c9fae9101b5e339d1ac86e7539b4190	1
include/onvif/pps_onvif_api.h	1830	67	851dc6a2b07ed23d9d8fe0e65225a1d519abd98da0681728aa160f8145bf4f72	1
include/onvif/pps_onvif_config.h	1485	64	82dc0344f0db449dcd2f11d4d38c20b09b74554cecdd73ebb570649500053aed	1
include/onvif/pps_onvif_define.h	12027	398	e2ece3c17c4a28dde7a81238d60de4ae6057d849a661b293f6c6a4ab465cc7c8	1
include/onvif/pps_onvif_version.h	347	10	6c55f4af46b1ad77bf640c88ed8a69fec09f01992fd0bda11308160cfce81c94	1
include/osal/iwlib.h	18566	589	b87292f05f72cc56d31bbfef1439d756356fe4c65380a1448f8be1ff82da0391	1
include/osal/mg_http_plugins.h	917	36	d0cd3624f129a37d7f91b4e132596d53ec634e859e1f7f3a9c4cd77f8d72126c	1
include/osal/pps_osal.h	743	37	0dcec6f7d84c9babe68244a1911b3779f1000c0f4671ae4c37c4e232c0f14283	1
include/osal/pps_osal_define.h	2146	120	dcd57498b504b61d02e175375523d1089bed2a522c1e3f045f713f8f3a5ec082	1
include/osal/pps_osal_errno.h	15293	160	23b63bd32ba9bb4fc0979a57452cda915a428af9d3762370e23c2aa02c77fd0b	1
include/osal/pps_osal_list.h	13885	468	b4299406a60454c2c7f912572409a5a9b497f7ddeac7b41e45dfb1a283927b09	1
include/osal/pps_osal_log.h	2263	89	24c014400e83efb0a771efb31c131eca0275d8ec42190958951219cde391696a	1
include/osal/pps_osal_mem.h	1637	82	afb0bb826c67fc917f9afc40c1c7a6994b7a5088c7a4fce9299dadd88b1fe6fa	1
include/osal/pps_osal_msgq.h	2074	107	8340b067413facb6904fa67201aea2a5d7cb2ae28b0a824fd491bdaf354d5ab4	1
include/osal/pps_osal_mutex.h	1719	84	89053df2dcc77597c7f7c942f401f8bfefa27718fd08ded7af01f307cb492197	1
include/osal/pps_osal_queue.h	1428	60	abddac54dfea0e173e93fa01accc018c130c11daa4b144793a808dc0270f90b1	1
include/osal/pps_osal_sem.h	1730	90	82493ca18c659de3880f390e41e090009a394ce917ee0098b1f411a7c845da35	1
include/osal/pps_osal_socket.h	10680	369	71641d71e6d88e9a11dfa588b30c7b68d3db86a6310d3bd2aa8419f9a91321b5	1
include/osal/pps_osal_stdc.h	3066	119	cc6eef1397d50754a27c4365adb5d592084bdc42e835019d77ba58eee7dcc08b	1
include/osal/pps_osal_string.h	1635	84	21d02e6ac057ec61b93e2938fb183ed6ea6941300723a7d44452b5dbb8e58469	1
include/osal/pps_osal_thread.h	5312	171	912c7b864d210a1146d7e79adb9053ff5b63360391fdd55528c10c4c1a3b9a2e	1
include/osal/pps_osal_time.h	2383	107	ecee8be94b2872e2c7c632b6fcfb6cfad7bed50d5ab10833599a9448586e79b4	1
include/osal/pps_osal_timer.h	1728	91	61397d4e3a3041ff74627aab42d2e9333c19cf3a87d5f7a6252471083b85df0c	1
include/osal/pps_osal_type.h	1958	100	105a2dc5e5e91f866e8d56eed4154f706aee60dfd0493e5b2c83fbec3d224141	1
include/osal/wireless.h	42681	1116	ef28d9f7158019aeedbfaee8923e122ea52892027dfd761082407488fc89a994	1
include/pps_error.h	3277	75	7690c4a1c9db12a9b08a20aca0f49303d5f7b37040dc186bd84f68bebb940d6a	1
include/storage/pps_record_api_camera.h	7887	270	1336d2a1e08012619dcbb2bc02fed2c12d93b424ca2401b4fcc19d2340b60fa3	1
include/storage/pps_record_common.h	4034	153	5b1fb016b50806e412b0c4da814195bcc5a64284b586ef6636c0f7411a8cf2ba	1
include/storage/pps_sd_api.h	3370	143	09a2bfd36cd657bfd175f611fc342cf4de6f121066cfdcfc4e4cce5b21ea334f	1
include/storage/pps_storage_errno.h	784	43	6e8c8e264bee3ba9dca8f211262644bde98d34af32580ef14b8f634959f92bfd	1
include/util/pps_aes.h	1426	59	afb472025a5584efcc0db1a9757d7270f434bd33dc336146c3ce16caea709015	1
include/util/pps_banner.h	2289	62	59f9026c594d0b319d877ec9478ff6d06571fcb1fe3811802d9c5586c667e5a7	1
include/util/pps_base64.h	617	32	c0f15ab3028d98198af6381ef03d13419093f4f1f569c64c1d2a3acab0b6d93f	1
include/util/pps_c911.h	350	17	239cb493fefd41746f6224181bc5a9de9ac86259cc6f01f0da96fe7c4c0be383	1
include/util/pps_cJSON.h	8831	168	5c38f792bc766aca36f1344e5f41fc3df4cfd49d04096fa7bffb8a2293b10605	1
include/util/pps_cbuf.h	2464	78	a670b579b7403cabe71feeea685f7cc27ddcf8e7083a34cf186c4d376c650f36	1
include/util/pps_checksum.h	1455	70	34eda0ae51caf5acf349c83ec84b8e06f765368db329016b7a03138754863ab9	1
include/util/pps_circbuf.h	5266	211	c1cf83a198f7c6507e24963cf4531d47ed10a1f875f897c88c5315e51df00c56	1
include/util/pps_cmd_cli.h	415	28	935fd0b056f34d9c118d4e6f689c43110437487ce47857503f2f82e2dd281761	1
include/util/pps_common_util.h	6812	281	d5238c482bc90b91e70b411993ab13a110c2ef858d1f45591884e18b3e75d6dc	1
include/util/pps_cpu_mem_usage.h	467	30	543ea7db9175b718fd631bd23e47089e840ddc2818b3d48a9c9de526782e77f6	1
include/util/pps_crypt.h	1013	50	94a5f3b40aa68732c5b39518b166652c4ee95c48d07be3ceb269babd830cfed6	1
include/util/pps_d3des.h	4378	146	be2d249ea3d91c579002b0b22c06ebfa3d3b88eab8acb238bea91a2950677719	1
include/util/pps_debug.h	2135	65	c580d979d80d4af74aee5efac7d1b5a542e9ae94e7d4740ae73915d421215aad	1
include/util/pps_des3.h	1015	39	92888e4aaa7f8df042e2c1e60ec7f530228d1bd116ce31b5ef08dd2a5f5c5704	1
include/util/pps_eventhub.h	6622	155	f213f194a00844f5ba90e45f31725f6601117f5c402312922fed5b88b34635ca	1
include/util/pps_factory_check_info.h	1345	60	9ecaec78026086a069e1c1f41f0d1f507541a5903bf78a7f5d31469a935ef20f	1
include/util/pps_firmware_download.h	809	34	f68c1861e1ea50626105c635f1c029bf94dcf7167b816fd266433b55ca9e38e9	1
include/util/pps_getifaddrs.h	11770	389	bd36b64c5e80940d97f9a194a3e2d0ddba9d174b40642f884eccd912fbfd0aae	1
include/util/pps_hmac_sha1.h	615	21	e63732019c1048a27d4fb933564b4ea45fecab386ca9b06cf22c7ef34df66a0e	1
include/util/pps_http_file.h	1001	53	3f4bc68825a2b18b79fdcd61f49972c6f5c7874c94d15f8480c8dfe7d4e5de6a	1
include/util/pps_http_msg.h	2377	83	be7e95e3ac66b440e91373018f6562e00658fa790e812d4b73061c6a7aae6dd7	1
include/util/pps_http_request.h	1807	73	93c267c23bf7176716e4ec2fc05a75050cf64a0045ba18e8dfcbb6e5b37d71ac	1
include/util/pps_ipaddr.h	772	38	32371131135002903e15661b97b75a26573449a90df3de4d3d5226f91f38eac7	1
include/util/pps_iwscan.h	1589	63	572b8e4ad2d2e42799fd664954b17481457878751c13d65e64cdba216122f677	1
include/util/pps_lstLib.h	2086	93	5798be2b808465377a4b8a269e2538bc72d840b70f3f40abbdedd7c65002c86c	1
include/util/pps_md5.h	814	40	31f3c587c3bcfc248111d66aa0cfffb93c2a3a782a443d8c22c06db7f95dfe9a	1
include/util/pps_mongoose.h	69410	2146	b72ece9af3245b00938ce937e11395451f119126fb365acf2db15a25dd7ba444	1
include/util/pps_net.h	2247	75	f203be2fdfe82094152bf3ff60bfa0f00f4a1989e4ec3b585835227ba8f607c5	1
include/util/pps_net_base_operate.h	10162	264	213d23eba53de61afb0c9c450edab842948e635d98f1604a8c0462bca3421a9a	1
include/util/pps_netconfig.h	5566	141	aa21bba0561bc8e2696eefa2830abc759933ff0468ef5fee28fcca11e7a3a995	1
include/util/pps_netif_status.h	646	28	7ef0f715992b989094112bdf98555d216a364d57b44dad55237d0d884c061b6a	1
include/util/pps_requests.h	2653	91	a3ad9cf477de7781cf19bbd94eecd0cccf764dc6cedb9b604014170be90bd189	1
include/util/pps_sha1.h	1010	41	45920a7d0d837b6077fb079a713ff44aa1ba9feb8972709ca068b755441d1b9d	1
include/util/pps_shell.h	2706	113	2a517832f5b374aae4bdee59f4f7d889934334377b3d7c7e671797ffb1c8e731	1
include/util/pps_slab.h	3495	139	024678732910914102e757f7b747c73f40be9ed1b78fe118f6cf07012a6e3e5e	1
include/util/pps_ssl.h	847	38	fe8c3af0ee886ec261c3173df877ece8bd809b2f14a3a97f12fc9c21d24446c0	1
include/util/pps_stdout_ctl.h	1000	58	d55876bba47f53962480bf12ce62a61671ee2cf6f9870d9ef9031ec71813fb30	1
include/util/pps_uptime.h	528	30	271faea253a9b8727cd3a3e1ea6d81251eff0ab2dfb31a35dbbe822a59a49472	1
include/util/pps_uri.h	1164	45	f2622afdffa0dbd99e26580de1a2775197aacf785be5e46c4b2be912c8e7b000	1
include/util/pps_util.h	1255	57	2f7aad84ba494974e5ab4a79fbbbb2dbd48be27aa8b84f8854b1a331cf3565e6	1
include/util/pps_workqueue.h	2137	94	59aea3b80bd9ddd32d1fe1365ab8f58dd939f0d87ac3007f94160c2447e0f6d8	1
include/util/pps_xxtea.h	772	32	190ce5f9b1a855119504bb91e430669ea98ac31ec1aa9a32c70f27e34b8c2294	1
include/util/pps_xxtea_file.h	650	32	24231cc843532a42af22c479f7aaab35a719de057441a90288d6a9129a345cd8	1
include/wpa_ctrl.h	25018	594	acf5311b77c97009f2a9c77eb1c39d8c3b3080cc6e2f34f560bc1396edca465d	1
include/zbar/Decoder.h	5454	193	a8bc75df0ae5a02dcdddf2cf3a68d620584de9c09896edc018b1997bf99d6439	1
include/zbar/Exception.h	4624	187	a03736b99de15ba008ce3e4ec105198f5e63e08cd64bdd0fac27188c74f75e33	1
include/zbar/Image.h	7808	290	3092ed5a080bcffefef4b5841196f64ccd6124c75534a135aa715640d706f264	1
include/zbar/ImageScanner.h	3755	130	064ab8e9befbb17cc780054ab6570376f8b0264f45bd6172cc9ee8ff5539b096	1
include/zbar/Processor.h	6967	223	d6356fa85798b3c78ad71d16e567b6c2d550f21fedf0d738877b1cb6c806a812	1
include/zbar/Scanner.h	4197	162	6150ef400e1d7d5f710b784099782316a04189cf8c43ca47169348569ac2c6e5	1
include/zbar/Symbol.h	10871	451	3ecd492023b4f30b6f7cbb735cdd00332933535b83f7b3ee752ea71c894ac4e0	1
include/zbar/Video.h	4442	170	6f74d29695cdfce8633df730d5812bd7d678bba52146f484b0d2609fe57017b6	1
include/zbar/Window.h	3741	136	d18057c8598b5ab37ab734545432bfc153eecbf8e992eae861910021cfad0193	1
include/zbar/zbar.h	47339	1312	dccf64c55738b08db8b47adf3cbcf09565f25abdb6b3fd9851fb72393f1fdabc	1
ipc_app/meari_ipc/CMakeLists.txt	58850	1374	0524469fc533f7d81f97d23538d2585a02f6b4cf8ffcb84a730405ef5b0be9be	0
ipc_app/meari_ipc/configs/pps_tp_config.json	107329	4388	efd9bf5ff768a0cb7253e1097ec1459df1742f911a179f861733cd9134bb4393	0
ipc_app/meari_ipc/configs/pps_tp_resolve	32672	93	3d9e5eb3409dbbf974cea00b864916281cc93e1b029d2ada62339588442d0cbd	0
ipc_app/meari_ipc/configs/pps_tp_resolve.sh	1751	64	314f581938ca375c9d9cb7330eb2653f9c4a09c9da61b517d0acb9d4218df45f	0
ipc_app/meari_ipc/configs/sounds/sounds-Chinese.tar.gz	99847	351	4ca5831b4ec0c320de2bcdfc8c91e872620d91ea88bffda0c8a63fffd8b11ce1	0
ipc_app/meari_ipc/configs/sounds/sounds-English.tar.gz	103171	383	a78f606b8b4d9641e65481e14f2e898d07d25ff704ee07a688255f555be238ac	0
ipc_app/meari_ipc/configs/sounds/sounds.xlsx	10534	31	3d316a9b80ac786805d31d30ca863b7e297608f4e2d188ddb67eb3c43d7d8ddc	0
ipc_app/meari_ipc/main/empty.cpp	0	0	e3b0c44298fc1c149afbf4c8996fb92427ae41e4649b934ca495991b7852b855	1
ipc_app/meari_ipc/main/pps_ap_v2.c	18231	564	085fb8f0664b16e4921c67ef11982dec743d78f9512ae011d71508dc90febe38	1
ipc_app/meari_ipc/main/pps_ap_v2.h	527	33	5d528d7e7c46e7a9ade8ca780271d6b56eec26a75dbf5152a907a9a0636a7600	1
ipc_app/meari_ipc/main/pps_api.h	2319	111	bbeffe18a7ed86c753a7cd2f8f6e9170917ab91ec17daed2f021b4d8864ac350	1
ipc_app/meari_ipc/main/pps_babymonitor_init.c	177800	5387	509a4b74d68466353615979167576176dd862ce49e27569ef8ac17579eb18da1	1
ipc_app/meari_ipc/main/pps_babymonitor_init.h	4406	165	df520751595610f9c0c47334bb3c10838b22e33e35f03d5036fe5e448ee6a208	1
ipc_app/meari_ipc/main/pps_ble_msg.c	25982	773	7eafbcff11cabb5f265c148a0e1e373c1819dd52e8d225418e5cc1404afabec4	1
ipc_app/meari_ipc/main/pps_ble_msg.h	3104	103	29ab45b7d86b04845d38163e09e4cb01f4a6e4494f6aa41fa9cdfa203592c430	1
ipc_app/meari_ipc/main/pps_bt.h	867	29	49ae1d19a5c62a0de7c97fabb76b4081e37102d5d58ba64ea8410f9bb4ce7ba9	1
ipc_app/meari_ipc/main/pps_button.c	8368	314	20837906f4359c741c8db9bc84d86d921f6114104cee52122605d49871380826	1
ipc_app/meari_ipc/main/pps_button.h	371	23	19f11c772704579b75784dfee4b5cccfeff6d7c00a329a42165a2513cfd84d59	1
ipc_app/meari_ipc/main/pps_common_bt.c	20557	680	97e2c07d5feccac1586fea69e503cb738d95297617a8bd278356bff654b7f71f	1
ipc_app/meari_ipc/main/pps_common_bt.h	812	24	7fd7862e25e5689e21c36c3128f9f26cbeda838c9ad9c167090510e15a534a84	1
ipc_app/meari_ipc/main/pps_dp.c	299277	8579	52c7b262a526d8c5a7bd7fc33bbfa14ef33ec57f455ab262e0962c707c44a2ff	1
ipc_app/meari_ipc/main/pps_dp.h	21473	369	cd4458240debb0c491f8d3437da4a15be2e8401781874008853077562c6ef3f7	1
ipc_app/meari_ipc/main/pps_flight_ctrl.c	889	37	779e809ac971b172317eed2d0f9fd22f63060ce625c1c225d254ec1737902947	1
ipc_app/meari_ipc/main/pps_flight_ctrl.h	529	30	d36e19d1eb77b9f80bddc443a03f2c29c1b5e9a924e3a64f6f045dee7e7ba123	1
ipc_app/meari_ipc/main/pps_hms.c	14275	516	fb1c36d164c04c2ead1960a207170d77252980fc8fb73a15ac585f6066fa1823	1
ipc_app/meari_ipc/main/pps_hms.h	964	52	1310d4760ebeb19222d0b26791dc14c9e5a2db1558e9340592c5db51f2dded44	1
ipc_app/meari_ipc/main/pps_ipc_sdk.c	89066	3013	902213c9aee83575f72df726159c85a11d3419714905422ebced7cfaf3570a79	1
ipc_app/meari_ipc/main/pps_led.c	15426	395	0f26f6e27a617ffca2effca27119c4e3d5e32bb783cf6de299d7bb47f458ee48	1
ipc_app/meari_ipc/main/pps_led.h	495	31	cf231d0cba8814e1194827d4919222e6454ff230a7f131a644ff3d7eff9128a6	1
ipc_app/meari_ipc/main/pps_log_redirect.c	5698	239	e94c5c04232a977fbc01b1b4820848af2ae104e665c3b424ef19023758cf29e6	1
ipc_app/meari_ipc/main/pps_log_redirect.h	272	20	83f4e6cc91b127242e989df4154505a7ab13160417bbfb26ac337b43f0ebc061	1
ipc_app/meari_ipc/main/pps_log_report.c	15188	574	ca8f4d192f986b298dc6e61bc5e72c34a075684ac26ade7ea8273b02654422f3	1
ipc_app/meari_ipc/main/pps_log_report.h	264	20	e8502c224ab6df9a09e1321c6e20ec67baf675af811b98aa8ab3fa3935dd6dae	1
ipc_app/meari_ipc/main/pps_music.c	2394	79	e1ee099e8153e6a117235f9a9db6caf6c1e3e608bd69aa2c11383a66e5fbe8c5	1
ipc_app/meari_ipc/main/pps_music.h	514	31	d232184cd5f3cf078612f382997da9ceaad2fdbcb214b1c20a6ad9c16187a91a	1
ipc_app/meari_ipc/main/pps_netmng.c	35739	1247	c2bf4853b5392833b9e549ef28053ef41e1a4430d2b760d4b9a5a5a6633feb2d	1
ipc_app/meari_ipc/main/pps_netmng.h	1147	46	6f5c227e6fff99ce46203cec8d158ab715a5f3c1175090a34d4e1f2f48d5e9b4	1
ipc_app/meari_ipc/main/pps_nkit_wlan.c	25451	754	5720e504ae415bb832e4161c1db9530dfb6fdf48dc8683d251f812cf78b61dad	1
ipc_app/meari_ipc/main/pps_nkit_wlan.h	1419	63	b386cec1f0f9aface2186560f99c1edcf2eed3e7a0e8def6d609675f1d16ad13	1
ipc_app/meari_ipc/main/pps_onvif_cfg.c	3202	134	294836dab0c75c9e1ea4a5a3042731dd33944d2ede19d3f33a0462b28beaee38	1
ipc_app/meari_ipc/main/pps_onvif_cfg.h	462	29	84ddac3a441776f40c3504ec406c1c6b14ba723f53f737dde40b46788f921915	1
ipc_app/meari_ipc/main/pps_pet.c	10903	377	3f5c257ce4b5ca98ce7181ce5bf31c3568416f34fc535f9a109a8a5e797d1916	1
ipc_app/meari_ipc/main/pps_pet.h	933	46	32d092e5063e98942b729ff4e81294ec7f8726e7fb1754529dedfe7dd52a6c7f	1
ipc_app/meari_ipc/main/pps_playback.c	36412	924	a2970f577383d1cbfcc5af0d3c49d8a7a90db7c8968932a53d4048b69fa447d8	1
ipc_app/meari_ipc/main/pps_playback.h	3642	135	1a09eab624d42f88b2d197de6f19299dc4da3e7c44638e0982786fe4e9300409	1
ipc_app/meari_ipc/main/pps_ptz.c	4258	175	8a48728a453b49b8e8f0424f58aa282f6f738cd08e07af1e9ce0f2b0f209529e	1
ipc_app/meari_ipc/main/pps_ptz.h	527	35	f1025a423f33e056b6e764fef403145259117d05bb42d410e812ab8b3333e526	1
ipc_app/meari_ipc/main/pps_rotation.c	2826	110	be0e8ace590c54b6654a3715fb79a7e4f51fef0c46ca642b9a412d4510a14fac	1
ipc_app/meari_ipc/main/pps_rotation.h	717	41	d74b2406467b205e188e06395e0cae0d8599e7bef95e6c21717f763f872cbdec	1
ipc_app/meari_ipc/main/pps_settings.c	36071	1228	d7ba59b922e7581c1328cddbe1d700ae1a577be516d75f7f602f328f2445fa15	1
ipc_app/meari_ipc/main/pps_settings.h	907	41	9ce65b3159a83a7103825c5ca9e1d74f046862785809ddbdcc882d5818d8eea7	1
ipc_app/meari_ipc/main/pps_uart_zoom.c	35278	1384	3351dcb776b678eba86d64fa45144b48cc5a062c856f86ab0361d60211ee09bb	1
ipc_app/meari_ipc/main/pps_uart_zoom.h	2364	121	15fd60d9abf745d67adbe4f099028dfb8612d6d9873f388be0c26130eba36211	1
ipc_app/meari_ipc/main/pps_white_light.c	6673	207	dc89ab477fbcc9979b2f346b29dd66b749163f10cdcef6a2b2b77ccfdc3e3c0b	1
ipc_app/meari_ipc/main/pps_white_light.h	498	32	fad4e0ae2d6ce0d3fdb5fe419ce6757c32dda7c71072ffb6bbf61145ec1e9890	1
ipc_app/meari_ipc/main/ppsall_init.c	167305	5568	f5f6587c936d338dfd031feb68043ef6fa47be39631333f10ac69b1ef7c3953d	1
ipc_app/meari_ipc/main/ppsall_init.h	4663	212	914a9c294d25d8215963b17c54e57c41bc2374188deb6bb539d79bfed6bfe043	1
ipc_app/meari_ipc/main/ppsapp.c	7115	163	9e1aba4fe3cc531a87394b140f95381756ab74fa701315de22808ea210a48646	1
ipc_app/meari_ipc/main/wificfg_bt.h	737	38	8d39db9ddd7f5ab5fc8563a4a2199c205fd06df89e121195f5de425edbb8f98a	1
ipc_app/meari_ipc/meari_platform.conf	593	37	bede3d749cfe8db02d56356d8aa1070dc14d6a47685d0102e7b2c585bf23d791	0
ipc_app/meari_ipc/meari_software_platform.conf	782	54	17d7fa1be8cd5b04aac8278e36f23f28602a0645af7e664c21604a9b4aabf7dc	0
ipc_app/meari_ipc/mkprj.sh	22078	512	60c191720d0123aa1ac69e89cc1e281e957c0ceb7866550ce36889a9d4b88efb	0
ipc_app/meari_ipc/mkprj_ai.sh	26565	648	3e4abe91f1f0f6cbb4e02f01765d3f52949b738f4c0893d3fc89fc8cceb92aee	0
ipc_app/meari_ipc/scripts/buildconf/all_platforms.conf	627	50	ee4ef63af30777ff1880c2454e9111735f902c8a17e509b0455867ec29363276	0
ipc_app/meari_ipc/scripts/buildconf/platform_a2-m_neutral.cmake	1429	33	09a46e61033b4cac64b1463dba08abdc5ed5c95f11485fac3e2b9cd8ddf69511	0
ipc_app/meari_ipc/scripts/buildconf/platform_a3-m_arenti.cmake	1586	37	6129896fbe89fae82a13f680c39f24b1f6b03659657e81ab8c3bb5f693f38f54	0
ipc_app/meari_ipc/scripts/buildconf/platform_a3-m_neutral.cmake	1548	35	4eb52ce68f6f8960a4113070cecf90a9393d79a82e12dc157a46947dad4b6d25	0
ipc_app/meari_ipc/scripts/buildconf/platform_a3-m_rubetek.cmake	1704	38	61f255f35b0d7e739a8e8de3300c2e0260702960f96cacae1a7b747833c2708f	0
ipc_app/meari_ipc/scripts/buildconf/platform_a3-s_meari.cmake	1392	32	ce819e9271982a8bbc0eaa0edab2a0afa535e49f80b7c776f10b4af79a4b251f	0
ipc_app/meari_ipc/scripts/buildconf/platform_a3-s_neutral.cmake	1392	32	b7ecc7a5b2a74d946dda4bb2cf13ee7fe9053d166e0cf803d8caabbccdacd1e3	0
ipc_app/meari_ipc/scripts/buildconf/platform_a4-m_globalinet.cmake	1594	37	df9a274f900fd13e27b9e198ef31de73de930576d2b03d647d42d95f90bd3779	0
ipc_app/meari_ipc/scripts/buildconf/platform_a4-m_neutral.cmake	1739	38	4570bbe1c73104004ce740e413dcecbf4f4305423ad6e366e547439ff8197c81	0
ipc_app/meari_ipc/scripts/buildconf/platform_a4-s_neutral.cmake	1471	33	620123e27ae9afcfa05a6d8126842115997695f7d288976047306532e25bccd8	0
ipc_app/meari_ipc/scripts/buildconf/platform_a5-m_general_a1.cmake	1899	42	65a68f610c2a02c98cab60636b643588cf45ccb2fbb0cae028568c69a2ad2c76	0
ipc_app/meari_ipc/scripts/buildconf/platform_a5-m_interbras.cmake	1515	35	d531b4b86774fbb44421b3adf2a335ae20502ada106dacfe85cd320848369c29	0
ipc_app/meari_ipc/scripts/buildconf/platform_a5-m_neutral.cmake	1819	40	2d4f268baf7ad6bc0521b77bf10a9a159a52a0d5004050c203b91e7f25356461	0
ipc_app/meari_ipc/scripts/buildconf/platform_a5-m_orvibo.cmake	1948	44	88646d4dd62283fca938f6a26db1718e052fda7ff279c6f3ca3eb999aaca0ce7	0
ipc_app/meari_ipc/scripts/buildconf/platform_a5-m_rubetek.cmake	1637	37	ab5f01e70982652e94f535dccb11fd5024096860a3cb959f52905a23cd76acb0	0
ipc_app/meari_ipc/scripts/buildconf/platform_a5-m_vacos.cmake	1602	38	8dadd032dff0d3eb06c4ec765e2d15653c2e600ab36b2595c9b83ba967418d0d	0
ipc_app/meari_ipc/scripts/buildconf/platform_a5-s_awox.cmake	1466	34	d62f7dafa31d334db05b74512ee9577b9a22016c31ae5292344f88e4e6104ffd	0
ipc_app/meari_ipc/scripts/buildconf/platform_a5-s_awox_general.cmake	1507	35	87cdcce48fff3dd3bbf4bb91ba98fb0e61e72f76e7b2491f7bae901c70d1e1e9	0
ipc_app/meari_ipc/scripts/buildconf/platform_a5-s_interbras.cmake	1471	34	5cbd10b4c98ee13cf1b6caede81b1b96d051db5d4f73c7f4056ce2bd8f62a478	0
ipc_app/meari_ipc/scripts/buildconf/platform_a5-s_neutral.cmake	1431	32	bad485ff2b2e20321399c27274f2409d76abe5a7d2f270c6202083c088b467ce	0
ipc_app/meari_ipc/scripts/buildconf/platform_c101a-m_neutral.cmake	1710	39	834cf801c043d07d85fd4cd725a4bd077fddd7a7031a928bd5933c882ecd485a	0
ipc_app/meari_ipc/scripts/buildconf/platform_c101b-m_neutral.cmake	1711	39	315a79896ec2603efc00568ea0318bc6962209f0d435c2ce5d44a45c3b93afdb	0
ipc_app/meari_ipc/scripts/buildconf/platform_c2-m_extel.cmake	1540	37	376a7883164644af4bdcc66041a138c4a79f9ac3c77862c5b956bc2995c13e26	0
ipc_app/meari_ipc/scripts/buildconf/platform_c2-m_neutral.cmake	1503	35	b6de202765472a1358aab405936a511f242f3c2273afe693ce4a0d1c733b926f	0
ipc_app/meari_ipc/scripts/buildconf/platform_c301a-m_neutral.cmake	1629	37	9c9fe9eadeee5a7ba5ecfbe22dd1fbdcff7a21294c76cb98d906b1fe6c8dce2d	0
ipc_app/meari_ipc/scripts/buildconf/platform_c301b-m_neutral.cmake	1630	37	9fe0f4713c2258ff4d3db09e1ad63b1438f180c9a07bd180e46eb8ee09e4cae0	0
ipc_app/meari_ipc/scripts/buildconf/platform_c302b-m_neutral.cmake	1668	38	691834ab9543bad61ef46f7b6bfc4e7467d9e2dafd36dc7be8ae6c1da0c3b5cd	0
ipc_app/meari_ipc/scripts/buildconf/platform_c303a-m_general_r4.cmake	1748	40	96d5b7c97d4dc4b9f0305ba3fe01d7551c4e4c865095cc0083ce532522533665	0
ipc_app/meari_ipc/scripts/buildconf/platform_c303a-m_neutral.cmake	1668	38	691834ab9543bad61ef46f7b6bfc4e7467d9e2dafd36dc7be8ae6c1da0c3b5cd	0
ipc_app/meari_ipc/scripts/buildconf/platform_c303b-m_general_a1.cmake	1748	40	11ca5b91fee4eadd21eb7f447f33430d6304e7ced0c90afb0a55ef03e11693e5	0
ipc_app/meari_ipc/scripts/buildconf/platform_c303b-m_general_a3.cmake	1748	40	11ca5b91fee4eadd21eb7f447f33430d6304e7ced0c90afb0a55ef03e11693e5	0
ipc_app/meari_ipc/scripts/buildconf/platform_c303b-m_general_c1.cmake	1748	40	13db908d4ac395ed23e58edd4929b35e63580137644e72bfa8e2ed518b6d80f2	0
ipc_app/meari_ipc/scripts/buildconf/platform_c303b-m_general_r4.cmake	1748	40	96d5b7c97d4dc4b9f0305ba3fe01d7551c4e4c865095cc0083ce532522533665	0
ipc_app/meari_ipc/scripts/buildconf/platform_c303b-m_neutral.cmake	1668	38	691834ab9543bad61ef46f7b6bfc4e7467d9e2dafd36dc7be8ae6c1da0c3b5cd	0
ipc_app/meari_ipc/scripts/buildconf/platform_c4-m_neutral.cmake	1469	34	052aa230ce5e1feefe8422aead4abaf977cf8006f8b5fd3712b35b457ff8e732	0
ipc_app/meari_ipc/scripts/buildconf/platform_c401a-m_neutral.cmake	1513	34	d21bf9dca3ca52271197d3c1b90dd9cb898614b1479fa91c0035e34a3674742f	0
ipc_app/meari_ipc/scripts/buildconf/platform_c401a-s_neutral.cmake	1513	34	d21bf9dca3ca52271197d3c1b90dd9cb898614b1479fa91c0035e34a3674742f	0
ipc_app/meari_ipc/scripts/buildconf/platform_c401b-m_general_a1.cmake	1591	36	26f50524509560a4f91c84dec283977ec7f78cb2933c2bba50018be049afb51c	0
ipc_app/meari_ipc/scripts/buildconf/platform_c401b-m_general_a2.cmake	1632	37	44f5eaef7795b1bbd39ba512a2339ca2ec971f55a493fe176343214dd9c3cf64	0
ipc_app/meari_ipc/scripts/buildconf/platform_c401b-m_general_c1.cmake	1591	36	ea47ccb8c198dcd080e2e12f95dd9f6268a55f48882042a070e793e095ca369d	0
ipc_app/meari_ipc/scripts/buildconf/platform_c401b-m_general_star_a1.cmake	1783	41	110340053c0a20984ccf2d32a892e8426579ba9003fd0081247a99303b704839	0
ipc_app/meari_ipc/scripts/buildconf/platform_c401b-m_neutral.cmake	1744	39	4b6cc33a194f5364ba1bf31b637faeccd892d5a361efd7926536d03964b92213	0
ipc_app/meari_ipc/scripts/buildconf/platform_c401b-s_awox_general.cmake	1591	37	474724ba39b93613d6b396451db81187fc3b759e3d75b2e316f42de95ba8b2b7	0
ipc_app/meari_ipc/scripts/buildconf/platform_c401b-s_neutral.cmake	1513	34	d21bf9dca3ca52271197d3c1b90dd9cb898614b1479fa91c0035e34a3674742f	0
ipc_app/meari_ipc/scripts/buildconf/platform_c404a-m_neutral.cmake	1630	37	d7d8c2612bcde6e88493fe8bd6f61fe3e6160a1f96195d9825832bc6888e8b98	0
ipc_app/meari_ipc/scripts/buildconf/platform_c405a-m_neutral.cmake	1710	39	834cf801c043d07d85fd4cd725a4bd077fddd7a7031a928bd5933c882ecd485a	0
ipc_app/meari_ipc/scripts/buildconf/platform_c408a-m_neutral.cmake	1710	39	834cf801c043d07d85fd4cd725a4bd077fddd7a7031a928bd5933c882ecd485a	0
ipc_app/meari_ipc/scripts/buildconf/platform_c40ba-m_general_a1.cmake	1790	41	c0fb552ae5f65d97503c941dbab341c5487f922eae67fab7450ede8773258eae	0
ipc_app/meari_ipc/scripts/buildconf/platform_c40ba-m_general_bsd_a1.cmake	1830	42	bfc36d56218d4bd9faf0027a0d8746733173d5a01fef71630d0795365a0e2aca	0
ipc_app/meari_ipc/scripts/buildconf/platform_c40ba-m_general_c1.cmake	1981	44	e00902e36f42adc97c9c712d9f3d3280580e1ef58f0de3dd1176ee73fb558b94	0
ipc_app/meari_ipc/scripts/buildconf/platform_c40ba-m_general_h1.cmake	1790	41	d05179b834780367ba04a09d920cf646b42d791e390496a2a366fff411f77ea1	0
ipc_app/meari_ipc/scripts/buildconf/platform_c40ba-m_neutral.cmake	1901	42	f11dc7484b327bdd6516e62717b07117924ff1926d9b3513b2d66e1bca64e9ad	0
ipc_app/meari_ipc/scripts/buildconf/platform_c40bb-m_general_a1.cmake	1790	41	c0fb552ae5f65d97503c941dbab341c5487f922eae67fab7450ede8773258eae	0
ipc_app/meari_ipc/scripts/buildconf/platform_c40bb-m_neutral.cmake	1710	39	834cf801c043d07d85fd4cd725a4bd077fddd7a7031a928bd5933c882ecd485a	0
ipc_app/meari_ipc/scripts/buildconf/platform_c40ca-m_general_c1.cmake	1980	44	b3357164fba4174a875352a5a38d887ce47081b830f5871cb8c08214c6b1b68d	0
ipc_app/meari_ipc/scripts/buildconf/platform_c40ca-m_general_pet_8733.cmake	2144	48	75e784fc0770db3f40f6434c063c9102c9655cee0b51502234296ee76bf7bb26	0
ipc_app/meari_ipc/scripts/buildconf/platform_c40ca-m_general_pet_r4.cmake	2263	51	5504bb6ce084d6a5c14bfd616fa32bcbfe10d0297cdf04eb60c872c99d98188f	0
ipc_app/meari_ipc/scripts/buildconf/platform_c40ca-m_general_r4.cmake	1980	44	f8b3d31252aaa6f99635ff1222ec7f4f60e9db8d21e5f17c58748fb1ae941f22	0
ipc_app/meari_ipc/scripts/buildconf/platform_c40ca-m_neutral.cmake	1900	42	966b43f905237625402f47dfc1b97bac7637e7780173b3de190e00f54274d2b1	0
ipc_app/meari_ipc/scripts/buildconf/platform_c40cb-m_neutral.cmake	1710	39	834cf801c043d07d85fd4cd725a4bd077fddd7a7031a928bd5933c882ecd485a	0
ipc_app/meari_ipc/scripts/buildconf/platform_c40de-m_neutral.cmake	1599	36	ab83388753d1b9d53a4efd914c76b57dcd153e9edf819fabb56be9a715cedb80	0
ipc_app/meari_ipc/scripts/buildconf/platform_c5-m_arenti.cmake	1497	35	abc03df759c188e1bccb9f13236a46de3bb6331810c5d4fb9c5ed87d41733e6b	0
ipc_app/meari_ipc/scripts/buildconf/platform_c5-m_neutral.cmake	1497	35	abc03df759c188e1bccb9f13236a46de3bb6331810c5d4fb9c5ed87d41733e6b	0
ipc_app/meari_ipc/scripts/buildconf/platform_c5-s_arenti.cmake	1458	34	c86f96875f06ac46a499af1164e1c647448a3221353cca2b17ae22a76a532877	0
ipc_app/meari_ipc/scripts/buildconf/platform_c5-s_neutral.cmake	1458	34	c86f96875f06ac46a499af1164e1c647448a3221353cca2b17ae22a76a532877	0
ipc_app/meari_ipc/scripts/buildconf/platform_c51-m_arenti.cmake	1440	33	99ca1b01e242639ba36870563945b45e276efbb7748ea128610479ba475a3815	0
ipc_app/meari_ipc/scripts/buildconf/platform_c51-m_chacon.cmake	1515	34	a3a1d29922dac40d08ea27b1643fcfb7e72d028ab24fdedd5dbbbc53a34f01cf	0
ipc_app/meari_ipc/scripts/buildconf/platform_c51-m_isiwi.cmake	1446	33	23fdeacfb535b255a82df9306395ea39e9f979fadad5bf5d0b998172f46c96f8	0
ipc_app/meari_ipc/scripts/buildconf/platform_c51-m_neutral.cmake	1446	33	23fdeacfb535b255a82df9306395ea39e9f979fadad5bf5d0b998172f46c96f8	0
ipc_app/meari_ipc/scripts/buildconf/platform_c51-s_arenti.cmake	1401	32	469145c2a6483ad2e75982cbc3a62ed1c9d7bbbcd2184c47ed61c5c5bb96dd26	0
ipc_app/meari_ipc/scripts/buildconf/platform_c51-s_awox_general.cmake	1483	35	6094e347f64e136d89381f110f441e4ef6540abe6366a21acb4a282f83e947fe	0
ipc_app/meari_ipc/scripts/buildconf/platform_c51-s_interbras.cmake	1452	34	1d54c8e6f2b6052e8ba56cd86f175367847df9e56c26e7d5420d94991d5b15e9	0
ipc_app/meari_ipc/scripts/buildconf/platform_c51-s_neutral.cmake	1406	32	63fdd4f53bdd0750f187a1a913f36b66e7107ee98ebd2b1174a08190d08a8894	0
ipc_app/meari_ipc/scripts/buildconf/platform_c7-m_arenti.cmake	1624	38	a78bd8ec8ea7727a11817898a192b4dbee15eb09b1b4aa31b53a7c902d0c91b8	0
ipc_app/meari_ipc/scripts/buildconf/platform_c7-m_neutral.cmake	1507	34	1105f73568bb3e555117853bd3c6f3fda4b893a3d83390309fd8da07dc913017	0
ipc_app/meari_ipc/scripts/buildconf/platform_c7-m_orvibo.cmake	1639	38	d5eab3865dc364eb24af5d05fd3858798c0ab9e241f3c67c24abc1167fddc461	0
ipc_app/meari_ipc/scripts/buildconf/platform_c7-m_soaon.cmake	1363	31	fdd47231eed675cb3d8f6bac9fa28d0f3f2b1f61153da90869fea9f213c1dbd4	0
ipc_app/meari_ipc/scripts/buildconf/platform_c7-m_vacos.cmake	1603	38	0cdbc62bbb8b2ef8a17cf688ceaa31265fe8c8db485be4244677e82dc4b9ee10	0
ipc_app/meari_ipc/scripts/buildconf/platform_c7-s_neutral.cmake	1469	33	4648e777088f474951776faf9aebd9cd1894d09235fc76a172fd0c1cd3466c09	0
ipc_app/meari_ipc/scripts/buildconf/platform_c7-s_soaon.cmake	1324	30	0f00c19a996e5c72ff39297c0ace1c760d4b5cb1c157db3ffbeb3068fa9fc5de	0
ipc_app/meari_ipc/scripts/buildconf/platform_c7-s_vacos.cmake	1564	37	f5c1ae9849f49f2cb889311b04cc7f85c00507eb3446e95c9c446903faa33f75	0
ipc_app/meari_ipc/scripts/buildconf/platform_c7-s_xtest.cmake	1428	32	16b593256db00f21d92cf5402ceea4f84293877b33a8bcfa672feca679517de3	0
ipc_app/meari_ipc/scripts/buildconf/platform_c71-m_arenti.cmake	1628	38	136f957a728eb3a888e64a19d2ee49ff2ed211227422f9167f24efa912e06d21	0
ipc_app/meari_ipc/scripts/buildconf/platform_c71-m_interbras.cmake	1511	36	1449f2d47007ee58b5b64a0c7df7cf7d663dc8c484e4793f835318b1a7b5d147	0
ipc_app/meari_ipc/scripts/buildconf/platform_c71-m_neutral.cmake	1551	35	b7f7ba4b69b33c368a0f4f642711c86f2d9ce1e3527c91cf94a190a62a350707	0
ipc_app/meari_ipc/scripts/buildconf/platform_c71-m_orvibo.cmake	1682	39	3ee2cf25ac2ac838bd74f0fb506ca7ed38dca908063d6fc008c739f176cc1094	0
ipc_app/meari_ipc/scripts/buildconf/platform_c71-m_stroer.cmake	1564	35	0d64c063484fe6d8d20424295df0551a75f9b15fcc9fe915981efdff7d1d2634	0
ipc_app/meari_ipc/scripts/buildconf/platform_c71-s_interbras.cmake	1472	35	a00b31fce52e15f8513e634dc682fbeba597b6295258a66c4130d55d7ae85fa6	0
ipc_app/meari_ipc/scripts/buildconf/platform_c71-s_neutral.cmake	1431	32	bad485ff2b2e20321399c27274f2409d76abe5a7d2f270c6202083c088b467ce	0
ipc_app/meari_ipc/scripts/buildconf/platform_c71-s_stroer.cmake	1330	30	9cc89aa898fc787482b8977063cb3e4a8efd78f2a40cbb33cd3424647162c92b	0
ipc_app/meari_ipc/scripts/buildconf/platform_c9-m_general_baby_ap.cmake	1631	37	4c90a0ef9627a1b83fd66593ff6f59da848546f643e7b64cdad4c9538292a4d5	0
ipc_app/meari_ipc/scripts/buildconf/platform_c9-m_general_baby_sta.cmake	1742	39	3e7f14c79a2cfb8f164abd78ce65b28d369d3c99e94bd881a8388d89af5fa6e4	0
ipc_app/meari_ipc/scripts/buildconf/platform_c9-m_general_eti_baby_sta.cmake	1849	42	f15b210a592f10e910c83ac6db67ff9e7c5a479ea131f7b1c37dd269511354da	0
ipc_app/meari_ipc/scripts/buildconf/platform_c9-m_general_uniden_baby_ap.cmake	1668	38	eefc3ee58bf00694319611f990b41bdc2b6bcc015e5e4c084138236425234edb	0
ipc_app/meari_ipc/scripts/buildconf/platform_c9-m_general_uniden_baby_sta.cmake	1779	40	2c18aa649180f8274ff46f6a84a87ee7d057957773758472e0bdc5765922a6cc	0
ipc_app/meari_ipc/scripts/buildconf/platform_c9-m_neutral.cmake	1510	34	b02d559f80e6ede3d35370bce37c4c7c6a300cf12a3565a974440e56cedb92b6	0
ipc_app/meari_ipc/scripts/buildconf/platform_c9-s_general_baby_ap.cmake	1592	36	71ddc37102b831334819b35f51d77291e17b1f4bc3fd46d36068d18db88cf0ec	0
ipc_app/meari_ipc/scripts/buildconf/platform_c9-s_general_baby_sta.cmake	1703	38	d59fd926608b33d0a2e077730ba052df9dea4daeeb6a36b50cbded9a28c1b307	0
ipc_app/meari_ipc/scripts/buildconf/platform_c9-s_neutral.cmake	1390	31	fa3257c0c83fb2e25f19e23bba4a5f478b26881f514f265eb7c025a41cd7e772	0
ipc_app/meari_ipc/scripts/buildconf/platform_c91-m_neutral.cmake	1470	33	57b7011a7fd3a47a8a1489d7ab9435a0551f14dd97fda8ec9388c9a1df52acc3	0
ipc_app/meari_ipc/scripts/buildconf/platform_c91-s_neutral.cmake	1391	31	fb4e6711f79a7d0f6f894bd7422ee0729d756ae20241a453501adeeaf4f3d0bf	0
ipc_app/meari_ipc/scripts/buildconf/platform_c92-m_general_a1.cmake	1938	43	cf2de80dbf10bd084623959b4db0d9563d8ba4e4ea88fef7c5929376524dfe9e	0
ipc_app/meari_ipc/scripts/buildconf/platform_c92-m_general_baby_ap.cmake	1667	38	ce95d0836d4e7c67d0d982974d53ab0ed3225aa1f2a0c8c8e3a693d1726d7139	0
ipc_app/meari_ipc/scripts/buildconf/platform_c92-m_general_baby_sta.cmake	1778	40	3aceaeb715bf5f1f6ef9213aa0cf3d64b30710f7359fadb7a98fd49031389b98	0
ipc_app/meari_ipc/scripts/buildconf/platform_c92-m_general_orvibo.cmake	1761	41	6650d583c98d3cad13b8365e887ba90827b5760ddcdd5387276c79893826f3d8	0
ipc_app/meari_ipc/scripts/buildconf/platform_c92-m_general_pet_8733.cmake	1979	44	dd09db76e44e7f34ab7375160b4b0bca3abf15143efd23f91a12b2a9add338f7	0
ipc_app/meari_ipc/scripts/buildconf/platform_c92-m_general_pet_feed_8733.cmake	2019	45	80da83c30c5cbec50e9e760c043c1194b83da067090ca0c74add4934a5fb1faa	0
ipc_app/meari_ipc/scripts/buildconf/platform_c92-m_general_uniden_baby_ap.cmake	1704	39	224e5eaeb3ffa2655e383a2697fc4508766c9862075b051b3388463208a0ae62	0
ipc_app/meari_ipc/scripts/buildconf/platform_c92-m_general_uniden_baby_sta.cmake	1815	41	dc01cd6e8e0d0df174ffeac7f437a1f71e444aea4c57af33a3266845cefb6ba2	0
ipc_app/meari_ipc/scripts/buildconf/platform_c92-m_neutral.cmake	1859	41	28f844b64c81dd40d9fb8da07c0da189be194c0bba8d6b5f05eeeecbac011215	0
ipc_app/meari_ipc/scripts/buildconf/platform_c92-m_orvibo.cmake	1951	44	2f4a1ae1c388e18c9735f0a2692ab7c23f65e9b326b752ab62927ad57b6558fb	0
ipc_app/meari_ipc/scripts/buildconf/platform_c92-s_general_baby_ap.cmake	1593	36	b478588919ced3c78f8fef544935324d305de082278b4640f02f0472d294aaeb	0
ipc_app/meari_ipc/scripts/buildconf/platform_c92-s_general_baby_sta.cmake	1704	38	dee09a2bef8ee69c7bc72bc4eeb86b033b36efde6ea836b317e66f073dadb952	0
ipc_app/meari_ipc/scripts/buildconf/platform_c92-s_neutral.cmake	1389	31	08a3852b9c8107e9c0615f20ab58a969094ada4338e0eb23e14c48f2004d7917	0
ipc_app/meari_ipc/scripts/buildconf/platform_c93-m_neutral.cmake	1820	40	86b3706beceadca4ae8953a5caa17a73b7cabc4bf90cbd51fa61bdd0a9003dfc	0
ipc_app/meari_ipc/scripts/buildconf/platform_c93-s_neutral.cmake	1389	31	08a3852b9c8107e9c0615f20ab58a969094ada4338e0eb23e14c48f2004d7917	0
ipc_app/meari_ipc/scripts/buildconf/platform_c94-m_general_a1.cmake	1670	37	2c7e14b9ef8ed17dd5c867bff39c577e358a3dfda066a48240d457867de3a2ec	0
ipc_app/meari_ipc/scripts/buildconf/platform_c94-m_general_baby_ap.cmake	1632	37	8cedcba178ed3da62559038dc2ae7cada5e54ef98ca3b472d6289c480038cd05	0
ipc_app/meari_ipc/scripts/buildconf/platform_c94-m_general_baby_ap_a1.cmake	1712	39	33bc494e3d4998bda1cdf35993bb54275dcf199d5254c5b5a4af7422174b2596	0
ipc_app/meari_ipc/scripts/buildconf/platform_c94-m_general_baby_sta.cmake	1743	39	1fff437f975811efebcb4c88953f2620059ecf6a66323ee66fb20dc52e67395b	0
ipc_app/meari_ipc/scripts/buildconf/platform_c94-m_general_baby_sta_a1.cmake	1823	41	c8ffbdf3bf79ccfeedeeab9d7735f0872c22b2c15b10e89d056006804c591eb1	0
ipc_app/meari_ipc/scripts/buildconf/platform_c94-m_general_boifun_baby_ap.cmake	1670	39	fb23ae58c25d5634de5f0fc34fc2244ad4f2ce5ed21feafb8f51634f4d8b4849	0
ipc_app/meari_ipc/scripts/buildconf/platform_c94-m_general_boifun_baby_sta.cmake	1780	40	de366e28a2a1408bdd0d9d6ea23c33fa5e6194c472f817582e7f8cfc9647c0a8	0
ipc_app/meari_ipc/scripts/buildconf/platform_c94-m_neutral.cmake	1553	35	5a57774642d59809ad6ada6052d6c299a979bbe22b3b4700c5f042c16ae98b5c	0
ipc_app/meari_ipc/scripts/buildconf/platform_c95-m_general_a1.cmake	1591	36	26f50524509560a4f91c84dec283977ec7f78cb2933c2bba50018be049afb51c	0
ipc_app/meari_ipc/scripts/buildconf/platform_c95-m_general_a3.cmake	1591	36	26f50524509560a4f91c84dec283977ec7f78cb2933c2bba50018be049afb51c	0
ipc_app/meari_ipc/scripts/buildconf/platform_c95-m_general_pet_6032.cmake	1744	39	8cef4c9bb5fe11f21b4cc1cd3210678f8e1c22733a4ea8ccf477b0b79818b498	0
ipc_app/meari_ipc/scripts/buildconf/platform_c95-m_general_pet_8733.cmake	1863	41	183edae1060798d946f92f1c1318a4a5a13a601e0154d9c5f4db90cf995d03b3	0
ipc_app/meari_ipc/scripts/buildconf/platform_c95-m_neutral.cmake	1827	40	563bad07b9c9a7a07432413e9ecfee30b389432f7f72cfb3482be7e1021d8515	0
ipc_app/tuya_ipc/CMakeLists.txt	80643	1526	696c3fcb33f07138cd59cad8a8be224fa89bb58e5350a182859cd1d5018c1d65	0
ipc_app/tuya_ipc/cmake_config/a3-tuya2_aiguang.cmake	2111	47	4ee91191025f2ba0ebc90121960322aa9a92bdf875e2144753fe86986cb61645	0
ipc_app/tuya_ipc/cmake_config/a3-tuya2_alfacomex.cmake	1942	45	763babcc90d86c49ec6d99bf62df30096cd1c26b616df3d1322553f7c1b429c0	0
ipc_app/tuya_ipc/cmake_config/a3-tuya2_bardi.cmake	2236	52	e69a48b660618c4452ec261974ae3e879eecb096ab4f3a470146c60b128c786b	0
ipc_app/tuya_ipc/cmake_config/a3-tuya2_ebusinessuk.cmake	2170	50	463e3033ca40431d172c8a3236f8d8740d6b87e35fea400320016b164c0fb340	0
ipc_app/tuya_ipc/cmake_config/a3-tuya2_ekf.cmake	1944	45	1969b71a9000e94a16aff9377e8653bd82eec0387a5d8f21c90618616e578bae	0
ipc_app/tuya_ipc/cmake_config/a3-tuya2_feit.cmake	2044	46	0020937e483906557e1d86538b309f01b5942243e704ec924e3675e0af7b15a5	0
ipc_app/tuya_ipc/cmake_config/a3-tuya2_jfl_alarmes.cmake	1986	45	21cda6f3ace829768b447530b949721617ae8af2b8da3efd6772ee1a2ef12956	0
ipc_app/tuya_ipc/cmake_config/a3-tuya2_kyung.cmake	2097	50	6af434bffced74779b12fb6916f0707c5cc8af56aa42b5d7ec5ecf534705e88b	0
ipc_app/tuya_ipc/cmake_config/a3-tuya2_lts.cmake	2049	47	f420c00d288bca2575905aedaa6c9c6fd3dbb1e975ac60315a603fb902a914ae	0
ipc_app/tuya_ipc/cmake_config/a3-tuya2_merkury.cmake	1979	45	cb830c99722c2f56a42b7ea4d99d1ed34fe7989e3809a350a08459b5bf92845e	0
ipc_app/tuya_ipc/cmake_config/a3-tuya2_std.cmake	2146	48	3ceacbd55194486adbf774d913737d54a71b6638e6d0d37eb7d76a2e06c11040	0
ipc_app/tuya_ipc/cmake_config/a3-tuya2_vimar.cmake	2268	51	ed5b8fe7e14753c427a1624731eaf05557c72995f1cfcf8faa8e29b129127e99	0
ipc_app/tuya_ipc/cmake_config/a3-tuya2_yaotai.cmake	4183	113	5780c76c8841a981dc779177d57e457f670d2572e4b3f4a1bc0b13b788aafb75	0
ipc_app/tuya_ipc/cmake_config/a4-tuya2_link2home.cmake	2092	48	2ce34e7e66c1b0372337d1ba948a8ac833637974e436352220ba8a852e884af1	0
ipc_app/tuya_ipc/cmake_config/a4-tuya2_lts.cmake	1873	44	0565c54c63189a6752e9eee611ac9197a9a8396c13b2aecc5824d6702ca14f77	0
ipc_app/tuya_ipc/cmake_config/a4-tuya2_std.cmake	1873	44	0565c54c63189a6752e9eee611ac9197a9a8396c13b2aecc5824d6702ca14f77	0
ipc_app/tuya_ipc/cmake_config/a5-tuya2_airam.cmake	2204	48	e42152515ea5402111bc10d29b5e391266b91279f8228c1f06960fa23c9ed80d	0
ipc_app/tuya_ipc/cmake_config/a5-tuya2_asbisc.cmake	1981	46	dd72bc7db991ac8487d94bb0d12cbcf88031e86b0212bf847734c193670c5313	0
ipc_app/tuya_ipc/cmake_config/a5-tuya2_bardi.cmake	2234	52	89f89abd878eccb53b78273dd82847a8c56e7b6463ad190813e5a4850b1bac39	0
ipc_app/tuya_ipc/cmake_config/a5-tuya2_feit.cmake	2152	48	09d8f7ade1e820934f1b094c1a985efe88c0ee26f3ac0cae44d78c3ec2297ac1	0
ipc_app/tuya_ipc/cmake_config/a5-tuya2_general.cmake	2055	47	6075b85428b26db4fad8d4f7f9d4bb47c88e6d255e6dd0695ef4c59a48cd16b3	0
ipc_app/tuya_ipc/cmake_config/a5-tuya2_hifocus_general.cmake	2065	48	696b97bb2c9850c7039e2ec96bdada64c381acf5a62be3ca39c6efe659b3f1f0	0
ipc_app/tuya_ipc/cmake_config/a5-tuya2_honeywell_general.cmake	2067	48	6c4fd5b830869e28cd65986875d13de2fa9228656056358f00f218faad97d1fb	0
ipc_app/tuya_ipc/cmake_config/a5-tuya2_interbras.cmake	1913	45	9e27fe7593f59b7542c46b7078db9f8ae4a33fdf89032ee988dd0abb1f5e076b	0
ipc_app/tuya_ipc/cmake_config/a5-tuya2_link2home.cmake	2092	48	bcaa10a56e418fa08ddf3ec21e1f9ebfa6829547e09f4d0b22c2291eb440ace2	0
ipc_app/tuya_ipc/cmake_config/a5-tuya2_orange.cmake	2271	51	01aaf4a346ceb6b5cdfcb1e77a6be26ce11bc2d017099969bb15a3f261c3f5e4	0
ipc_app/tuya_ipc/cmake_config/a5-tuya2_spc.cmake	2127	48	a2d1da04cafec0d89cc017a3053b926bfa83687e2c9a6928e6ecb9f701169ec9	0
ipc_app/tuya_ipc/cmake_config/a5-tuya2_std.cmake	1871	44	c4cfe5ce3571d5029f7c44ce00b5676e7704b9989086a240625b3c9dfcd272a5	0
ipc_app/tuya_ipc/cmake_config/a5-tuya2_truen.cmake	2200	48	76fbf649db234bf5aaa334ac2330f252b4b4f4f9f3ac2bf65ef681ad51720aee	0
ipc_app/tuya_ipc/cmake_config/a5-tuya2_vantage.cmake	2314	50	cd035b8de6ebc82e35da44f18164b7ea54784d6b5b0ed42609497dca3b333c90	0
ipc_app/tuya_ipc/cmake_config/a5-tuya2_vimar.cmake	2264	49	b250cc81c9784b518952b8e98c3f421157484beb0866dd1902edf5a55387050b	0
ipc_app/tuya_ipc/cmake_config/a5-tuya2_xtreme.cmake	1982	47	6ce03c4a96333230a6c0f5af172a88d3910698e169688243c50fabd638586aaf	0
ipc_app/tuya_ipc/cmake_config/a5-tuya2_yaotai.cmake	4358	115	9d67aad855f1ae8680c53192b70e6996c901093eb245bd1fb7f96f404b88114f	0
ipc_app/tuya_ipc/cmake_config/c301b-tuya2_feit.cmake	2154	48	2d60dc88ff07c5fa3f5b6523de2eb200547b95bc2dbcc11dee9f122645c036c4	0
ipc_app/tuya_ipc/cmake_config/c301b-tuya2_link2home.cmake	2095	48	9b53b14b32bc4884d2cdc69876deb63422c76a28381f145faa122f6c0e798069	0
ipc_app/tuya_ipc/cmake_config/c301b-tuya2_std.cmake	1988	46	271872c239855b1575b5cadc50416ee8fa2ee33417f01e45b4383aea5da28634	0
ipc_app/tuya_ipc/cmake_config/c302b-tuya2_std.cmake	2120	48	fc930cec5f19c9fefeb0edd5ce01ef39b7fc267dd94f0245f0a9984189c5498c	0
ipc_app/tuya_ipc/cmake_config/c303b-tuya2_general_a1.cmake	2120	48	fc930cec5f19c9fefeb0edd5ce01ef39b7fc267dd94f0245f0a9984189c5498c	0
ipc_app/tuya_ipc/cmake_config/c303b-tuya2_general_r4.cmake	2120	48	fc930cec5f19c9fefeb0edd5ce01ef39b7fc267dd94f0245f0a9984189c5498c	0
ipc_app/tuya_ipc/cmake_config/c303b-tuya2_std.cmake	2121	48	d9ca519c1f934735f31479c6a02ef2ae017f069bcec7e3a9f238f41ebe34cc01	0
ipc_app/tuya_ipc/cmake_config/c401a-tuya2_std.cmake	1921	46	005e3c6c7ef345718417ac100a8ed98289b3cb6749bfc36ab77e8f447ec0366e	0
ipc_app/tuya_ipc/cmake_config/c401b-tuya2_airui_general_8188.cmake	2179	50	0892bba99f36084ac55ebac09c7aaa1be1fa4ecf1190d1b7d989be8b6c07e604	0
ipc_app/tuya_ipc/cmake_config/c401b-tuya2_feit.cmake	2292	52	7420f0a2b75aeb1d5d68d1df01bed68252606cb3c14c7d8568423ef69997fd2a	0
ipc_app/tuya_ipc/cmake_config/c401b-tuya2_general_a1.cmake	2036	49	dfac1ff58ae586bf145c7b2abfe5ba260f310dcc74a7cabdd033b1ccdef3afda	0
ipc_app/tuya_ipc/cmake_config/c401b-tuya2_general_c1.cmake	2036	49	dfac1ff58ae586bf145c7b2abfe5ba260f310dcc74a7cabdd033b1ccdef3afda	0
ipc_app/tuya_ipc/cmake_config/c401b-tuya2_orange.cmake	2289	52	d07ea53652b6e258606237471778fe8a35c274d59276b540d3d83f2963e5d14f	0
ipc_app/tuya_ipc/cmake_config/c401b-tuya2_orange_8733.cmake	2288	52	3dda14ffc2436db6bceef63e0c25c45edce00fabf9cdb49200057d05bee0dc6c	0
ipc_app/tuya_ipc/cmake_config/c401b-tuya2_std.cmake	2036	49	dfac1ff58ae586bf145c7b2abfe5ba260f310dcc74a7cabdd033b1ccdef3afda	0
ipc_app/tuya_ipc/cmake_config/c401b-tuya2_vimar.cmake	2519	56	44ac1fc5b22a09ecb07516b850e6ca8b44756d684b23a4f212f9e52f4ee48449	0
ipc_app/tuya_ipc/cmake_config/c40de-tuya2_std.cmake	2002	46	eef2d453da38a385e1bef1518639dc93689a75e544daf6fe647943640985f1a9	0
ipc_app/tuya_ipc/cmake_config/c5-tuya2_anko_music.cmake	1936	45	85ae02ea82daf291978c04e2f2bdf6862a5667d5746141cddae9e34ac4ea5d0b	0
ipc_app/tuya_ipc/cmake_config/c5-tuya2_arlec.cmake	2150	48	86e9219c60bb5e3e5b0900096134ae8f1dbeb35d66449e0182b340ce50ad036e	0
ipc_app/tuya_ipc/cmake_config/c5-tuya2_general.cmake	1939	45	01132de26c8c61aade8cf66b42307aa07e241b2711d560bd6b24a4ea1da10617	0
ipc_app/tuya_ipc/cmake_config/c5-tuya2_general_music.cmake	1938	45	26c5c97645d4250a19865169fd3fa7a51e7ba2b97c524cf1aa37b60f91650f7e	0
ipc_app/tuya_ipc/cmake_config/c5-tuya2_ihome.cmake	1974	45	3da99b895f7200eb3f24c7edf12c1dbdf741ab3021ad1932a8ce340a058213e2	0
ipc_app/tuya_ipc/cmake_config/c5-tuya2_look_lj.cmake	2065	48	100efe3a0b12b27d3b273c24faa0e239fae468f02aeb0191461cb79ab8b7c835	0
ipc_app/tuya_ipc/cmake_config/c5-tuya2_look_rc.cmake	2065	48	100efe3a0b12b27d3b273c24faa0e239fae468f02aeb0191461cb79ab8b7c835	0
ipc_app/tuya_ipc/cmake_config/c5-tuya2_lts.cmake	2116	49	45d77187612964f243bd2896f7547950f52371da3f1a7e1847d7565e6280337a	0
ipc_app/tuya_ipc/cmake_config/c5-tuya2_std.cmake	1937	45	370f74801193061bff676a570770a991682d2bbe655da01cbf3f86b98c6c99e5	0
ipc_app/tuya_ipc/cmake_config/c5-tuya2_vestel.cmake	1937	45	370f74801193061bff676a570770a991682d2bbe655da01cbf3f86b98c6c99e5	0
ipc_app/tuya_ipc/cmake_config/c51-tuya2_colombiana.cmake	1943	45	0cf40e369ccf195067bda0586df52240ddf8db66eb5a1b39d925995c1bb2e451	0
ipc_app/tuya_ipc/cmake_config/c51-tuya2_geeni.cmake	2096	50	38bd8df76df85d6b8c2995d8321647437d55aa02340e3d4d7c4c93272d4cf7bd	0
ipc_app/tuya_ipc/cmake_config/c51-tuya2_interbras.cmake	1985	46	f9e88000f7b304a2e78a7061eaf8343d1edaf814da6a8d05d12b549268256163	0
ipc_app/tuya_ipc/cmake_config/c51-tuya2_kjell.cmake	2160	47	96524276ee13af89d4eec449bc7d4ba6ba8aae564c88b51abbd1a7048438ab7e	0
ipc_app/tuya_ipc/cmake_config/c51-tuya2_link2home.cmake	2308	52	d7234660c2f281f1c9fe7c3045393c329f7cff5f0238812b06dc13831fbe8148	0
ipc_app/tuya_ipc/cmake_config/c51-tuya2_lts.cmake	2122	49	3c78361f93b9258b126694eab690a366e02cf10fc135c166df991a89ba5f08d9	0
ipc_app/tuya_ipc/cmake_config/c51-tuya2_merkury.cmake	2096	50	38bd8df76df85d6b8c2995d8321647437d55aa02340e3d4d7c4c93272d4cf7bd	0
ipc_app/tuya_ipc/cmake_config/c51-tuya2_panam.cmake	1945	45	38f1638cc92f983d7ece216a2dbd32ccc3be37824a89a31b617a0b26534b8f4d	0
ipc_app/tuya_ipc/cmake_config/c51-tuya2_std.cmake	1943	45	0cf40e369ccf195067bda0586df52240ddf8db66eb5a1b39d925995c1bb2e451	0
ipc_app/tuya_ipc/cmake_config/c51-tuya2_truen.cmake	1977	46	cff2ddd33aa41461da05a0cc295ae278de0a4c43284601117c88ebfe3aad4db3	0
ipc_app/tuya_ipc/cmake_config/c51-tuya2_vestel.cmake	1940	45	2eba54a3ae885f478861d1f72dd64c98079f6389bf726f2c1b4fd58a5e0c744b	0
ipc_app/tuya_ipc/cmake_config/c51-tuya2_vimar.cmake	2403	52	ef62676fbf7220c7aa704ac0cf09780612959895f1e25c34d5163aeedeeee361	0
ipc_app/tuya_ipc/cmake_config/c52-tuya2_lts.cmake	2228	49	72320567937bab3f08174541c19cbcb9e7dcadaeacad3bb477d1e12b83896102	0
ipc_app/tuya_ipc/cmake_config/c52-tuya2_std.cmake	1939	45	01132de26c8c61aade8cf66b42307aa07e241b2711d560bd6b24a4ea1da10617	0
ipc_app/tuya_ipc/cmake_config/c7-tuya2_anko_music.cmake	1868	44	617acb53b023c8b379cf877238d3307612c7e19954714197079759b471b38054	0
ipc_app/tuya_ipc/cmake_config/c7-tuya2_aolai.cmake	4041	110	2a802671dd4254c727ba5dc7c4eb1fc9de9a74a4512c721982b12f925365c17f	0
ipc_app/tuya_ipc/cmake_config/c7-tuya2_arlec.cmake	2054	48	41cd5505b6ed930c9abdb0b833e07b2f9cbb5fbcaa7c545f60d2ecba84304723	0
ipc_app/tuya_ipc/cmake_config/c7-tuya2_arlec009.cmake	2054	48	41cd5505b6ed930c9abdb0b833e07b2f9cbb5fbcaa7c545f60d2ecba84304723	0
ipc_app/tuya_ipc/cmake_config/c7-tuya2_blg_music.cmake	1906	45	00e701d2f1554a0f7e41c817978399a92d523274db09a26083a431d13a6944c1	0
ipc_app/tuya_ipc/cmake_config/c7-tuya2_difine.cmake	2102	49	f5af76ecfa4a336b5e94096a16f40bc56c4577f3051658647eafe7274ef8d97f	0
ipc_app/tuya_ipc/cmake_config/c7-tuya2_dorel_music.cmake	1909	45	7b5ddfca090a6619060dd5658652fe78746513877192c0a885bdc2aba94fbabc	0
ipc_app/tuya_ipc/cmake_config/c7-tuya2_ebusinessuk.cmake	2008	49	44d49526f59de888ecac178650a4cf9a5e8a27d275e7d3982b5dde6ceeab75ce	0
ipc_app/tuya_ipc/cmake_config/c7-tuya2_geeni.cmake	2077	48	a309ae44f77a0fa6a945e2312783feb6c1ab0fc4e33163a8610a965c50065270	0
ipc_app/tuya_ipc/cmake_config/c7-tuya2_honyar.cmake	1886	46	03c5296c98dfa552a23d313c9d67e87a9292b05afa4529d5f349dbf49850f8e2	0
ipc_app/tuya_ipc/cmake_config/c7-tuya2_kyung.cmake	1923	47	53f9189f4a6a6d16450796d31ac90923f1247b27c7bf87f7571675473e55ef37	0
ipc_app/tuya_ipc/cmake_config/c7-tuya2_linkjapan.cmake	1843	45	38f2151df0d046f176da5d0516fa11e5b8ca1b0f95cdb7888a5e6987e2f2c157	0
ipc_app/tuya_ipc/cmake_config/c7-tuya2_lts.cmake	1882	46	c75ad3bb3eb04e829651335c01d03c1e2f2e838d73f8f8ee1079bdf641189a2d	0
ipc_app/tuya_ipc/cmake_config/c7-tuya2_merkury.cmake	1804	43	54489de91184f62cdb4874fea4b740e07d917e9d0368a6cbb291f9a3cc5fdb90	0
ipc_app/tuya_ipc/cmake_config/c7-tuya2_mgt.cmake	1884	45	6ef0513053f1c103edbf60eaff13de2bfa6804cebff46503812eef5c5d064fd2	0
ipc_app/tuya_ipc/cmake_config/c7-tuya2_pearl.cmake	1884	46	6664ec341e3a91459cb90b0c043554237158d8ab78e2be088ff5b66448e0d7dc	0
ipc_app/tuya_ipc/cmake_config/c7-tuya2_pearl_music.cmake	1909	45	fa983718d8750386ef08b0d2e84cfd76fdc9b9914a593efeff88168e211904ba	0
ipc_app/tuya_ipc/cmake_config/c7-tuya2_safety_music.cmake	1909	45	7b5ddfca090a6619060dd5658652fe78746513877192c0a885bdc2aba94fbabc	0
ipc_app/tuya_ipc/cmake_config/c7-tuya2_std.cmake	1911	46	5cb5990517ec84be4d70247a21445cf210efb7eb0eb84d6e9f3eb106bc73969e	0
ipc_app/tuya_ipc/cmake_config/c7-tuya2_std_music.cmake	1868	44	617acb53b023c8b379cf877238d3307612c7e19954714197079759b471b38054	0
ipc_app/tuya_ipc/cmake_config/c7-tuya2_sti_music.cmake	1934	44	3d35c1ab6e3a01d537d233aca038e20bfec0a95393ddd785bb06d68e1cfc0d60	0
ipc_app/tuya_ipc/cmake_config/c7-tuya2_yiroka.cmake	1843	45	38f2151df0d046f176da5d0516fa11e5b8ca1b0f95cdb7888a5e6987e2f2c157	0
ipc_app/tuya_ipc/cmake_config/c7-tuya2_zhonghaichi.cmake	1871	45	0a1743717110bae4bea9f9c663b38a5dfc2e594c76c1959a18cb07431788ebd2	0
ipc_app/tuya_ipc/cmake_config/c71-tuya2_airam.cmake	2057	46	c893d556b01bea68def1584172a83d69fd6feeef981fb2d7e5c016b7900e67ae	0
ipc_app/tuya_ipc/cmake_config/c71-tuya2_arlec.cmake	2243	49	ba7e6c331c2e0f50a8a19639e3e1bdf479f13bf32359dc21f2945759d8cb4b3f	0
ipc_app/tuya_ipc/cmake_config/c71-tuya2_calex.cmake	1855	44	6aa58c739e9e00270f0af002d0c3b839f111e108e69cffacf12ae9c08bf2edde	0
ipc_app/tuya_ipc/cmake_config/c71-tuya2_geeni.cmake	2016	48	168790a7a08479852964408de4d1cf95fd239fc9365d5ad8bd1c52e88f14dbfe	0
ipc_app/tuya_ipc/cmake_config/c71-tuya2_interbras.cmake	1964	47	d4729f616fa3035a8ef8f6a2a942a8561ede2ab9a666faf837f7679774e11ffe	0
ipc_app/tuya_ipc/cmake_config/c71-tuya2_kingsled.cmake	1872	44	e23e404ff799744a8216461a920bdb5ab3b9357c0d7395403a0a9d4d9f784a66	0
ipc_app/tuya_ipc/cmake_config/c71-tuya2_kyung.cmake	1885	45	52a44751a805fdea8ce01b3e37b5592e43e68747377fde65600a0185080c42e2	0
ipc_app/tuya_ipc/cmake_config/c71-tuya2_link2home.cmake	1959	47	47d453fb58bb5d69ec95c172946bdc0656f49d8435d36d67f1856df772ef9d28	0
ipc_app/tuya_ipc/cmake_config/c71-tuya2_linkjapan.cmake	1851	44	b0cbeb198319e365f4506e2c4cb60c1f6733ef5bcd496d8c4a509618bca3acc9	0
ipc_app/tuya_ipc/cmake_config/c71-tuya2_lsc.cmake	1844	44	cc1926e4a639c9400dc96e3b8a7c403bae521219c97451df0100a474db2c6cb8	0
ipc_app/tuya_ipc/cmake_config/c71-tuya2_lts.cmake	1843	43	52bd6f178bc69f3104649b6d921a9eec05c3e8d6e0046d402dd9d384aa01007e	0
ipc_app/tuya_ipc/cmake_config/c71-tuya2_malmbergs.cmake	1853	44	a09bb602792c9901599dca33a8f24dc9fc4fca5edbb2b103cf7d1f258f183ae2	0
ipc_app/tuya_ipc/cmake_config/c71-tuya2_merkury.cmake	1964	47	d52ce7508ff378e93c4e0478908961bbdc13b3b09afc1924d7455beb73320a14	0
ipc_app/tuya_ipc/cmake_config/c71-tuya2_pearl.cmake	1847	45	bed86f85be21849d390aae874f64ab7201f0cf755205c040260f572f7d3a384b	0
ipc_app/tuya_ipc/cmake_config/c71-tuya2_std.cmake	1805	43	8be3f419c77880557eb7e7903a12d2012c0d097a9a736211374c8eed46803d37	0
ipc_app/tuya_ipc/cmake_config/c71-tuya2_tcs.cmake	1844	44	59c510ebfcc4f8f16232251b34c3d8592cb39d412067ec609871249bd998c232	0
ipc_app/tuya_ipc/cmake_config/c71-tuya2_twinsel.cmake	1872	44	e23e404ff799744a8216461a920bdb5ab3b9357c0d7395403a0a9d4d9f784a66	0
ipc_app/tuya_ipc/cmake_config/c71-tuya2_vantage.cmake	1961	47	ed25c7024943c9545b58b14fd46ed333ed5f0f2a3d44a17dc41d382f1991363f	0
ipc_app/tuya_ipc/cmake_config/c71-tuya2_xtreme.cmake	1916	46	9f6814001c5dfa8fae330398801e6156a296a228e13c1dd532acdeee70e53b03	0
ipc_app/tuya_ipc/cmake_config/c71-tuya2_xtremeecho.cmake	1916	46	9f6814001c5dfa8fae330398801e6156a296a228e13c1dd532acdeee70e53b03	0
ipc_app/tuya_ipc/cmake_config/c71-tuya2_yiroka.cmake	1855	44	6aa58c739e9e00270f0af002d0c3b839f111e108e69cffacf12ae9c08bf2edde	0
ipc_app/tuya_ipc/cmake_config/c71-tuya2_yrk01.cmake	1855	44	6aa58c739e9e00270f0af002d0c3b839f111e108e69cffacf12ae9c08bf2edde	0
ipc_app/tuya_ipc/cmake_config/c9-tuya2_arlec.cmake	2111	48	fe386d82cd37e19c585416dca2d0777183279d8524e4d082599a2e0aae8843ac	0
ipc_app/tuya_ipc/cmake_config/c9-tuya2_dorel_music.cmake	1908	44	c1cac710f715aef4c07a3153fdb1e7d3225fb0c762bdab5cce0b32f182e090ce	0
ipc_app/tuya_ipc/cmake_config/c9-tuya2_elem_baby_ap.cmake	2103	47	3286ec351c3532a2564818945544df5c8009cfb9a7b408270803b3b6815acbe5	0
ipc_app/tuya_ipc/cmake_config/c9-tuya2_elem_baby_sta.cmake	2104	47	a516cc4fde45751d7b1f22e31e7f2a958520feaa37b69ca6e096d81eff3e85c4	0
ipc_app/tuya_ipc/cmake_config/c9-tuya2_general_baby.cmake	1870	44	327b65d76c19830391177a15d8ec83831c14ed94133396c65125a6184bde8d7c	0
ipc_app/tuya_ipc/cmake_config/c9-tuya2_general_baby_ap.cmake	2138	48	6c9f902c99e27dfcb3d3da2e35f162e320e60536758d4fa5356052dbf2206d26	0
ipc_app/tuya_ipc/cmake_config/c9-tuya2_general_baby_sta.cmake	2139	48	d6de2d590514de594c3ff264170cff8497352c5953e32b50ec8bc9f932093d02	0
ipc_app/tuya_ipc/cmake_config/c9-tuya2_general_music.cmake	1868	44	3897402c0e1581e0dfde1f8c6fbbb9a207a2f4af800dc9c01d736f39492ed0e3	0
ipc_app/tuya_ipc/cmake_config/c9-tuya2_general_music_2.cmake	1868	44	8f7a3209405308b6206d6341e0225068ac519cdaad21ca5773ffb62e48028b51	0
ipc_app/tuya_ipc/cmake_config/c9-tuya2_mexico_baby_ap.cmake	2105	47	c319d45c1a6681f35b6f6af91b4b0a9e3026c63146221a209a0ea77bbe18ca66	0
ipc_app/tuya_ipc/cmake_config/c9-tuya2_mexico_baby_sta.cmake	2106	47	da530cd7cc8987644156eab351a65308c6665816e4a09513e4b876ee6a8f9974	0
ipc_app/tuya_ipc/cmake_config/c9-tuya2_orange.cmake	2200	50	076fa7370f4e55361c0b41482f0bdd5efc77e56504a48aea8ea1ff98ab08bd14	0
ipc_app/tuya_ipc/cmake_config/c9-tuya2_proscenic_baby_ap.cmake	2140	48	6c1ddfc1f115988af9671325d86b829c1cb0a9be8a1688b1005d5235f75196fb	0
ipc_app/tuya_ipc/cmake_config/c9-tuya2_proscenic_baby_sta.cmake	2141	48	394cccf69c86c7674a36a870b212096bbdaffd96b893bf224ceee7439dee7068	0
ipc_app/tuya_ipc/cmake_config/c9-tuya2_safety_music.cmake	1950	45	fcbf064e0187a9aac2fb2505166306888acdfc3ec59c2380d129e2bd0fa28a33	0
ipc_app/tuya_ipc/cmake_config/c9-tuya2_std.cmake	1802	43	e5af8a6b6d9f789f76ce4ea2c93c4033907387481086fd61b66fe1ad58a9db17	0
ipc_app/tuya_ipc/cmake_config/c9-tuya2_walmart.cmake	1849	43	a907393b0037cb3fcaaab79977094139abe48ce12a4dbbee7e28570597c0260d	0
ipc_app/tuya_ipc/cmake_config/c91-tuya2_std.cmake	1803	43	c610ddeddee2ce387f2054cb4cc7eb100304b10a1d3683ebe07c00c7a2ac391b	0
ipc_app/tuya_ipc/cmake_config/c92-tuya2_elem_baby_ap.cmake	2102	47	a8ad42eac9df39130934d1dbcfd336502467ed73c1b8c700904ed8a47cd5b52f	0
ipc_app/tuya_ipc/cmake_config/c92-tuya2_elem_baby_sta.cmake	2103	47	19d834203b141874bb533d052328e127be6fafeb20d5b55cd42745fe9b218799	0
ipc_app/tuya_ipc/cmake_config/c92-tuya2_geeni_pet_8733.cmake	2225	51	46355fac562da4eacea190399d0e95b2625e8433087fe2ae9eb7883236946594	0
ipc_app/tuya_ipc/cmake_config/c92-tuya2_general_baby_ap.cmake	2135	48	2345b9a39743a0861d688f96595bc520dfb10a5ee264203cd857f81110b5c556	0
ipc_app/tuya_ipc/cmake_config/c92-tuya2_general_baby_sta.cmake	2136	48	a99f159b595e11b4cd9ed39f8801945b4848b0adf2dfaad23fea098354c87b36	0
ipc_app/tuya_ipc/cmake_config/c92-tuya2_general_music.cmake	1866	44	9de5b6058adfb1fb0c0339025a7f2f56e0d8c5ebb41462bf908314f924e7f5ee	0
ipc_app/tuya_ipc/cmake_config/c92-tuya2_general_pet_8733.cmake	2002	46	3ef7f48ca451157f68d2443cd95aca12862dbb33c7bdc182bdbb53d3410cc700	0
ipc_app/tuya_ipc/cmake_config/c92-tuya2_lts.cmake	1869	44	5947fbed5e251e2ec06af9e10a0723afcca8a82f82e9c09a229796dd8df45146	0
ipc_app/tuya_ipc/cmake_config/c92-tuya2_mexico_baby_ap.cmake	2104	47	50047424caf2ee25c5065463e1496b951c1a0a9d54c6d006e4bee5dc7af74986	0
ipc_app/tuya_ipc/cmake_config/c92-tuya2_mexico_baby_sta.cmake	2105	47	fd48745adf0850ca17fa04f3e446d81e2ae2ab7f76b4d5baa6b902ce4afc657c	0
ipc_app/tuya_ipc/cmake_config/c92-tuya2_proscenic_baby_ap.cmake	2206	49	74949a362372723d34219e84b81ff4c6cec971fc457f8cb330a5eb938176fc23	0
ipc_app/tuya_ipc/cmake_config/c92-tuya2_proscenic_baby_sta.cmake	2207	49	2b44b3d1241110498b0cce94d594c25340b029d205efa1847f330ddf4ccfa639	0
ipc_app/tuya_ipc/cmake_config/c92-tuya2_spc_music.cmake	2126	47	a3c7497142a427816289ae82471876928f2c69a2a8a766cd5a3322865742214c	0
ipc_app/tuya_ipc/cmake_config/c92-tuya2_std.cmake	1802	43	e5af8a6b6d9f789f76ce4ea2c93c4033907387481086fd61b66fe1ad58a9db17	0
ipc_app/tuya_ipc/cmake_config/c92-tuya2_walmart.cmake	1849	43	a907393b0037cb3fcaaab79977094139abe48ce12a4dbbee7e28570597c0260d	0
ipc_app/tuya_ipc/cmake_config/c93-tuya2_lts.cmake	1909	44	2d2871fbf411effb158eeb477a20a65753b5e0dbfe727952fd9e3a3bf1f14920	0
ipc_app/tuya_ipc/cmake_config/c93-tuya2_std.cmake	1804	43	90089d3a2141e57f1ccd221ac49c4588b024535ac003e48a1ff8d63f53dee1ec	0
ipc_app/tuya_ipc/cmake_config/c94-tuya2_arlec.cmake	2110	46	af0fd9df7f565bcbbd1e4d06dceb6f9ab29e877df93f8dad7786942fa048fb35	0
ipc_app/tuya_ipc/cmake_config/c94-tuya2_general_baby_ap.cmake	2139	48	4008450c78491135177c1858e1225005461681f904409cb9aca8b6f1dd246d0b	0
ipc_app/tuya_ipc/cmake_config/c94-tuya2_general_baby_sta.cmake	2140	48	3af5699de13f2abe0aadc5193e6adb5039bc9c9b9145e6d5af66592e253565fb	0
ipc_app/tuya_ipc/cmake_config/c94-tuya2_std.cmake	1822	43	94cf9479fc060a7824d92bf037824e0f8e48e191bfd53febf795d4e0fd010266	0
ipc_app/tuya_ipc/cmake_config/c95-tuya2_arlec.cmake	2158	47	b6e0e57a63e61acc46b5b4b2a1f900f9cb0161ac4740c2b8e7ccf2fc71cca13b	0
ipc_app/tuya_ipc/cmake_config/c95-tuya2_arlec_general.cmake	2266	49	f7fb236c9bfd2f15568ad977a9cc2b0a04936c37c564b4df1807573b2c71a470	0
ipc_app/tuya_ipc/cmake_config/c95-tuya2_general_a1.cmake	1823	43	59dc6b3ac30ccd4eafd5b41d72696ca807ba15e9f4e25ec5299d57c48c5b5fbd	0
ipc_app/tuya_ipc/cmake_config/c95-tuya2_general_pet_8733.cmake	1890	44	e2e4dd63783ae2f98183042b58d47cbe07befa798dfa0c96157767e633bb8528	0
ipc_app/tuya_ipc/cmake_config/c95-tuya2_honeywell_general.cmake	2017	47	5466774ec5d3c5557df545863baf768c988b19231d5da5c5554a1d6d4d3586e7	0
ipc_app/tuya_ipc/cmake_config/c95-tuya2_rumah_general.cmake	2215	50	c14cd1f913545cb63d5f2fd80cc1a15321a1421d0ac994000f5fa93dee4bdf45	0
ipc_app/tuya_ipc/cmake_config/c95-tuya2_std.cmake	1823	43	59dc6b3ac30ccd4eafd5b41d72696ca807ba15e9f4e25ec5299d57c48c5b5fbd	0
ipc_app/tuya_ipc/cmake_config/c95-tuya2_vimar.cmake	2330	50	618ed19165a12a6b8612e50e6b506a62726b0615f27cf0d364859fbf85e799bf	0
ipc_app/tuya_ipc/mkprj.sh	12324	382	bc77d7fd33a4e8df52ffdf289437d837686603ef59971e3dd78d0d1620804b9f	0
ipc_app/tuya_ipc/mkprj_ai.sh	16524	514	cb3b6a67298fc2aaf80ebf3820ab75878846cf29e6b145ba8d6b0b0825bde3a4	0
ipc_app/tuya_ipc/tuya_app/empty.cpp	0	0	e3b0c44298fc1c149afbf4c8996fb92427ae41e4649b934ca495991b7852b855	1
ipc_app/tuya_ipc/tuya_app/pps_babymonitor_init.c	167641	5148	3dde0459cdeb59d197a9becade4509444853bb068928238036ce7f0e7ae1e8e5	1
ipc_app/tuya_ipc/tuya_app/pps_babymonitor_init.h	4453	161	4457a91da3de8da16a1d5609ecfd8d05f03407217b354bca1ded88b50f6e9b12	1
ipc_app/tuya_ipc/tuya_app/pps_flight_aolai/pps_aolai_flight_protocol_resolve.c	53362	1697	64d6bb24c6b589fcd9970217ec73911b64db4c00eec0bce200b285f500fec2ba	1
ipc_app/tuya_ipc/tuya_app/pps_flight_aolai/pps_aolai_flight_protocol_resolve.h	2043	73	7b5f9896df00c6b383461e4d3ee6d55813f8236b2575acb41a6aaf4bb752be04	1
ipc_app/tuya_ipc/tuya_app/pps_flight_aolai/pps_aolai_led_ctrl.c	10401	364	47612f20d9697915aa14bc78a8ddf8836c4c75162085d44d8bb094ef43ec6436	1
ipc_app/tuya_ipc/tuya_app/pps_flight_aolai/pps_aolai_led_ctrl.h	1732	60	c1cdee3ac6a29b003aab092df45baaabda82bc7f6aaa675f8e563cc63cd07e2a	1
ipc_app/tuya_ipc/tuya_app/pps_flight_aolai/pps_aolai_oem_dp.h	3250	96	a42793c32505cbcde362f00c1ff3ae35f3f5ab548131cb4c6b49afa529ff46da	1
ipc_app/tuya_ipc/tuya_app/pps_flight_aolai/pps_aolai_tuya_flight_camera.c	26760	982	535fc1b6dfd52081e8e2b22d84625f9f2227af09ff61a8019bd809f720ae5c18	1
ipc_app/tuya_ipc/tuya_app/pps_flight_aolai/pps_aolai_tuya_flight_camera.h	4582	147	3c54f2468f66676f072fe29d157f9d24926963aa745f7bfb3af3db870e6dc932	1
ipc_app/tuya_ipc/tuya_app/pps_hi3881_netlink.c	6208	243	5b0a43b5e823d672aa01d4a56129cce8baccd4ce0557571f07a826eb73d8b777	1
ipc_app/tuya_ipc/tuya_app/pps_hi3881_netlink.h	686	26	2abc853fd9a7dd0cbb07524b731a5c2dbdb392458f2e8f86dd340118eed299d6	1
ipc_app/tuya_ipc/tuya_app/pps_tuya1_upgrade_tuya2.c	2280	102	d0be2e53f87a591e3cf8fd48c8406c33a0f857b382877eb283f773a67e4cc8fa	1
ipc_app/tuya_ipc/tuya_app/pps_tuya_all_init.c	61073	1940	ac3872fa6da0150a3458b7450f5269273bab028702b39e9c1bbaf5cea3fcd1be	1
ipc_app/tuya_ipc/tuya_app/pps_tuya_all_init.h	3534	170	e8a0be9f43eafadd954f025cf2e629b9a0599193c1ef82bcc287b143ac0eecd1	1
ipc_app/tuya_ipc/tuya_app/pps_tuya_api.h	3440	149	7d3e174118297f90969875c1f43375fed1ce477eb3767f0d176266d1aa35ce10	1
ipc_app/tuya_ipc/tuya_app/pps_tuya_app.c	7297	165	6a991b06ace755ae38242ea42563a725ecc6b5bd2f9a68ff051cc0558ca4d221	1
ipc_app/tuya_ipc/tuya_app/pps_tuya_button.c	6799	248	43c64da52e9ba05b0dac1a9ebbf8484ace245ce3342828d1f24fdb00d7ac1fba	1
ipc_app/tuya_ipc/tuya_app/pps_tuya_button.h	529	31	66c2e04a1ce42f4972d96874e6c5844da3d010113721d22ffdebb9f80489a901	1
ipc_app/tuya_ipc/tuya_app/pps_tuya_defs.h	4722	199	4bdd036d6177e03eece08c1bdeb79acd3fb196c51f285579b81211bc615f2cfb	1
ipc_app/tuya_ipc/tuya_app/pps_tuya_device_states_report.c	38658	1363	3b374c7197bc5fdf072cf4a98318e2b32ec42b07271b765c6ab283bf47b2485a	1
ipc_app/tuya_ipc/tuya_app/pps_tuya_device_states_report.h	1600	64	ddac539e5315eb328a8f031034aec539e19b424756bcfb4d21043de7d10cd1bd	1
ipc_app/tuya_ipc/tuya_app/pps_tuya_doorbell_leavemsg.c	6073	229	329e3c563440e6ce06c3f57a071b5a41ce0feb3930f9f4f0cc8ae387014e6957	1
ipc_app/tuya_ipc/tuya_app/pps_tuya_doorbell_leavemsg.h	353	22	6889cb0a9adb59a78aff7465f73f6c6aff7e35e9de42c847427f0ad602962764	1
ipc_app/tuya_ipc/tuya_app/pps_tuya_flight_ctrl.c	3554	94	3a1ca3d911202fc293037790e4917f6808b14b72a7a7f21df8fecb52c2686349	1
ipc_app/tuya_ipc/tuya_app/pps_tuya_flight_ctrl.h	559	30	c5f7ba58b86ef3f9d0d7d306a1fa5f0b801981e80bed1df6c5ed0d084a3d8921	1
ipc_app/tuya_ipc/tuya_app/pps_tuya_gw/pps_tuya_ipc_dp_utils_gw.c	3529	129	ecd7fb7069787126baa0cf3db57e2f2dd1aa9b545c41beb208d4090bd9603d88	1
ipc_app/tuya_ipc/tuya_app/pps_tuya_gw/pps_tuya_ipc_dp_utils_gw.h	1024	25	23d6145c055848fc43267078c0267eff83ac2ba1ff090225bd450a1a2a9c09e8	1
ipc_app/tuya_ipc/tuya_app/pps_tuya_gw/pps_tuya_ipc_gw_dev.c	22745	707	748e137a099f49fe592a4afe6a9d9eb4a6a176399ca3dffd453ced21f5b34dcb	1
ipc_app/tuya_ipc/tuya_app/pps_tuya_gw/pps_tuya_ipc_gw_dev.h	2329	78	747fe2d7cf6d731f09de2abc243324a1573e65ba528f8deb1235c298bdfbc950	1
ipc_app/tuya_ipc/tuya_app/pps_tuya_gw/pps_tuya_ipc_gw_sdk.c	18805	636	3dcf01b61782009d665eceb31c72dd1645a27707edfae1f920501c93d912bd5e	1
ipc_app/tuya_ipc/tuya_app/pps_tuya_gw/pps_tuya_ipc_gw_sdk.h	717	39	3fbd6f9f30f89c2dc6a2f67e9291325e6bf35b912b9d36ae3930d0e1dc8ab060	1
ipc_app/tuya_ipc/tuya_app/pps_tuya_gw/pps_tuya_ipc_light_ctrl.c	4591	185	18ff4a4038202644bb044166b26587574d3d5b8bad43391a2c6eb0ca29ffb713	1
ipc_app/tuya_ipc/tuya_app/pps_tuya_gw/pps_tuya_ipc_light_ctrl.h	522	20	8bfe02be600dcaa93e7420c8f04cbd1563f73a7d15b56f428113e23e2e59eb8b	1
ipc_app/tuya_ipc/tuya_app/pps_tuya_gw/pps_tuya_ipc_wifi.c	9521	414	df68f498b1565d3ce1d3fa1f96f00dc20a8fcc8b8efd089f8fd74d74030d22db	1
ipc_app/tuya_ipc/tuya_app/pps_tuya_gw/pps_tuya_ipc_wired.c	7256	259	bb7a4d61ba6c47f553e8a23ffd4d85f3d2cc95d79dc2de10b0c62a8ffcbb56c5	1
ipc_app/tuya_ipc/tuya_app/pps_tuya_ipc_dp_utils.c	186372	6061	aaeb8abb910a8d1d0b56a431bb9922998e6f7529c2f8c5ce88977484f0993559	1
ipc_app/tuya_ipc/tuya_app/pps_tuya_ipc_dp_utils.h	16788	375	219d98145ccfcf4a66ae840da494ef3dcff44c7ed694741176000ea2b3761484	1
ipc_app/tuya_ipc/tuya_app/pps_tuya_ipc_event.c	13761	449	525b425f34b7a0658e9055fa3f0c2a753ffbe5c2cd3804452716ecad63e6d204	1
ipc_app/tuya_ipc/tuya_app/pps_tuya_ipc_event.h	1189	55	0b965de3b86f9d4aec617d5c0774bb87661d2e454532b00b6a0c10294f0acffc	1
ipc_app/tuya_ipc/tuya_app/pps_tuya_ipc_sdk.c	19250	668	60655bd0e097a9fbd5ecc68a1737ec7499e686f30b3ae45ed36539ec3d3aa238	1
ipc_app/tuya_ipc/tuya_app/pps_tuya_ipc_sdk.h	796	43	212d594056c7e0430b87c4a00db183a1b08d740347b41aff394c1af78a9b60f4	1
ipc_app/tuya_ipc/tuya_app/pps_tuya_ipc_sundry.c	609	43	adf1765343115110d87b5af104b45e3aa43302c1312b6990594c70678fc19446	1
ipc_app/tuya_ipc/tuya_app/pps_tuya_ipc_wifi_hwl.c	17926	512	a7e450d3d1637aa5e19fc23d06e88a52070f9fd57f686850c1c3e675b28c1ec9	1
ipc_app/tuya_ipc/tuya_app/pps_tuya_ipc_wired.c	7478	272	86caf0c786752b2124f58140562112c6307deecb3ddc00407c8d4f6c42869198	1
ipc_app/tuya_ipc/tuya_app/pps_tuya_led.c	23037	672	536059515594aa0c176c47e0abb2d2640cecb0edc346004c26ff280106cf5318	1
ipc_app/tuya_ipc/tuya_app/pps_tuya_led.h	515	31	7393afdec6fa4ad1be1a76e78cf46b73526af8c50db0f6a59d59a372ccc38d38	1
ipc_app/tuya_ipc/tuya_app/pps_tuya_log_redirect.c	5701	241	0128318229b073aaee5b5c7ac2f0df53540295406cbd5ab242df03d098ea1471	1
ipc_app/tuya_ipc/tuya_app/pps_tuya_log_redirect.h	297	20	f6714cc178c8b55f99b9649e7a2c85ed5d6af592912f19bafac91b59222dbdba	1
ipc_app/tuya_ipc/tuya_app/pps_tuya_media.c	129905	3465	bd6a3c0652aca547b043ca2761d8060489fef683c7780d2139a0ceb5f753f67d	1
ipc_app/tuya_ipc/tuya_app/pps_tuya_media.h	4671	138	68279819479f2e8c61a50e555ac2c2d6176917d728571526c76064bdd6584c43	1
ipc_app/tuya_ipc/tuya_app/pps_tuya_netmng.c	31990	1277	75ea764c4884c83a0d6dd74dd4a30d4e00b870106467c60551f24917e3212fbb	1
ipc_app/tuya_ipc/tuya_app/pps_tuya_netmng.h	2104	85	48324b490c34d851573f61dfcea008ca3f42405c5b58ca9fd6482b91b6cd788f	1
ipc_app/tuya_ipc/tuya_app/pps_tuya_onvif_cfg.c	3217	134	3b9dfc45c07770cd63629221631c32e60d960b865ee8e834466f0e718a9700c4	1
ipc_app/tuya_ipc/tuya_app/pps_tuya_onvif_cfg.h	488	30	a7a34b8ef603b3735a4542386545795599a02049c624973ed151a4c37b919cd2	1
ipc_app/tuya_ipc/tuya_app/pps_tuya_pet.c	17143	559	2e7366953a293822aa71762c2168057382fbfdb03f630cd7a6c836601bcba525	1
ipc_app/tuya_ipc/tuya_app/pps_tuya_pet.h	1018	50	17ba9ce8fb5357801088bd51d058634e67c4d5c762b7f21204e98c6f58981c42	1
ipc_app/tuya_ipc/tuya_app/pps_tuya_pid.c	83032	3041	779bd8a38918b03d9293b66d79762d4486221a17e3fb6dd75e414a4c9d1017e0	1
ipc_app/tuya_ipc/tuya_app/pps_tuya_pid.h	249	21	fd413265364becd3089f65fd3e72533335e757f0624e5a068462db163f17394e	1
ipc_app/tuya_ipc/tuya_app/pps_tuya_ptz.c	2872	120	af7d4f056a924f8d99f51ab4d682b164aeec57afc12011764b2a75df694311a0	1
ipc_app/tuya_ipc/tuya_app/pps_tuya_ptz.h	675	37	6f146f48cacdbc9114ada1ecfd5c635ea1b626e6bd66a11b65cc849badb46082	1
ipc_app/tuya_ipc/tuya_app/pps_tuya_reboot.c	753	39	7a8fafe35ea6dd82d719e8b2c99e249b8fdb9d96f09b933131e4a4ec503d1d35	1
ipc_app/tuya_ipc/tuya_app/pps_tuya_reboot.h	532	30	1bb6d6c99b6e80f771371315d5399b99beda6c51678769b1e4ba2ff0cfc23e29	1
ipc_app/tuya_ipc/tuya_app/pps_tuya_sd.c	1319	46	9a9bdf069cc1376c0c65ca47cc4befe885c807993679843a9586d94c41d0ba18	1
ipc_app/tuya_ipc/tuya_app/pps_tuya_sd.h	521	31	ed4fe78babe9bcdaaaa4c82095240da0979b36ece01a0efccfa50a33e93c42ad	1
ipc_app/tuya_ipc/tuya_app/pps_tuya_white_light.c	5154	142	8e0c7890964419900f5be65efe5f1eb6c3caa4ada8180020565b362fa8d5207d	1
ipc_app/tuya_ipc/tuya_app/pps_tuya_white_light.h	551	31	bdbc883d26591ad63eba1cd48a21a128cd872bf271fc279f1aea9ac18f90a8cd	1
ipc_app/tuya_ipc/tuya_gw_sdk/OS_adapter_linux/include/driver/tuya_hal_bt.h	3291	152	7797e2acfb9bfb6d73386d49de7c18d59bb3a43f190ce74c3d8d575496cb8322	1
ipc_app/tuya_ipc/tuya_gw_sdk/OS_adapter_linux/include/driver/tuya_hal_i2c.h	1373	74	45b148a8f66afea8c6e008c9dc6927feb04e2e47bb3ce6e400556df729e033cd	1
ipc_app/tuya_ipc/tuya_gw_sdk/OS_adapter_linux/include/driver/tuya_hal_rtc.h	633	48	3d0d3cd20ff7125e641db00d224aa3d065acc096a1377768e0ff3cb0549d95c3	1
ipc_app/tuya_ipc/tuya_gw_sdk/OS_adapter_linux/include/driver/tuya_hal_storge.h	2468	116	3d31f0fc9cffb586695d1b6c510d3c091f744521b25a9e74ba1edaca70d34b41	1
ipc_app/tuya_ipc/tuya_gw_sdk/OS_adapter_linux/include/driver/tuya_hal_wifi.h	15038	558	6ecb4946cce8095cd0fdacb6c01d4ad3b7e4737f6c4da3ef5dced34f43e7bef4	1
ipc_app/tuya_ipc/tuya_gw_sdk/OS_adapter_linux/include/driver/tuya_hal_wired.h	2493	105	6b1ad0fbe3a22e3b7c1c8e0da332ebd285f4792eda6e3f286a8ae97a9e227e9b	1
ipc_app/tuya_ipc/tuya_gw_sdk/OS_adapter_linux/include/system/tuya_hal_fs.h	5744	228	c9d54703be87429ddf7a2966710cc18a042a09dd7ddc838272e7032acc2733c9	1
ipc_app/tuya_ipc/tuya_gw_sdk/OS_adapter_linux/include/system/tuya_hal_memory.h	1434	68	f6e0cade6f0bf25250c07247471470cab4b0a003c298da4b721063c47024aed3	1
ipc_app/tuya_ipc/tuya_gw_sdk/OS_adapter_linux/include/system/tuya_hal_mutex.h	1260	59	3739d03dd5b9c535abce162385c5b46d55887a859b47822edc846c916d3a15be	1
ipc_app/tuya_ipc/tuya_gw_sdk/OS_adapter_linux/include/system/tuya_hal_network.h	12751	350	08ee84cc9198ab1f2c1e19bf0cfd30a0a8d46461ade70a1d828eb313689df896	1
ipc_app/tuya_ipc/tuya_gw_sdk/OS_adapter_linux/include/system/tuya_hal_semaphore.h	1334	64	ef4295f6aecb27cab8cdf3ae560fd5471335162ee4ec00e3c74051647a24536c	1
ipc_app/tuya_ipc/tuya_gw_sdk/OS_adapter_linux/include/system/tuya_hal_system.h	4115	174	2d6da582587fe14adcbdcc5e977c21251e068f1243a11aa72d5249b3408ec248	1
ipc_app/tuya_ipc/tuya_gw_sdk/OS_adapter_linux/include/system/tuya_hal_thread.h	1971	92	0ee2ec03bc080825108b4d88ac4011a75357c1e476c6ac400f56e7e66b53049b	1
ipc_app/tuya_ipc/tuya_gw_sdk/OS_adapter_linux/include/tuya_os_adapter.h	1229	53	cc003805d5d0cb4696cc4e334c51e62fffc38dbb362209b8b2cdab2290d26f3f	1
ipc_app/tuya_ipc/tuya_gw_sdk/OS_adapter_linux/include/tuya_os_adapter_error_code.h	2949	103	deea16c7d6e9ffa82443b3d6be9486d647e43717390a20c0407a98b06fe45f2a	1
ipc_app/tuya_ipc/tuya_gw_sdk/base_db/include/tuya_uf_db.h	486	31	31bf91a5adfe4b10913d5652c51864b54e8c8fa63bcb3aac6e96698ea8a5219b	1
ipc_app/tuya_ipc/tuya_gw_sdk/base_db/include/tuya_ws_db.h	3948	131	446456a67737185be29e59d852c726f8c1cb9325f87445612875a6d1f5968ec3	1
ipc_app/tuya_ipc/tuya_gw_sdk/base_encrypt/include/openssl_encrypt.h	1927	55	1c5f91f1a32c582427ba9810258f48ba87cd4e02711a19201107528b4b9993f0	1
ipc_app/tuya_ipc/tuya_gw_sdk/base_fs/include/uni_fs.h	1434	75	fdfb4e445e1b7ab3f19db2329cce7c80e74ae7dbdf3f0d30ea943fd973aa7d24	1
ipc_app/tuya_ipc/tuya_gw_sdk/base_img_proc/include/tuya_ipc_img_defs.h	1812	77	5bbb763090a48a811ce386dfc20f756c523a14b51e1f28265a928327d3edf16d	1
ipc_app/tuya_ipc/tuya_gw_sdk/base_img_proc/include/tuya_ipc_img_proc.h	3517	106	b4cfe028ea4a192655ea4408abc516dd36963c2bafbb5ebbce6c2b0b2d0e2bdd	1
ipc_app/tuya_ipc/tuya_gw_sdk/base_img_proc/include/tuya_ipc_qrcode_proc.h	1512	43	2204159a4cff2e99eeca7c8648c8a0a6b1e1f83773d21ec9395f9a4e47a72610	1
ipc_app/tuya_ipc/tuya_gw_sdk/base_img_proc/include/tuya_ipc_video_proc.h	3361	92	b17a9568b6d47e5cc5d39abed25c7f6f79084850ae78a4629b1f287b42d8df7a	1
ipc_app/tuya_ipc/tuya_gw_sdk/base_iot_config/include/sdk_version.h	3761	120	28bd9e1f96c3babb879b995f675a1b6ae70404efea07019c30fc49e9fda234ea	1
ipc_app/tuya_ipc/tuya_gw_sdk/base_iot_config/include/tuya_cloud_error_code.h	9696	234	8b86179af28b7f9acff4585c27e635b13e2791d978f7c692fc158250f7db0308	1
ipc_app/tuya_ipc/tuya_gw_sdk/base_iot_config/include/tuya_iot_config.h	5517	281	a0de4a69ce7d74712d8ad175fc06e311bbb9eca1da8285e615113a9ca11e22b3	1
ipc_app/tuya_ipc/tuya_gw_sdk/base_kvs_file/include/kv_storge.h	2212	87	c71516d3a1c3ec1e5683967fe855d8c7429c3a5067d6903876dd604721564a46	1
ipc_app/tuya_ipc/tuya_gw_sdk/base_kvs_file/include/tuya_base_storage_kv_error_code.h	1716	74	f4aaafb28d4d365ff7c6459b771983857204f2d3c443c2a36d327c636bb0078f	1
ipc_app/tuya_ipc/tuya_gw_sdk/base_log_mng/include/log_seq.h	9103	314	1f589c955ae989697cc4d7e7600d9ea1792f6bab392bcc30a1c21f8c8cf9caf2	1
ipc_app/tuya_ipc/tuya_gw_sdk/base_log_mng/include/tuya_base_log_mng_errcode.h	1111	33	ff966907e9d88c57eeb8863046b1e19d5a868d0bc10eb5898f8ed40636047acb	1
ipc_app/tuya_ipc/tuya_gw_sdk/base_log_mng/include/uni_log.h	5559	155	4d1837ccab4997b6de7bdd89c1606bae7686e82e42d8a3f1a418c74c1870f757	1
ipc_app/tuya_ipc/tuya_gw_sdk/base_media/include/codec/tuya_g711_utils.h	972	29	07d4bfb5e84365340cad42e950cccd6ca5deb16e3d2f24b8985f1bf9c69c68bf	1
ipc_app/tuya_ipc/tuya_gw_sdk/base_media/include/flv/tuya_flv_demux.h	971	42	5354979e53dc6b8448029d27d67cf9a592cb99d32c59300e6696077fe5fdb144	1
ipc_app/tuya_ipc/tuya_gw_sdk/base_media/include/flv/tuya_flv_mux.h	841	42	2faba6e5bf1d936f103529eb5c2e2cf3e7a22aadc7def5f8f4e90144a249eca8	1
ipc_app/tuya_ipc/tuya_gw_sdk/base_media/include/rtp/tuya_ipc_aac_rtp.h	3746	113	878c957b58b4c02de779081dccfce4919ce2f05d01fafc471f878b3f4feed1fe	1
ipc_app/tuya_ipc/tuya_gw_sdk/base_media/include/rtp/tuya_ipc_g711_rtp.h	1022	41	45ff1e7abe5ab3a678c80f5817e9be9a4d9bf5d3ff3628516ae29b8f550aee81	1
ipc_app/tuya_ipc/tuya_gw_sdk/base_media/include/rtp/tuya_ipc_h264_rtp.h	2840	93	da676456f0d230d1c35dbe8b134bfd8abe468e02f9bfd4e97b44de960b43ba18	1
ipc_app/tuya_ipc/tuya_gw_sdk/base_media/include/rtp/tuya_ipc_rtp.h	3679	152	feb5964280e5a44e0c157912b5c981faa4265f0da3e246e7772cc44c941bc191	1
ipc_app/tuya_ipc/tuya_gw_sdk/base_media/include/tuya_ipc_media.h	3351	142	fcdc9dd73e3507f10e16ef038ba1e3951942e7175486d9b282b31d50fb551c27	1
ipc_app/tuya_ipc/tuya_gw_sdk/base_monitor/include/ty_monitor.h	909	61	2dd147759e623309e84a095ee2a9cf72ad6393bca24018a5bdce3a488610c6f9	1
ipc_app/tuya_ipc/tuya_gw_sdk/base_msgq/include/com_mmod.h	2613	85	a70eba7feeef3f3a05852da5c212a99b2183a3c584a98eb7bb9210208ada2401	1
ipc_app/tuya_ipc/tuya_gw_sdk/base_msgq/include/tuya_base_msgq_error_code.h	1719	75	d79560498ca72698fed0acfe0e5441b4304e109faf587c6c89d946a85cfb59a6	1
ipc_app/tuya_ipc/tuya_gw_sdk/base_msgq/include/uni_module.h	3083	94	f13e08e9f7af62c104a336f120c79a466b2ca00bb89acba1f0bfeab83d4ac1b5	1
ipc_app/tuya_ipc/tuya_gw_sdk/base_msgq/include/uni_msg_queue.h	7926	238	3e833295a5e0186ee2cd608a14033733118bb4a9440123e37a71b14f16c94a9f	1
ipc_app/tuya_ipc/tuya_gw_sdk/base_security/include/aes_inf.h	7261	172	adf9a06af75f16a03538e26e3063e8507037631558a735b4d1f62a65932f589b	1
ipc_app/tuya_ipc/tuya_gw_sdk/base_security/include/apr_sha1.h	3117	107	c8353d15878ac0ab36ab415186fffa11223b579762119379c9ef390147060218	1
ipc_app/tuya_ipc/tuya_gw_sdk/base_security/include/crc32i.h	1878	35	9d25bfabfbd96cc0f2c8ca0a7521782c97e3508a0d6402129a7d36004afb4808	1
ipc_app/tuya_ipc/tuya_gw_sdk/base_security/include/crc_16.h	1242	44	34af08159e835c1d2dfde916057b7754c3c611e1ecd21f36dfadbed042112161	1
ipc_app/tuya_ipc/tuya_gw_sdk/base_security/include/crc_8.h	1232	43	ae6ef3383d1fe7827c4b601d7e46944a228dc8905793bbc36a9e9221805ef89e	1
ipc_app/tuya_ipc/tuya_gw_sdk/base_security/include/tuya_base_security_error_code.h	1674	73	d81e541cd08d4a385864db58233869713d7c70be2495fd0f46aac15eb5c29cab	1
ipc_app/tuya_ipc/tuya_gw_sdk/base_security/include/tuya_sha256.h	4595	163	3768cfe67e340202c79bba8bba8f3162aebe086ad801e79702156117d0fb0603	1
ipc_app/tuya_ipc/tuya_gw_sdk/base_security/include/uni_base64.h	464	21	4a832c0c607531149f5081c7e1a9d0dae16e1198e07b93fdf7cf9a9d02377197	1
ipc_app/tuya_ipc/tuya_gw_sdk/base_security/include/uni_md5.h	429	18	e6973e432c52765c37455e7a302a1737384e19e1111c6d899b1e91c71564d3d4	1
ipc_app/tuya_ipc/tuya_gw_sdk/base_timeq/include/async_notify.h	1365	53	26a99859967bb262143ced450a80fe618b75abc3da4d92c969943d65176cdf98	1
ipc_app/tuya_ipc/tuya_gw_sdk/base_timeq/include/sys_timer.h	4054	133	95133f78865cac8e11b5ed7756ac0bf94f7b075a185c298492fbd70e21358db9	1
ipc_app/tuya_ipc/tuya_gw_sdk/base_timeq/include/tuya_base_timeq_error_code.h	1836	77	132284820430428fdd703127dcc1d5ffc7234913d5c6e5f3d2e60d0a38634e4f	1
ipc_app/tuya_ipc/tuya_gw_sdk/base_timeq/include/uni_time_queue.h	4105	120	d91c9b887e586e7da2ed1a8dacef1bbd4630581adac7c023e532a3498a3525f9	1
ipc_app/tuya_ipc/tuya_gw_sdk/base_uf_file/include/tuya_base_uf_file_errcode.h	836	28	b219a745ae6a191a3537910f20a40a2d135caf75bbdb5210263530ecd066c7b4	1
ipc_app/tuya_ipc/tuya_gw_sdk/base_uf_file/include/uf_file.h	4679	157	93b714bc44af26f4100a19f65972468cda9866760d6580f524c78bc9671d6eba	1
ipc_app/tuya_ipc/tuya_gw_sdk/base_utilities/include/cJSON.h	3562	94	0b1c04b96ac45bdd5e4d21c77e8edf4c501aba21eb2baed1a3d2a8f36608bd7d	1
ipc_app/tuya_ipc/tuya_gw_sdk/base_utilities/include/hashmap.h	2031	81	d19755be7c80dc7e305f64c4275dd9e9b48b0f13ea8a19ab38427577cb1b9b72	1
ipc_app/tuya_ipc/tuya_gw_sdk/base_utilities/include/mem_pool.h	6677	196	1ea84afa0fbd5e56bb944647f79f4c82489283300362b2d538aaf4b87930ff7c	1
ipc_app/tuya_ipc/tuya_gw_sdk/base_utilities/include/mix_method.h	5072	147	023a882f0d5e24285758a95c715fa2a65e127f4c8a6f7a80197df0e04314db9d	1
ipc_app/tuya_ipc/tuya_gw_sdk/base_utilities/include/tuya_base_utilities.h	974	42	628face881cc932b2836a6ebf55a28cc4fef2c3a737831aeb3167c74e5630b2f	1
ipc_app/tuya_ipc/tuya_gw_sdk/base_utilities/include/tuya_base_utilities_error_code.h	1833	76	43502e6ec317b961ccca0182fbdf4a9298e8c77597add5fcbc3571adaf9670b8	1
ipc_app/tuya_ipc/tuya_gw_sdk/base_utilities/include/tuya_cloud_types.h	3917	199	a61404ed984fa5b9bb0124ce47f809bb765ffe2a467b478b4eabd4f158e6fd4b	1
ipc_app/tuya_ipc/tuya_gw_sdk/base_utilities/include/ty_cJSON.h	7729	155	5cf62ee5b1e53ee62ee0fa210f77d4e059443977a22a17fd004eae9a65029117	1
ipc_app/tuya_ipc/tuya_gw_sdk/base_utilities/include/uni_hlist.h	3954	144	e17d953c985df911e607b23632190a8579fd194a97d6d51ad4fa1dab760f5429	1
ipc_app/tuya_ipc/tuya_gw_sdk/base_utilities/include/uni_network.h	2418	100	9e5dd24959de64d7282557c927a4156b09752549c7b5c0a94b97af48505cc2fe	1
ipc_app/tuya_ipc/tuya_gw_sdk/base_utilities/include/uni_pointer.h	3322	125	7793fc006b1dbe3d8013d2d029880f31fde0e70fc1d62cb83b0b1fb8f3c9ac99	1
ipc_app/tuya_ipc/tuya_gw_sdk/base_utilities/include/uni_queue.h	5771	180	5c680318b52c3990178bb2fb7dbc180d91bab2e64b9b61f355c67f4937652ed0	1
ipc_app/tuya_ipc/tuya_gw_sdk/base_utilities/include/uni_random.h	367	29	7460bfd8b88893bba3dfaec0d12ab5223f24d58c95e7088e8fbf9231405f7db9	1
ipc_app/tuya_ipc/tuya_gw_sdk/base_utilities/include/uni_rfc.h	1607	64	5cfa4e8341108b9ea761db5ce7a9836a6fa33948cd572339641a7566fbdcf127	1
ipc_app/tuya_ipc/tuya_gw_sdk/base_utilities/include/uni_slist.h	3456	132	941d3d01a8f08e737b4025bcaa3ceabd9b0971fde41d51cc0d1e069f37a90c1c	1
ipc_app/tuya_ipc/tuya_gw_sdk/base_utilities/include/uni_thread.h	3664	100	e001ddbdd2062408938fc18688bcfa7455331706344ec6804baba623a4e132ed	1
ipc_app/tuya_ipc/tuya_gw_sdk/base_utilities/include/uni_time.h	7277	213	3ae7c8fbec9741f60fcd4e3d042e501bd4163c98a9ac7863719c9bc45c44f745	1
ipc_app/tuya_ipc/tuya_gw_sdk/base_wifi_intf/include/ty_wifi_mgnt.h	2101	70	685b1a88206409df5e3be80caff839697ce9ca612e5cc03bc321aedacf040243	1
ipc_app/tuya_ipc/tuya_gw_sdk/base_wifi_intf/include/wf_basic_intf.h	7547	241	4d78ae305841587730a6d58de8b8314eaeb26a90e2b46ec9708c6e953bd3db8f	1
ipc_app/tuya_ipc/tuya_gw_sdk/base_wired_intf/include/base_nw_intf.h	3367	120	a325a072d1601856f3c193d29dcad60ad91179ab75ab2af57be5b4d17d804336	1
ipc_app/tuya_ipc/tuya_gw_sdk/base_workq/include/tuya_base_workq_error_code.h	1641	73	03db47c12d839f2c4cfff731393fa05866d1a8278c2d658f94e325c9c65272eb	1
ipc_app/tuya_ipc/tuya_gw_sdk/base_workq/include/ty_work_queue.h	315	20	3c450803c1b03dfcae23a813ffee1a3236faf3438de6718951aa4b1309a89a95	1
ipc_app/tuya_ipc/tuya_gw_sdk/base_workq/include/uni_work_queue.h	2209	68	ef89e2063876703a3a7c738034849b56ab659a82665e6f0be6c90a0db7400e70	1
ipc_app/tuya_ipc/tuya_gw_sdk/mid_http/include/http_inf.h	8210	226	f9e8e82a649feca6e07c1541ecae05a8cf4a18f4106ec10ba2ffb007a620bde7	1
ipc_app/tuya_ipc/tuya_gw_sdk/mid_http/include/http_manager.h	1472	55	99b46b11abe9dbe6d2c6502d5d5dcdc7b62b54c1cc6115d46e647e1121d01854	1
ipc_app/tuya_ipc/tuya_gw_sdk/mid_http/include/httpc.h	28937	726	0fb128e20ea1b265e7fbaf16f0e628d4aff059792dfd283da3751c62d1da3b41	1
ipc_app/tuya_ipc/tuya_gw_sdk/mid_http/include/tuya_mid_http_error_code.h	2275	88	d8d416fd759df2348a0549100039353528de8a5e955cd729e8d88ea8dd0415f1	1
ipc_app/tuya_ipc/tuya_gw_sdk/mid_mqtt/include/mqtt_client.h	7493	222	d5efb0637d9b50f5d5387e23e167cedefd45ab675b249962a85bff41b822a3ef	1
ipc_app/tuya_ipc/tuya_gw_sdk/mid_mqtt/include/tuya_mid_mqtt_error_code.h	1742	76	a4ae5603875df19aba599dd1571d2e92decfab5da8338c1d70025af1824420e2	1
ipc_app/tuya_ipc/tuya_gw_sdk/mid_p2p_libs/include/tuya_rtc.h	7285	184	c2804690440a4038263566102d11b6f9efd480055e5029c2cb04a38b56456a52	1
ipc_app/tuya_ipc/tuya_gw_sdk/mid_rtmp/include/amf.h	5622	164	a42eab041b8988e97f6f5de70bb271bb639b4a8fe1cc31d9903a1267633551ac	1
ipc_app/tuya_ipc/tuya_gw_sdk/mid_rtmp/include/rtmp.h	10996	379	997eda8b6205a960ce17dffd9397cbaba97d2483192d3c9470496d8eea8e6d85	1
ipc_app/tuya_ipc/tuya_gw_sdk/mid_rtsp/include/rtsp_server.h	3033	109	af0d630088222fb99efb0240f24b17e1e5d0fcf930c047d4351bf7d1f4556e78	1
ipc_app/tuya_ipc/tuya_gw_sdk/mid_tls/include/mbedtls/aes.h	29438	674	983f414f97e5323188509c49e1cab50e061dba28bad9ae9919c3db1740fbef47	1
ipc_app/tuya_ipc/tuya_gw_sdk/mid_tls/include/mbedtls/aes_alt.h	249	22	19ceafdaceae8b30e9a4802a7118ab11f90d38c08612f9e9afdec33c220ed87c	1
ipc_app/tuya_ipc/tuya_gw_sdk/mid_tls/include/mbedtls/aesni.h	4563	138	e89294867d2cfada004819f1922792836eba06645de42fb81ff961733f79b993	1
ipc_app/tuya_ipc/tuya_gw_sdk/mid_tls/include/mbedtls/arc4.h	4129	146	87b2f54021f71e728352de6fb1facc9a954e35fcbf42c9995a359e94a52910e6	1
ipc_app/tuya_ipc/tuya_gw_sdk/mid_tls/include/mbedtls/aria.h	16314	370	62a14f9896ac20f83252910aa02571f5f8a99d4ced385dbeeda34d79e1bf2c71	1
ipc_app/tuya_ipc/tuya_gw_sdk/mid_tls/include/mbedtls/asn1.h	12232	358	1de3e2901d12396764d8edb984893eaf0f573cfe47f8b50beae3cf39a5b2654b	1
ipc_app/tuya_ipc/tuya_gw_sdk/mid_tls/include/mbedtls/asn1write.h	13450	329	7301e721ace4ef944a69fe032ee25327ce06f78e865826af53723b6748e8fe3a	1
ipc_app/tuya_ipc/tuya_gw_sdk/mid_tls/include/mbedtls/base64.h	3298	98	bf2d2c97254cd8fef66c4098029ba84ac8ca1bb1db7fb6e9d1e478aa92a148ba	1
ipc_app/tuya_ipc/tuya_gw_sdk/mid_tls/include/mbedtls/bignum.h	40645	966	b37647684c7785c236438b63352c8abc431d68ced51988357233bcbdd3ac2d47	1
ipc_app/tuya_ipc/tuya_gw_sdk/mid_tls/include/mbedtls/blowfish.h	12561	287	cfb03cf458a1b1be6b7fdf3fb471dd9f9d608712c456e27c9672a915a82c2728	1
ipc_app/tuya_ipc/tuya_gw_sdk/mid_tls/include/mbedtls/bn_mul.h	36136	915	7b913a958ac76ab277759574d25cdf91075a3f9fe6e7628c610748a5d2071817	1
ipc_app/tuya_ipc/tuya_gw_sdk/mid_tls/include/mbedtls/camellia.h	14090	326	d3fa98000180edf5f6482a25e088f5fe40fb1188c677a19c1d6651226c72d4ad	1
ipc_app/tuya_ipc/tuya_gw_sdk/mid_tls/include/mbedtls/ccm.h	14060	310	f6054030aadd641e0aff5f0d8b9be326dd66ac39f25de0f80312499056934c11	1
ipc_app/tuya_ipc/tuya_gw_sdk/mid_tls/include/mbedtls/certs.h	9405	252	aa7281ddf2887a4edc01883c5a8ee5cd9aaf830fabf7e05f9e64937a19732c72	1
ipc_app/tuya_ipc/tuya_gw_sdk/mid_tls/include/mbedtls/chacha20.h	8816	226	1dceb8b451d3b5a380d84cc4fc8627e70cb09782b30f3245725bb671d48a147b	1
ipc_app/tuya_ipc/tuya_gw_sdk/mid_tls/include/mbedtls/chachapoly.h	16194	358	21ae0895c196fe66f9b10ee0f2bbb89cc37398ca55ac42f4054ea62788eb92ef	1
ipc_app/tuya_ipc/tuya_gw_sdk/mid_tls/include/mbedtls/check_config.h	27600	702	41978b7f48f78b36e983b3ec7e4dd6d60a3d94483dda4d7900844f5ac46756c9	1
ipc_app/tuya_ipc/tuya_gw_sdk/mid_tls/include/mbedtls/cipher.h	39243	872	87072a82bcbea119279ec25fb535fa1db1d2e4888be6ab5b0dd14bfcb0f3ce55	1
ipc_app/tuya_ipc/tuya_gw_sdk/mid_tls/include/mbedtls/cipher_internal.h	3829	125	aaa7c0786798a86474f719d073a940653e61734f0d136a4603321bf41290b0d8	1
ipc_app/tuya_ipc/tuya_gw_sdk/mid_tls/include/mbedtls/cmac.h	7994	213	6b5b2adce10bdda600d2bc63545d8aef35e93e23c4b95951f8e01389dfdbcffe	1
ipc_app/tuya_ipc/tuya_gw_sdk/mid_tls/include/mbedtls/compat-1.3.h	129770	2531	560336a241e8e8d51c43f1478e791784b388dbcdcb73346364ba8a289db93e9b	1
ipc_app/tuya_ipc/tuya_gw_sdk/mid_tls/include/mbedtls/config.h	1694	60	caafaf23b43e0b0fea7f5bdbed3c56ada2ffa3dc23332236ac3b6cf92c47cf17	1
ipc_app/tuya_ipc/tuya_gw_sdk/mid_tls/include/mbedtls/ctr_drbg.h	14260	380	6d6cf411dba523412bb38b549ffe615321b6bdfe562fcf8b4ceaaf4d03a171ca	1
ipc_app/tuya_ipc/tuya_gw_sdk/mid_tls/include/mbedtls/debug.h	10154	265	6b2cfab54ff48fbe39127efec01ac0b75820b11ab96c8341675fe2007659522c	1
ipc_app/tuya_ipc/tuya_gw_sdk/mid_tls/include/mbedtls/des.h	11361	356	196dbbf13890b4040dcb2a8b2b2374c038c0504eb3dec9139d08514ff5a44324	1
ipc_app/tuya_ipc/tuya_gw_sdk/mid_tls/include/mbedtls/dhm.h	54771	1096	23bd808aa77fecf1ad0dc61d4be05565c531a0a7fa37aaae8324b2b9b5a92fad	1
ipc_app/tuya_ipc/tuya_gw_sdk/mid_tls/include/mbedtls/ecdh.h	18538	440	583e760d46455e3c7c4f32d5085f3374e2bcf75bf3a105413f2dc70255c27a42	1
ipc_app/tuya_ipc/tuya_gw_sdk/mid_tls/include/mbedtls/ecdsa.h	24837	545	217df95a35e3deda341748049a1850cc93d354cdfc7ac193bc774eefdd5deb7e	1
ipc_app/tuya_ipc/tuya_gw_sdk/mid_tls/include/mbedtls/ecjpake.h	11328	277	d95744cbc277598e10299016d1d7cad346962b33c1f32f541021e461b4c395f4	1
ipc_app/tuya_ipc/tuya_gw_sdk/mid_tls/include/mbedtls/ecp.h	50692	1132	d3bef8ad124eacefab8ddf61ff826155fd7eef9170da0b40425da5e4ff91ecdb	1
ipc_app/tuya_ipc/tuya_gw_sdk/mid_tls/include/mbedtls/ecp_internal.h	10633	299	84e94fa8d757ad8e3b7d9453aab635f28396b78134b1b10305c5ee425f52c855	1
ipc_app/tuya_ipc/tuya_gw_sdk/mid_tls/include/mbedtls/entropy.h	9701	289	377d60374c275105b8c33362b26c5405eabe868f5e14ad0c3596b2ed7b023e69	1
ipc_app/tuya_ipc/tuya_gw_sdk/mid_tls/include/mbedtls/entropy_poll.h	3308	110	e1b77dd92b244e09064923aae8f31fdd334b158a3c15b0df5bdcabe3a9fce3d9	1
ipc_app/tuya_ipc/tuya_gw_sdk/mid_tls/include/mbedtls/error.h	4051	129	e945998991d14775c81b4a063bdffda418d87e5707b7de1245abaf04cce17689	1
ipc_app/tuya_ipc/tuya_gw_sdk/mid_tls/include/mbedtls/gcm.h	13916	326	d581d70ed13b3f6d4d44be682d7d05522957eabce7ebdd407ff35e8a732f2bc2	1
ipc_app/tuya_ipc/tuya_gw_sdk/mid_tls/include/mbedtls/havege.h	1900	81	3752dc40dffb17b92ff2917838a4e8b973d95654892422be234f6b0f5779e424	1
ipc_app/tuya_ipc/tuya_gw_sdk/mid_tls/include/mbedtls/hkdf.h	5894	141	ee4738accecd52b8ad0efeb0c3ccb651cbf7d44cb5720af583213cab25d8f2e0	1
ipc_app/tuya_ipc/tuya_gw_sdk/mid_tls/include/mbedtls/hmac_drbg.h	12231	334	41b320f8c8f5f5e0d836af953bbe9cfdc7ebdca622714e0e633f4e1cd865c6b6	1
ipc_app/tuya_ipc/tuya_gw_sdk/mid_tls/include/mbedtls/md.h	18040	468	013d571eda06d5892094a2f343c2e6ec1328dcbe56a4027b51b7aa4f2f672457	1
ipc_app/tuya_ipc/tuya_gw_sdk/mid_tls/include/mbedtls/md2.h	9297	306	52172a6e62193f32b266b42765f4816fda39ee17c163bfde1ff12c338654c03b	1
ipc_app/tuya_ipc/tuya_gw_sdk/mid_tls/include/mbedtls/md4.h	9528	311	e1c65ca2154866241c56ea0862c901dbcbdeda1b07e55c0bc997da67b9e64500	1
ipc_app/tuya_ipc/tuya_gw_sdk/mid_tls/include/mbedtls/md5.h	9534	311	ec3804391e062232dd6d517cd84c279aa6fc8596678767a686b6e1c63edcac6e	1
ipc_app/tuya_ipc/tuya_gw_sdk/mid_tls/include/mbedtls/md_internal.h	3083	115	40f2ad9b420c61c093ee975ad5585703c9f077a194847facf58ab125fff0c889	1
ipc_app/tuya_ipc/tuya_gw_sdk/mid_tls/include/mbedtls/memory_buffer_alloc.h	5140	151	cf6ec674bcb187bcdeb8e66efeeae783634ccf9663d6362224cc07341c788c1c	1
ipc_app/tuya_ipc/tuya_gw_sdk/mid_tls/include/mbedtls/net.h	1228	37	61663663d87387ff208c521a74d12e2a7fbdab6ee94a94d0a3702f15dda3801c	1
ipc_app/tuya_ipc/tuya_gw_sdk/mid_tls/include/mbedtls/net_sockets.h	10901	271	1876b5a4328f662e2a65a1f02f8fb6199628360e5fdd4f5e8bdec902f3419872	1
ipc_app/tuya_ipc/tuya_gw_sdk/mid_tls/include/mbedtls/nist_kw.h	7639	184	6d0cae7531f709cffeaf11c8214178eb55fdbf7dd38232a1a70a5b3143a26075	1
ipc_app/tuya_ipc/tuya_gw_sdk/mid_tls/include/mbedtls/oid.h	32100	605	25fbe809d3f5750f31e3e33691a8b09d58a2f970ca80c8f5a25c266344dfc429	1
ipc_app/tuya_ipc/tuya_gw_sdk/mid_tls/include/mbedtls/padlock.h	3876	126	46fca610e7f534ba12873d66fc01256719ec7c7d4b02700951fc70a8784c3a67	1
ipc_app/tuya_ipc/tuya_gw_sdk/mid_tls/include/mbedtls/pem.h	5032	136	96e463a11e87b34f4de0aa8a3e59549cd072c1b9ceeced67c553c67a390352cb	1
ipc_app/tuya_ipc/tuya_gw_sdk/mid_tls/include/mbedtls/pk.h	28837	747	5781003304166d2765b5853a18fbc87410b17da2ee342517ac476d38788b3af0	1
ipc_app/tuya_ipc/tuya_gw_sdk/mid_tls/include/mbedtls/pk_internal.h	4592	138	4a3be081a1a59ee9987bc869b6b262f13148ad8b9da96ade76fa07d223b72506	1
ipc_app/tuya_ipc/tuya_gw_sdk/mid_tls/include/mbedtls/pkcs11.h	5640	175	16b650638120b4a732257a2a46c0ed666f1a53fdc643c201a324a08539015005	1
ipc_app/tuya_ipc/tuya_gw_sdk/mid_tls/include/mbedtls/pkcs12.h	5186	130	4134aff453fe166011f01816580267f7cf9021a90e10dd309c6c72ced164efb0	1
ipc_app/tuya_ipc/tuya_gw_sdk/mid_tls/include/mbedtls/pkcs5.h	3521	109	89ff27fdbe3fade722719f00f99a8616fcdcada6db01430cc044394acd027a87	1
ipc_app/tuya_ipc/tuya_gw_sdk/mid_tls/include/mbedtls/platform.h	12818	367	535631375b86ebe52d60f7162b2a8bbe75bfd8ce377d8a8c6558bd641e920c2f	1
ipc_app/tuya_ipc/tuya_gw_sdk/mid_tls/include/mbedtls/platform_time.h	2122	82	551d9aa3782cbe2142ba11f483f39c82596d1f14a941d181345d66bd9f1c10b2	1
ipc_app/tuya_ipc/tuya_gw_sdk/mid_tls/include/mbedtls/platform_util.h	7436	185	5836ec658049b432aa79d6a622efd8d1255b56fb7684152e7047c30f038fe87d	1
ipc_app/tuya_ipc/tuya_gw_sdk/mid_tls/include/mbedtls/poly1305.h	7051	192	ced871bc9402aa6a6a3aab9d6ef9185d58f4faf2ed641e7671ddd2ced1f7df88	1
ipc_app/tuya_ipc/tuya_gw_sdk/mid_tls/include/mbedtls/ripemd160.h	6966	237	8d244288045f55435e4016dcec854b3b96133de0688b97ea5555ce0f6b272266	1
ipc_app/tuya_ipc/tuya_gw_sdk/mid_tls/include/mbedtls/rsa.h	64358	1271	68ad45ffc1366710bfc3887d001a5ab19806821e9791645e870cd5410362a713	1
ipc_app/tuya_ipc/tuya_gw_sdk/mid_tls/include/mbedtls/rsa_internal.h	9001	226	2b2f8229f76f319ee9105d03bc5c9ba9da596eb57e374fb83f7cc932f230f087	1
ipc_app/tuya_ipc/tuya_gw_sdk/mid_tls/include/mbedtls/sha1.h	12882	352	8f7f5cd9d4f8790c59b4768c5d18104b8acd7f850b6077fb153390ed2bac5617	1
ipc_app/tuya_ipc/tuya_gw_sdk/mid_tls/include/mbedtls/sha256.h	11082	297	9487dd34935a483a52a9f2b781b8c63a3f477618aa3d8c76ac6d3d6cea9bd09b	1
ipc_app/tuya_ipc/tuya_gw_sdk/mid_tls/include/mbedtls/sha512.h	11231	300	39d7989b4be27dce0183e47820113f2cd183fc1238ac4c4d27c1d55f096c4403	1
ipc_app/tuya_ipc/tuya_gw_sdk/mid_tls/include/mbedtls/ssl.h	159011	3441	c83fa7323008eb5a671c6c7d5f8cc4ac5d96d23c8281d79bab6599571f056c22	1
ipc_app/tuya_ipc/tuya_gw_sdk/mid_tls/include/mbedtls/ssl_cache.h	4291	150	048f660f70f8cbfcdaab140180bdac3f1f72e6153ecc12a8867de9389d5da5d4	1
ipc_app/tuya_ipc/tuya_gw_sdk/mid_tls/include/mbedtls/ssl_ciphersuites.h	26037	540	f4bab53796aa443ed5048fae1d3351e05d5492b9255abd492b1521bdea41e63f	1
ipc_app/tuya_ipc/tuya_gw_sdk/mid_tls/include/mbedtls/ssl_cookie.h	3272	115	80cc1811e01301e3ae010e186a0a4d0272a941bfc269ce85b172d913d005618a	1
ipc_app/tuya_ipc/tuya_gw_sdk/mid_tls/include/mbedtls/ssl_internal.h	30959	786	4e560d017f227027aa24f51dc2337048bff730e6c1762cf9a0d6b55b088fb839	1
ipc_app/tuya_ipc/tuya_gw_sdk/mid_tls/include/mbedtls/ssl_ticket.h	4426	142	e8411f87c83ded66184e4d4fef6812c0e930d1512cdee0426e7553acb03aa38c	1
ipc_app/tuya_ipc/tuya_gw_sdk/mid_tls/include/mbedtls/threading.h	4460	122	696ea6ca05c60daf4c55403be67c4f6c5f3263eeda9033f72b76a99194f88a99	1
ipc_app/tuya_ipc/tuya_gw_sdk/mid_tls/include/mbedtls/timing.h	4698	153	64c2b3b1d9c788530eea5377ba1aa4ecb795623be51257c036145249097643ba	1
ipc_app/tuya_ipc/tuya_gw_sdk/mid_tls/include/mbedtls/version.h	3391	112	dcd3cafe0bed96ab2cee4de76780f43942851f7a8743427cdafb7b80c884b283	1
ipc_app/tuya_ipc/tuya_gw_sdk/mid_tls/include/mbedtls/x509.h	15438	337	72ce7703f99a0da13e665ba75bfeb8efc5ea3dfc1783f649a66a31cb569d03ee	1
ipc_app/tuya_ipc/tuya_gw_sdk/mid_tls/include/mbedtls/x509_crl.h	5312	174	c218c7b3b9a183ad8452eccc6c4cf565179a92471faa0907afe051f2e8667e57	1
ipc_app/tuya_ipc/tuya_gw_sdk/mid_tls/include/mbedtls/x509_crt.h	31532	785	9b90126a74cd37cea0c1c2f4ef5f90f0ec2f524e73ee502f2f7b76e191d755af	1
ipc_app/tuya_ipc/tuya_gw_sdk/mid_tls/include/mbedtls/x509_csr.h	10454	307	a2b104141e20dc41a60eadff453764d7fe2353480041648a16ac7720622b0272	1
ipc_app/tuya_ipc/tuya_gw_sdk/mid_tls/include/mbedtls/xtea.h	3687	139	c0675e4ce88fdd328991971d6650d6142612b8e2048c41038c276d3f28483ec9	1
ipc_app/tuya_ipc/tuya_gw_sdk/mid_tls/include/tuya_mid_tls_error_code.h	1608	73	8fec4148eacfb89020fc1b804d6b6cc1d4f9cf69bba007c8aca3874d9b934130	1
ipc_app/tuya_ipc/tuya_gw_sdk/mid_tls/include/tuya_tls.h	1629	57	bdf5d76f13949b8e50af7c55a5e8fbb456288652d9e14176d576616fde9dd208	1
ipc_app/tuya_ipc/tuya_gw_sdk/mid_tls/include/tuya_tls_config_disable.h	171	6	896eb10c8d9925c2291e11a2e7705ad3f3fa44962b6d6d4346d0739b45b896ad	1
ipc_app/tuya_ipc/tuya_gw_sdk/mid_tls/include/tuya_tls_config_ecc_only.h	110679	3306	27808703168482ad8e1a67605207780cbabd05e721cb6637a737a1fed8f0477f	1
ipc_app/tuya_ipc/tuya_gw_sdk/mid_tls/include/tuya_tls_config_ecc_only_ipc.h	110979	3321	2bccaf9a9081f847e2367fbcfb0df86272f8ceb1b9d26eaf69f1b9548a37bb58	1
ipc_app/tuya_ipc/tuya_gw_sdk/mid_tls/include/tuya_tls_config_ecc_psk.h	110724	3308	140f1a77a433036fc3618325953913d6a326390aab020e6389d8427d462f9b26	1
ipc_app/tuya_ipc/tuya_gw_sdk/mid_tls/include/tuya_tls_config_no_strip.h	110774	3309	53f69832e160025d138696346b574a1b4c0a4b257e10f708765f375ededb308a	1
ipc_app/tuya_ipc/tuya_gw_sdk/mid_tls/include/tuya_tls_config_psk_only.h	110862	3321	d75d47af149b7102a529a60db1c5c75bd423bef18907d20a6e66fa17820d5413	1
ipc_app/tuya_ipc/tuya_gw_sdk/svc_3rd_stream/include/tuya_ipc_chromecast.h	2111	81	d23452c4f9b608f1eeae6b0102f7d9edaf6fdaeef10ba41013c0322c9d9d3462	1
ipc_app/tuya_ipc/tuya_gw_sdk/svc_3rd_stream/include/tuya_ipc_echo_show.h	1193	54	b0f22b0bd87a5b6e296b334b51b183e441cdeafd9360354e35969c1aba7e465b	1
ipc_app/tuya_ipc/tuya_gw_sdk/svc_3rd_stream/include/tuya_ipc_rtsp_server.h	717	34	ec315af1d15a5048908726a00c02b667715d2c3de61a36a9a01cf29ea6942273	1
ipc_app/tuya_ipc/tuya_gw_sdk/svc_activate/include/direct_connect_tuya.h	483	27	e09773cf1fbeddac1d048668a66c5cbcef65d51be8d924dbc17a0df0469d546e	1
ipc_app/tuya_ipc/tuya_gw_sdk/svc_ai_detect_storage/include/tuya_ipc_ai_detect_storage.h	1731	66	e63b021e61a3290e2196a72740b73d373629f30b5f5540c082fb72ebd33659ec	1
ipc_app/tuya_ipc/tuya_gw_sdk/svc_ai_detect_storage/include/tuya_ipc_ai_face_db.h	1462	74	d6c85f516e47a1e45e2e7194d4ed01e417395c33e54b9fe575dd834ab772ac9a	1
ipc_app/tuya_ipc/tuya_gw_sdk/svc_ai_detect_storage/include/tuya_ipc_ai_face_detect.h	3028	94	a906cf4a1534b2ef37e0d44dbbde914d25e92bd6db06f0be1a2d0f6780a1f0ec	1
ipc_app/tuya_ipc/tuya_gw_sdk/svc_ap_netcfg/include/ap_netcfg.h	971	53	4682294698fae35e111d7fef3f4b6b34966bfde3564467abfc703d4cb3db7fb1	1
ipc_app/tuya_ipc/tuya_gw_sdk/svc_api_iot/include/tuya_iot_com_api.h	30433	671	bccbfbf2127febebd5f54a0e40d6dfdaa97fb6ce306ac1aae3ae12cabeb45792	1
ipc_app/tuya_ipc/tuya_gw_sdk/svc_api_iot/include/tuya_iot_internal_api.h	7224	182	d1fa4b48e9d4a17f8c7339f53a711764f01c2fc9baac301c71b172fdd6722c4b	1
ipc_app/tuya_ipc/tuya_gw_sdk/svc_api_ipc/include/tuya_ipc_api.h	14861	411	b5a2a9a3f07f71d3ac6b4d8cffc8267fc22bbe0dc0fa8a1395de77be7e53969e	1
ipc_app/tuya_ipc/tuya_gw_sdk/svc_api_wifi/include/tuya_iot_wifi_api.h	8384	203	9ee0a5e1ce4b4fefe6b65eca6be7c37c9c9ae987c654a1681cdca3b357ff20f0	1
ipc_app/tuya_ipc/tuya_gw_sdk/svc_api_wired_wifi/include/tuya_iot_wired_wifi_api.h	9175	211	89d47468c884c79e1145a0117b9b895c8388b5d38af1ba0e5fdc1bea1e4ef45e	1
ipc_app/tuya_ipc/tuya_gw_sdk/svc_cloud_storage/include/storage_service.h	551	16	789e1fbbbbd11691498d7467e9a370392fd0473ee55257c0ef2f15d4dae7eaa4	1
ipc_app/tuya_ipc/tuya_gw_sdk/svc_cloud_storage/include/tstool/ac3_fns.h	1687	59	78ac87fbc0966ee1dc3c0981e3493e09a5387cbf8ba7dc21e2a03a20c3a70251	1
ipc_app/tuya_ipc/tuya_gw_sdk/svc_cloud_storage/include/tstool/accessunit_defns.h	5885	138	85215b4643d024e58bb7a6db9ff4dcb1a0f3d184939585164b39f512fb404ea4	1
ipc_app/tuya_ipc/tuya_gw_sdk/svc_cloud_storage/include/tstool/accessunit_fns.h	11949	305	eb97c16fb7d5515250576058546279e3cc205033f7466e834d1999133ab5013e	1
ipc_app/tuya_ipc/tuya_gw_sdk/svc_cloud_storage/include/tstool/adts_defns.h	1822	53	d74fb2da4827bde55048261f74d96fb96d053ae59f766c4344a8ec7230d8cb3d	1
ipc_app/tuya_ipc/tuya_gw_sdk/svc_cloud_storage/include/tstool/adts_fns.h	2401	77	ad5ec271ef904066e1d56851bc455366713d4416c3f4d420ea0a1fff431c7603	1
ipc_app/tuya_ipc/tuya_gw_sdk/svc_cloud_storage/include/tstool/audio_defns.h	2239	69	f1365b767009baec712a962596672d973bcdbdb756ba4089d379fcce0d5ce498	1
ipc_app/tuya_ipc/tuya_gw_sdk/svc_cloud_storage/include/tstool/audio_fns.h	2234	73	bb2f044986171a1816e6f61b6c0e028d7434fc3f1bde8fa305382a793649765c	1
ipc_app/tuya_ipc/tuya_gw_sdk/svc_cloud_storage/include/tstool/avs_defns.h	5429	139	31445eb4e27a3f15da2bf28031ad48bee99f192bc05523f44819c2051c886fde	1
ipc_app/tuya_ipc/tuya_gw_sdk/svc_cloud_storage/include/tstool/avs_fns.h	7041	203	7d32ccd3d90a68da0e248ef3a09745c06c2d2fdf9588436e882eeb20ccece2d9	1
ipc_app/tuya_ipc/tuya_gw_sdk/svc_cloud_storage/include/tstool/bitdata_defns.h	1574	54	baaf0ddc96b0881a31a261bf7b131747d5fe28ef3c230885a189794be86d4891	1
ipc_app/tuya_ipc/tuya_gw_sdk/svc_cloud_storage/include/tstool/bitdata_fns.h	3551	123	382a52ae60f35337b5a2fe2913ea5a2bf17ea839bff089c3cc6781fe066f376c	1
ipc_app/tuya_ipc/tuya_gw_sdk/svc_cloud_storage/include/tstool/compat.h	5315	163	bc734422014d2e81baec32c5398724ab46a72ccf92c2e4f8245b16843f20724b	1
ipc_app/tuya_ipc/tuya_gw_sdk/svc_cloud_storage/include/tstool/es_defns.h	5838	151	868e917155f7e0aea879ca2c82183be29de2bf946eea82f110d8d4eec8ec96f5	1
ipc_app/tuya_ipc/tuya_gw_sdk/svc_cloud_storage/include/tstool/es_fns.h	14989	434	b6d0dbc7975a36149355e0bb132ba9cf25a90742a12e16b6828e78f937734095	1
ipc_app/tuya_ipc/tuya_gw_sdk/svc_cloud_storage/include/tstool/ethernet.h	1984	80	8ecfe7f3b99da4740bf509934a2bd8f235ade5ae37476dc6c8d66c55e6a33cf2	1
ipc_app/tuya_ipc/tuya_gw_sdk/svc_cloud_storage/include/tstool/filter_defns.h	4276	113	81a8db39a2f401cd852452085774fce3095443f15a458b64904c2ff71605254b	1
ipc_app/tuya_ipc/tuya_gw_sdk/svc_cloud_storage/include/tstool/filter_fns.h	10762	269	6914d8a98c293499069ccc808c7e6a4f7bfc57d3b52c9763c35784b2ed44e074	1
ipc_app/tuya_ipc/tuya_gw_sdk/svc_cloud_storage/include/tstool/fmtx.h	1966	65	679fb2c5d56099d593039bfbe3fcfe5c879a175ad7ca695df2e956cdb82a2ff4	1
ipc_app/tuya_ipc/tuya_gw_sdk/svc_cloud_storage/include/tstool/h222_defns.h	9519	216	4919a703e55b69708b9f0c139395624e14c02930c07200cdd83f4fc7f3cf8eab	1
ipc_app/tuya_ipc/tuya_gw_sdk/svc_cloud_storage/include/tstool/h222_fns.h	1401	45	88edadfd1e9d02802115ce942dab4184c0856971181ab84c93808bcb411658d3	1
ipc_app/tuya_ipc/tuya_gw_sdk/svc_cloud_storage/include/tstool/h262_defns.h	11169	255	b9ea6982b684359b7f95f98f829061189b6741c3329fa62a6408fc10307df6a2	1
ipc_app/tuya_ipc/tuya_gw_sdk/svc_cloud_storage/include/tstool/h262_fns.h	8734	242	b1e08f1b2007b90a17e0d6d8772a5643654c2747b640f22dc958fdca7c9e9b10	1
ipc_app/tuya_ipc/tuya_gw_sdk/svc_cloud_storage/include/tstool/ipv4.h	2629	131	3912d1665d8c20b482d08b84f2a0f60969e1b21ea4967d4954d9d9c837eb7821	1
ipc_app/tuya_ipc/tuya_gw_sdk/svc_cloud_storage/include/tstool/l2audio_fns.h	2173	72	f312ae41967f7c0c8d165bce76910cdd785bb63419503db87e215e869e8e07ac	1
ipc_app/tuya_ipc/tuya_gw_sdk/svc_cloud_storage/include/tstool/misc_defns.h	2193	65	78ef7714e300218799295770f4adca17041a4f65e01e40d8424d3d5bf276c88a	1
ipc_app/tuya_ipc/tuya_gw_sdk/svc_cloud_storage/include/tstool/misc_fns.h	16171	468	d5423c90c7ab4d2fdc04c7bc359830f5bb3746da526dfb34a395f1046c5a650e	1
ipc_app/tuya_ipc/tuya_gw_sdk/svc_cloud_storage/include/tstool/nalunit_defns.h	9525	271	662e3df59c1d30d48d339388c1e004a48ef91ba4f69d27b03d3bc7df025cbe00	1
ipc_app/tuya_ipc/tuya_gw_sdk/svc_cloud_storage/include/tstool/nalunit_fns.h	12153	353	4ad7506a0b5841859a14bc6ea1259e81cde1d53b6041e4210075f779f3a1ded8	1
ipc_app/tuya_ipc/tuya_gw_sdk/svc_cloud_storage/include/tstool/pcap.h	3422	146	5f814975ca3dfd094f1d22c56cbad59f339a6503aaa00d1db30933f414ee461d	1
ipc_app/tuya_ipc/tuya_gw_sdk/svc_cloud_storage/include/tstool/pes_defns.h	10441	235	b59884fffb55c84aabb76165a6c43e1d6b843a4917ff5f6cb7ff588b40dc0060	1
ipc_app/tuya_ipc/tuya_gw_sdk/svc_cloud_storage/include/tstool/pes_fns.h	21316	553	f45028ec45211a7c4b1cf1f75bfe54f27d6d0695a459be5dc24d6ba19d94aa4c	1
ipc_app/tuya_ipc/tuya_gw_sdk/svc_cloud_storage/include/tstool/pidint_defns.h	2975	94	eec19491446d4131a5dd7590c66a2063964a32ca57c423698cbeaaa411cca85c	1
ipc_app/tuya_ipc/tuya_gw_sdk/svc_cloud_storage/include/tstool/pidint_fns.h	8252	247	f3ba6546aca69426d944f035ea2042c5e3b27da9b3cc04726599b2a19ca359b2	1
ipc_app/tuya_ipc/tuya_gw_sdk/svc_cloud_storage/include/tstool/ps_defns.h	5587	144	7edd5d11afd4057fdc1ea37ee9fca43dabd61d08de2e5411875a380ea4e5f395	1
ipc_app/tuya_ipc/tuya_gw_sdk/svc_cloud_storage/include/tstool/ps_fns.h	13753	358	d75d85f445a8aef37d8cb8fde51d43e84e0c012928da99749a147c61df40abd2	1
ipc_app/tuya_ipc/tuya_gw_sdk/svc_cloud_storage/include/tstool/reverse_defns.h	5904	134	243533ea3b02779b7ccfc9ea606f93919dd2d730ed2642ddefc65d108fe1db37	1
ipc_app/tuya_ipc/tuya_gw_sdk/svc_cloud_storage/include/tstool/reverse_fns.h	15463	340	58e95323ed2dbf4ca9a0dc6d0a49b33f32c41ba251d1ff26f25392a39e8ac9e2	1
ipc_app/tuya_ipc/tuya_gw_sdk/svc_cloud_storage/include/tstool/ts_defns.h	2756	77	4d0959de286935db71a62316480fc1d3960a9b7cceb030bae3c1d65569cf2b47	1
ipc_app/tuya_ipc/tuya_gw_sdk/svc_cloud_storage/include/tstool/ts_fns.h	33532	782	78d50212d5ab36116cceff21b6473f291ecbf92c9bc683b443301fed038ab34e	1
ipc_app/tuya_ipc/tuya_gw_sdk/svc_cloud_storage/include/tstool/tswrite_defns.h	14080	343	3e0d852dfb8031d3fd9585b32b56e8149e548035cd1e67bda688945a314a8f0f	1
ipc_app/tuya_ipc/tuya_gw_sdk/svc_cloud_storage/include/tstool/tswrite_fns.h	14345	352	52e52cb7a47336940cd11d76c1fbe4ea0503fd84ccd91a5079618f4fbbb00f4d	1
ipc_app/tuya_ipc/tuya_gw_sdk/svc_cloud_storage/include/tstool/version.h	1505	48	72d9f7ac81f351d3719e0328d73956527abdde3a9328b0f9323b533e5f5e8d62	1
ipc_app/tuya_ipc/tuya_gw_sdk/svc_cloud_storage/include/tstool/video_defns.h	1571	49	d4c62541c6676cc7c542831940a965d09bafc3e11d2363a24b2e3bc70777bd87	1
ipc_app/tuya_ipc/tuya_gw_sdk/svc_cloud_storage/include/tuya_ipc_cloud_storage.h	6725	184	f504c8ca3981899456a55c14d26d5ee84b5bfc58b2d9de94c1c365c791fabdb4	1
ipc_app/tuya_ipc/tuya_gw_sdk/svc_devos/include/tuya_cloud_base_defs.h	1556	62	e9db63769757072a86143adc88fd98516b6d68bbeea4edc4fb380dfe7f074a50	1
ipc_app/tuya_ipc/tuya_gw_sdk/svc_devos/include/tuya_cloud_com_defs.h	25161	720	cfb23f23eb8b6b958c72811219d3ed1f5018f05b556e74418f4613e5e03aadcd	1
ipc_app/tuya_ipc/tuya_gw_sdk/svc_devos/include/tuya_cloud_wifi_defs.h	5225	126	187bfff0f2c8bec1115e370b311b26a5bac2622331fba6ae901312b48b5d393d	1
ipc_app/tuya_ipc/tuya_gw_sdk/svc_devos/include/tuya_cnt_rst.h	703	26	d69ce2ffc49f1c4ef84964d8e820fe42e7350c2ab292d63c49a89fc7f42db331	1
ipc_app/tuya_ipc/tuya_gw_sdk/svc_devos/include/tuya_components.h	1192	51	825325510d70c8e7a2113280ec96059b50204444518266d48363965a0bff2fbc	1
ipc_app/tuya_ipc/tuya_gw_sdk/svc_devos/include/tuya_dev.h	961	44	fc246480057016c220967451737e28af66fcacb57c10bdc74388d085a41fa055	1
ipc_app/tuya_ipc/tuya_gw_sdk/svc_devos/include/tuya_global_errcode.h	3487	157	c774fb6a8368460fe1284f505a24932f1e08054de616d0b476a2eaf38bc2ff89	1
ipc_app/tuya_ipc/tuya_gw_sdk/svc_devos/include/tuya_sdk_version.h	0	0	e3b0c44298fc1c149afbf4c8996fb92427ae41e4649b934ca495991b7852b855	1
ipc_app/tuya_ipc/tuya_gw_sdk/svc_dp/include/smart_frame.h	5315	146	7749da9c72dafecc7fdc8b06ca5fcb7748410f3b42cf88e5b5e70402fdfddbcd	1
ipc_app/tuya_ipc/tuya_gw_sdk/svc_dp/include/tuya_system_dp.h	331	23	4df014f3735ac0a66a69b88166b6c4912b35a262fa612686dfb0c66edb8cecb0	1
ipc_app/tuya_ipc/tuya_gw_sdk/svc_home_security/include/home_security.h	4307	118	b579ce183fe55a523416f0cd987f3278434ce6985b07f61ab63f9998dd38d33b	1
ipc_app/tuya_ipc/tuya_gw_sdk/svc_home_security/include/ws_db_home_security.h	898	38	7ee90eac879b6839bd7a9ebbd5febbb000521e9a44f3dcb22d25307a100bbb8a	1
ipc_app/tuya_ipc/tuya_gw_sdk/svc_http/include/iot_httpc.h	10012	201	8923a262b7b5a9c24d0458b6f20e2a32ac9f202919b827e0e6bf00298f8f8be3	1
ipc_app/tuya_ipc/tuya_gw_sdk/svc_http/include/ipc_httpc.h	2986	101	20abc42c5fd35e7eca1ee43782c03a7a7d12023747f39ee75d320e1a6702f4f0	1
ipc_app/tuya_ipc/tuya_gw_sdk/svc_ipc_common/include/motor_ptz/tuya_ipc_ptz.h	1567	59	b13c7878736ac3d1d874fb2e448a516ea8b4f8af435472a2993c58bbcdb94a3b	1
ipc_app/tuya_ipc/tuya_gw_sdk/svc_ipc_common/include/tuya_ipc_mqt_proccess.h	1949	60	da232219891e713254cd4d7cffb2588d4a6b9bedcdda92b57f104892186b5d9c	1
ipc_app/tuya_ipc/tuya_gw_sdk/svc_ipc_common/include/video_msg/tuya_ipc_video_msg.h	1586	65	1e0fbd4c3febf77e7a43f34f4f508cd67c0d853f8743c0a1110ae66e1ae92130	1
ipc_app/tuya_ipc/tuya_gw_sdk/svc_lan/include/ak_lan_protocol.h	1557	59	d54137cb056aac9c3d171773e84dfbbc8aa13d7d1900bcb2481bb0e92aaf955f	1
ipc_app/tuya_ipc/tuya_gw_sdk/svc_lan/include/app_agent.h	1083	49	e30f86d62481be5e9d55de1b4d5825b1b8e0917232497c1bbe5e6adc2a99a9c9	1
ipc_app/tuya_ipc/tuya_gw_sdk/svc_lan/include/lan_protocol.h	4051	162	de93c4ebc0c58507333c03246da0c97dd4f64b07907cbf262c85307d53b71f34	1
ipc_app/tuya_ipc/tuya_gw_sdk/svc_local_linkage/include/action.h	3397	142	9a51fa52596d42ca98b23afdd4b61ec633b8c8e1926336f1289f4f31ca193481	1
ipc_app/tuya_ipc/tuya_gw_sdk/svc_local_linkage/include/condition.h	6878	261	75df8cc8b4f743c0acdf08704381636707ebb9b5414b307a1b4d84e20252c5af	1
ipc_app/tuya_ipc/tuya_gw_sdk/svc_local_linkage/include/scene_linkage.h	2634	87	519bc5fd1cec84f8c6cbb573502dbfb05cb5bca46e52142f4ec6885742f2184b	1
ipc_app/tuya_ipc/tuya_gw_sdk/svc_local_storage/include/tuya_ipc_stream_storage.h	12199	370	5442e5ef64b030d612e6afaaa5acf7bf97ad6f3f212da08eccdb070e813d089c	1
ipc_app/tuya_ipc/tuya_gw_sdk/svc_mf_test/include/mf_test.h	2981	97	2c25cc16d0503888a32f3926c773ab03b903ba955a57fc96ae3cb9d9133e7abc	1
ipc_app/tuya_ipc/tuya_gw_sdk/svc_mqtt/include/mqc_app.h	5889	132	e3ce88c0c1ef8b6fc845e7969bc78fa6bb2531ca7ede485bdf28f6c336954d4c	1
ipc_app/tuya_ipc/tuya_gw_sdk/svc_net_storage/include/cloud_operation.h	4084	123	4074bbec7532e845f55b0b77fa51231e841f44b518e5c998aa51c709d848878c	1
ipc_app/tuya_ipc/tuya_gw_sdk/svc_netcfg_module/include/netcfg_module.h	3400	132	80a2c9bde94e9e9b2a66b715f76b38307c462f64998e68972f26cedbddcb6121	1
ipc_app/tuya_ipc/tuya_gw_sdk/svc_notification/include/upload_notification.h	2464	54	87f88fcfa4d3c9542a7b2ddda68eed21924c1f054b2ab0a5cfce037577a8ac47	1
ipc_app/tuya_ipc/tuya_gw_sdk/svc_online_log/include/svc_online_log.h	1879	80	5aa30409fe4282f09209bf598ef5b0505729e694d99974d5b05b9abfe74286ba	1
ipc_app/tuya_ipc/tuya_gw_sdk/svc_online_log/include/svc_online_log_db.h	540	28	1627dbf3c41b65cd3538ec64b1cc55100e4dc91d6cc5df21dc3af0baba881eba	1
ipc_app/tuya_ipc/tuya_gw_sdk/svc_online_log/include/svc_online_log_http.h	380	27	38de0f8f7cb4106e58f179df4fded639ba57d78434bfcae2d94e8e610ad99fb4	1
ipc_app/tuya_ipc/tuya_gw_sdk/svc_online_log/include/svc_online_log_mqtt.h	829	33	f175a66f2997ab2fd4c2f16704b61491f9a3eaa62ebd641cc5fa5d2a29fe0d1a	1
ipc_app/tuya_ipc/tuya_gw_sdk/svc_online_log/include/tuya_svc_online_log.h	1052	48	8084b6f338a37090f94606f82494013c77d45ddd2736bdbd19dd3b20efbdd513	1
ipc_app/tuya_ipc/tuya_gw_sdk/svc_p2p_common/include/tuya_ipc_p2p_common.h	3009	120	66a536f35c7445de22a80e2cbe333ce3ad840f17f501fbad3d633444baced7a9	1
ipc_app/tuya_ipc/tuya_gw_sdk/svc_protocol/include/com_protocol.h	1927	59	6fba77b111d4a56d0466eb748f8186f895ed471cff2477346acb9a97733c4835	1
ipc_app/tuya_ipc/tuya_gw_sdk/svc_ring_buffer/include/tuya_ring_buffer.h	4684	121	9a7e26a4125ef892ce5ee619d752291f9ca2a8a961d9180d118e5574a453a498	1
ipc_app/tuya_ipc/tuya_gw_sdk/svc_smart_gw/include/gw_intf.h	25435	845	ed82d9a8982705078e187a8b82bd4e31ffdc6c2ff6d8ba9e3b0f48d4999d1521	1
ipc_app/tuya_ipc/tuya_gw_sdk/svc_smart_gw/include/ws_db_dev.h	1943	75	efe8b7061f9c5dfc21864b209476ede6ff0330dc069300ed91093afad1783eb1	1
ipc_app/tuya_ipc/tuya_gw_sdk/svc_smart_gw/include/ws_db_gw.h	2846	102	935cc7963cb714fbd65bf0e847029a346fa2b8ba7433dc8a73af38783f055724	1
ipc_app/tuya_ipc/tuya_gw_sdk/svc_smart_gw/include/ws_db_subdev.h	3699	121	abb3d2d0901305b00d3fc756f293acb94b9a7bcf6564be768888026846bba242	1
ipc_app/tuya_ipc/tuya_gw_sdk/svc_streaming/include/tuya_ipc_p2p.h	13716	443	c9ff23da52d5a451a4fffb57658186a552b129ecfe474e555c40147fa5c5cc39	1
ipc_app/tuya_ipc/tuya_gw_sdk/svc_streaming/include/tuya_ipc_p2p_error.h	1366	29	b38de8479a3646130accb42a50fce5fbc1a4b404879cbe68de23849510c28db0	1
ipc_app/tuya_ipc/tuya_gw_sdk/svc_streaming/include/tuya_ipc_webrtc.h	1913	89	2a4728b65e80e2c65306b12bddbd2b316cde14db8ad31590a72572a205520b95	1
ipc_app/tuya_ipc/tuya_gw_sdk/svc_timer_task/include/tuya_svc_timer_task.h	867	40	d25bf98af6b67ef7a2aaba86735e70b8216de250135ff81946eaae80ffde3a22	1
ipc_app/tuya_ipc/tuya_gw_sdk/svc_upgrade/include/tuya_svc_upgrade.h	2866	102	c4dbbcdd5122c0b202764eba14357570354f42f0ddfcc4c7bc7cc942de9e2e15	1
ipc_app/tuya_ipc/tuya_gw_sdk/svc_upgrade/include/tuya_svc_upgrade_errcode.h	1947	86	b2f7bf2af75c5b2571607684cb8b0abf93de46fe872956dbccb7ecf25b82caf9	1
ipc_app/tuya_ipc/tuya_gw_sdk/svc_wifi_netcfg/include/airkiss_bc.h	2808	94	01a7b9a039017ef147374c3ef9a68ae0251ae6459a4e2a2ac13157ac92a7a900	1
ipc_app/tuya_ipc/tuya_gw_sdk/svc_wifi_netcfg/include/ez_mc.h	1940	64	05e317d36e9525cf19e0d96f16209e069068992e8c85c0bcbf5004b99ea3ad3c	1
ipc_app/tuya_ipc/tuya_gw_sdk/svc_wifi_netcfg/include/thing_config.h	530	21	bc9da056a3f53e527c07d9bd4046a817df0628537486e2d12197471b0369dc24	1
ipc_app/tuya_ipc/tuya_gw_sdk/svc_wifi_netcfg/include/tlink_bc.h	2548	76	838327509499c72db50de4bca0737f4d6067f516e527527a79573dbffaae2e9c	1
ipc_app/tuya_ipc/tuya_gw_sdk/svc_wifi_netcfg/include/wf_nw_cfg.h	944	41	9eba730baaf118e67204114ef35c7ca8f68e52f8d1c0e24749ba413cbfab60aa	1
ipc_app/tuya_ipc/tuya_gw_sdk/svc_wifi_netcfg/include/wf_sniffer_intf.h	2761	73	57c1f4d4b3c80cee8507d0492cc602aca0e1225fa416fa18df4708d9a3744484	1
ipc_app/tuya_ipc/tuya_gw_sdk/svc_wifi_netcfg/include/wl_cfg_com.h	1850	64	44415e29ad3a3ea8fc9e1bb743489867219748bc334f4c808be2ee6fc3f3b007	1
ipc_app/tuya_ipc/tuya_oem.conf	3638	209	b430e3ab8a049f09e8359c6dab794a5265bda42248c446d24ac385703b7c87b8	0
ipc_app/tuya_ipc/tuya_platform.conf	379	23	737ea3772a3c28546ccd8cf41092f233fc3ae6052d42fd57dfbc257a2ee6c865	0
ipc_app/tuya_ipc/tuya_sdk_a2/include/base_hwl.h	3056	85	dbc6bd837869b2497cbbbe861d0d20464a7fb2e2e32bcf1f51f30c197fbba366	1
ipc_app/tuya_ipc/tuya_sdk_a2/include/cJSON.h	7005	149	a89ead7212f33c4b20f357557cdb24b21d52549ae173e4ef577e4631e891147f	1
ipc_app/tuya_ipc/tuya_sdk_a2/include/tuya_cloud_base_defs.h	1252	48	cb8782edf7e7f4ca78a981747133de389bc15ecc1adc298ce01a7a043b82fe50	1
ipc_app/tuya_ipc/tuya_sdk_a2/include/tuya_cloud_com_defs.h	18514	526	09e1867114de67010191c08f97c786f446dfc8eb70352df209b0a0e033103d15	1
ipc_app/tuya_ipc/tuya_sdk_a2/include/tuya_cloud_error_code.h	8328	201	9f594cbd4dda1968dd298d1395334133e4690ab2a2382d6c2fd641e641c24209	1
ipc_app/tuya_ipc/tuya_sdk_a2/include/tuya_cloud_types.h	3983	197	7622e8ec93c13d86db8a3d62a91debf2cf7361de1c4cb6458cd40fd30bc3715c	1
ipc_app/tuya_ipc/tuya_sdk_a2/include/tuya_cloud_wifi_defs.h	4212	98	7dfa82d80557043fe2e32da0b3b235ad55f51dedf46ccc0e302befae928c44ff	1
ipc_app/tuya_ipc/tuya_sdk_a2/include/tuya_g711_utils.h	1075	30	4599188b9e0731b19e7d8eab755afba4cc782d9b75cafb77e789a2035650d257	1
ipc_app/tuya_ipc/tuya_sdk_a2/include/tuya_iot_config.h	4133	213	b17486c73ac52fc70ac99ae026fdb27c9735922dd1f1043a216ba09ef76f9309	1
ipc_app/tuya_ipc/tuya_sdk_a2/include/tuya_ipc_ai_detect_storage.h	2389	80	c493abb77b541f3bbf4be7b963656b7d8339eb1c322a1de2f79efc1bda9371d9	1
ipc_app/tuya_ipc/tuya_sdk_a2/include/tuya_ipc_ai_face_db.h	1463	74	7fe75d5759faafe50e94232600f16749c43152901e55a13220586443f8e34b03	1
ipc_app/tuya_ipc/tuya_sdk_a2/include/tuya_ipc_ai_face_detect.h	3028	94	a906cf4a1534b2ef37e0d44dbbde914d25e92bd6db06f0be1a2d0f6780a1f0ec	1
ipc_app/tuya_ipc/tuya_sdk_a2/include/tuya_ipc_api.h	23367	653	9653a6e250f18e03b9a6f2844e620968e07891b9d469cc9a8fd45e653ef83177	1
ipc_app/tuya_ipc/tuya_sdk_a2/include/tuya_ipc_chromecast.h	2111	81	d23452c4f9b608f1eeae6b0102f7d9edaf6fdaeef10ba41013c0322c9d9d3462	1
ipc_app/tuya_ipc/tuya_sdk_a2/include/tuya_ipc_cloud_storage.h	7165	194	fdbff8f715a292e0cbda31b4b710b3fae05448d9e630e40957d864286a341ce9	1
ipc_app/tuya_ipc/tuya_sdk_a2/include/tuya_ipc_echo_show.h	1193	54	b0f22b0bd87a5b6e296b334b51b183e441cdeafd9360354e35969c1aba7e465b	1
ipc_app/tuya_ipc/tuya_sdk_a2/include/tuya_ipc_img_defs.h	1889	77	7880cccee45e7fd97d82ba694a86bb0b1619acce501c0931f65cacff30a97e86	1
ipc_app/tuya_ipc/tuya_sdk_a2/include/tuya_ipc_img_proc.h	3623	106	1112e649b7955a4cdab8299fefecbc41b61374366268438ef9d68177b3ed7050	1
ipc_app/tuya_ipc/tuya_sdk_a2/include/tuya_ipc_media.h	5219	172	4a71795dec835f553369d762ac742b5f35665759ec5efee857c39737547d8272	1
ipc_app/tuya_ipc/tuya_sdk_a2/include/tuya_ipc_mqt_proccess.h	3951	111	f4e0ea12652a50cfbc12608885d2d5f87c20fc32e3ddfca3068137d0944eb373	1
ipc_app/tuya_ipc/tuya_sdk_a2/include/tuya_ipc_p2p.h	16701	522	a5a27098ab702b94ad9d3cec6fc9818d1f92b03508805889630159c0a29eb39a	1
ipc_app/tuya_ipc/tuya_sdk_a2/include/tuya_ipc_ptz.h	1567	59	b13c7878736ac3d1d874fb2e448a516ea8b4f8af435472a2993c58bbcdb94a3b	1
ipc_app/tuya_ipc/tuya_sdk_a2/include/tuya_ipc_qrcode_proc.h	1512	43	2204159a4cff2e99eeca7c8648c8a0a6b1e1f83773d21ec9395f9a4e47a72610	1
ipc_app/tuya_ipc/tuya_sdk_a2/include/tuya_ipc_skill.h	751	38	ffeccf4298206593fd29cf18c01ecc0357037e249dee8344b455fe3e6b71b958	1
ipc_app/tuya_ipc/tuya_sdk_a2/include/tuya_ipc_stream_storage.h	12640	378	505a01231ea42c54e7cf99165007261cf11ca28755ff848e8fe7b8985b271d29	1
ipc_app/tuya_ipc/tuya_sdk_a2/include/tuya_ipc_video_msg.h	1988	75	787221098daffd2d557f2b7d990264ae38ce679d1c6bb141089b2e9b8487b459	1
ipc_app/tuya_ipc/tuya_sdk_a2/include/tuya_ipc_video_proc.h	3361	92	b17a9568b6d47e5cc5d39abed25c7f6f79084850ae78a4629b1f287b42d8df7a	1
ipc_app/tuya_ipc/tuya_sdk_a2/include/tuya_ipc_voice.h	2139	72	d3bc2359808a0e826dca8656b4e32e943bf4a25bca83cbc0ee3d45922b682cb6	1
ipc_app/tuya_ipc/tuya_sdk_a2/include/tuya_ipc_webrtc.h	2500	109	d104a51e93ca34bbdc795a3f6911b75c9016a7578c7af74a915a0f207eef2d75	1
ipc_app/tuya_ipc/tuya_sdk_a2/include/tuya_ipc_wifi_migrate.h	2589	74	9463e781b9bb84f5d06a1a8dd7dd42d50b9689974d769c3c84fc858329d963ad	1
ipc_app/tuya_ipc/tuya_sdk_a2/include/tuya_ring_buffer.h	5403	136	0486ca6621b2e59c01b74d873af8d921ee080d986b5321fcb1e9e62655a28e2a	1
ipc_app/tuya_ipc/tuya_sdk_a2/include/uni_network.h	14597	403	4d3d6fbcf986ed1220508417c489bf73b1af2fddcb40ebed83be93e85ae89242	1
ipc_app/tuya_ipc/tuya_sdk_a2/include/wifi_hwl.h	10532	275	f87f9a7f1bfa25310a3a1e6acedcaa63d642ce07e49775d87b1d8c49c3728481	1
ipc_app/tuya_ipc/tuya_sdk_a2_5_x_sdk/include/aes_inf.h	10496	399	feec25b1cc07a3b6917c32ef5c7cd3ec988e4a792436fcbf34eb705a609a7fa7	1
ipc_app/tuya_ipc/tuya_sdk_a2_5_x_sdk/include/airkiss_bc.h	2826	92	a89686f6950674cce51baf0418d06fdfc5f845c1eac5857273e8c3deab0e0921	1
ipc_app/tuya_ipc/tuya_sdk_a2_5_x_sdk/include/ak_lan_protocol.h	1244	64	0480484db5ae9592f83da84aa4602a4b7573b3355775cdea8c1d6e2151fef15d	1
ipc_app/tuya_ipc/tuya_sdk_a2_5_x_sdk/include/ap_netcfg.h	1137	59	4c9277e219b79a4bbae6c28b8f683ff97526dbf5bdd49163b9abf47d95ea24ab	1
ipc_app/tuya_ipc/tuya_sdk_a2_5_x_sdk/include/app_agent.h	7470	257	1697dd3f94a0a7f5221919139f9a399ae44572a9d294b07f777016fed0e3a392	1
ipc_app/tuya_ipc/tuya_sdk_a2_5_x_sdk/include/apr_sha1.h	3117	107	c8353d15878ac0ab36ab415186fffa11223b579762119379c9ef390147060218	1
ipc_app/tuya_ipc/tuya_sdk_a2_5_x_sdk/include/astro_timer.h	977	54	09977e92c19ad1e3f9e62898e9d56bff8ffe2f690a13d691cd5efea7e1648a7c	1
ipc_app/tuya_ipc/tuya_sdk_a2_5_x_sdk/include/async_notify.h	3073	116	3cf27eecd38546a340ca9a528e424ff2dd95ab87d7b41a824c1723d6d4199aa5	1
ipc_app/tuya_ipc/tuya_sdk_a2_5_x_sdk/include/base_event.h	3955	141	1f2a3f088cdb871b1167469c8bf3483ac3db378c0e8f03c36931987d0380c400	1
ipc_app/tuya_ipc/tuya_sdk_a2_5_x_sdk/include/base_event_info.h	2398	58	3330c09c8948780aa6dbe21eaa1ebe246acc79e0c2a0ca4e6dfb9485b6eefe94	1
ipc_app/tuya_ipc/tuya_sdk_a2_5_x_sdk/include/base_nw_intf.h	2881	117	83167e3a06bc8f02dcee52a8e8cb96c1c042f152e5abe2b2d66e398c29748f06	1
ipc_app/tuya_ipc/tuya_sdk_a2_5_x_sdk/include/base_os_adapter.h	611	35	645d38c57fa5f28b924b43a67de8f6c45b8ad62b2999f65b9ef70796785d6add	1
ipc_app/tuya_ipc/tuya_sdk_a2_5_x_sdk/include/base_rpc_com.h	4493	148	82915853db0f01810e9d99976975914c2928240755225693c8fc0c3dc7929beb	1
ipc_app/tuya_ipc/tuya_sdk_a2_5_x_sdk/include/c-tlv.h	3770	153	4b43a5f931788da41957375d434fdcfdb49166698470729fda4e9a4820d77473	1
ipc_app/tuya_ipc/tuya_sdk_a2_5_x_sdk/include/cJSON.h	3644	98	797c8427ce46e08ea56c0764900cb88adc952ce73e5da559db3021eca1e81e3d	1
ipc_app/tuya_ipc/tuya_sdk_a2_5_x_sdk/include/cipher_wrapper.h	1392	46	f628643817596b4e4ffd92b32305d78813d9249ecf15dbd8def3293612d1f5f9	1
ipc_app/tuya_ipc/tuya_sdk_a2_5_x_sdk/include/cloud_operation.h	5424	172	78733a666cb6269615521ddb7dc18483f6812e9313cd958d1cd26fe770345a4a	1
ipc_app/tuya_ipc/tuya_sdk_a2_5_x_sdk/include/coap2/address.h	5811	200	5c686b2066affbfd0e39787fc3b368201d0a307fa5eb4ae906e9cb0735ea7900	1
ipc_app/tuya_ipc/tuya_sdk_a2_5_x_sdk/include/coap2/async.h	5623	149	0f37838c2fc2b326d727585c10444ca34a66d193c15a4ad66d22bfd48cb35eb4	1
ipc_app/tuya_ipc/tuya_sdk_a2_5_x_sdk/include/coap2/bits.h	2052	78	14c7e7df3d2212bd0b594b5db895dc2eb08edd44a2fce415171a9bff5502f8bc	1
ipc_app/tuya_ipc/tuya_sdk_a2_5_x_sdk/include/coap2/block.h	6472	185	08330ffd5d7d4d3b535dfec81b73080e6f67c8e3b86f2a440459e16de09195df	1
ipc_app/tuya_ipc/tuya_sdk_a2_5_x_sdk/include/coap2/coap.h	1455	66	60c5f88e9219a71f7cde97aa3b889426d71033732358d0333470420a94e0d8c5	1
ipc_app/tuya_ipc/tuya_sdk_a2_5_x_sdk/include/coap2/coap_debug.h	5322	211	d6e399f6c013f76eda8c5d39b36c5c36c8ee771cab0195f9253be5fac8a65396	1
ipc_app/tuya_ipc/tuya_sdk_a2_5_x_sdk/include/coap2/coap_dtls.h	20215	609	ae6fb3fd5e99483b43f5c4c1cc0d91278ad389f322a1696af97e2919641bdf0f	1
ipc_app/tuya_ipc/tuya_sdk_a2_5_x_sdk/include/coap2/coap_event.h	3174	102	a057ead912d1c68c3f9004ff57fb8d6e2b4cb43702a2d341f5f1b0a45d165903	1
ipc_app/tuya_ipc/tuya_sdk_a2_5_x_sdk/include/coap2/coap_hashkey.h	1644	59	36d2698f9dee91aa33f423684c94333d6bb2a8d756823ac23ee6a486450a4acf	1
ipc_app/tuya_ipc/tuya_sdk_a2_5_x_sdk/include/coap2/coap_io.h	7310	213	b3dd46d1c2c03c2dc87a855b2fabbde9a4bc6195a6f8354b262177643924c252	1
ipc_app/tuya_ipc/tuya_sdk_a2_5_x_sdk/include/coap2/coap_mem.h	3225	116	be66133e30ebe92714b804fee8c9ec7b6282314db95b3f0707b114973a57d206	1
ipc_app/tuya_ipc/tuya_sdk_a2_5_x_sdk/include/coap2/coap_net.h	27190	742	9c61ce71ba332f0afda7a1c0b5bdc0e4617dfd7a1c20a1719849885056f8e903	1
ipc_app/tuya_ipc/tuya_sdk_a2_5_x_sdk/include/coap2/coap_session.h	17419	493	04b84c90c583f8f71ac1a1c08b81653b1d7d790495ee3097668833f33ca5f52b	1
ipc_app/tuya_ipc/tuya_sdk_a2_5_x_sdk/include/coap2/coap_time.h	3717	162	f23e2d4d7aef0827fa9150ef6ea717c64013abbfd20308b95a72b812a555bdb3	1
ipc_app/tuya_ipc/tuya_sdk_a2_5_x_sdk/include/coap2/encode.h	3220	96	dad649515f29a4f010c4441d65655c4ddd964c0dc3790b411c435cf84617a397	1
ipc_app/tuya_ipc/tuya_sdk_a2_5_x_sdk/include/coap2/libcoap.h	1852	74	c3c0db428e18e83b718491f9bcccbaee398e90eca52cb4a9e8feda0ec72d9426	1
ipc_app/tuya_ipc/tuya_sdk_a2_5_x_sdk/include/coap2/lwippools.h	2541	81	dc2e36aaeb67424cbcc2caa57d04a457ca9a44b7d5186f2c4194cc64aedcf261	1
ipc_app/tuya_ipc/tuya_sdk_a2_5_x_sdk/include/coap2/option.h	16490	461	a7cefe636259dc266c5581032ca304c1ccf7375a3967edf74682f82596c31374	1
ipc_app/tuya_ipc/tuya_sdk_a2_5_x_sdk/include/coap2/pdu.h	22304	543	f83044949e5e7bdb306d9a2d24b27ce6c9ec82b54ad3fed1cf6481b971042979	1
ipc_app/tuya_ipc/tuya_sdk_a2_5_x_sdk/include/coap2/prng.h	2939	126	82c74e4a63ce4a5b452affb57552262f04a77ef57d84ff942c0715b8b7f445f1	1
ipc_app/tuya_ipc/tuya_sdk_a2_5_x_sdk/include/coap2/resource.h	19149	524	5bfcd395e9c36f6a0a17b4cfc49b72fc0c5d716924332ecec64522cc109d0817	1
ipc_app/tuya_ipc/tuya_sdk_a2_5_x_sdk/include/coap2/str.h	3434	121	d11ad615f7bc2870cca9fa8357950e33143ab9441657ab7a74c2a1b2cb1d743d	1
ipc_app/tuya_ipc/tuya_sdk_a2_5_x_sdk/include/coap2/subscribe.h	2414	76	3f863e5921135a5fc28d06eb0ad6e238f01a6cbbc7ed79a49b1e787d2a359382	1
ipc_app/tuya_ipc/tuya_sdk_a2_5_x_sdk/include/coap2/uri.h	4831	147	cce1e8c5b4ccbf93bbc335a70ad7e0c9a40934b26615b216f30fc536a6d2dec4	1
ipc_app/tuya_ipc/tuya_sdk_a2_5_x_sdk/include/coap2/uthash.h	71493	1108	a0b225d5988d69004e0489a6beebd7e317ee8fe3bc3cb5ccfdf68765307a2d0e	1
ipc_app/tuya_ipc/tuya_sdk_a2_5_x_sdk/include/coap2/utlist.h	81494	1073	a2742794fa33ed713b09334af7aca3f8332bcc41fb9559298e0c7bd21081d285	1
ipc_app/tuya_ipc/tuya_sdk_a2_5_x_sdk/include/coap_config.h	4674	166	b65920911c05781a86221291188221417d9724317df43b3b9fc0b142422a30e6	1
ipc_app/tuya_ipc/tuya_sdk_a2_5_x_sdk/include/codec/tuya_g711_utils.h	1075	30	4599188b9e0731b19e7d8eab755afba4cc782d9b75cafb77e789a2035650d257	1
ipc_app/tuya_ipc/tuya_sdk_a2_5_x_sdk/include/com_mmod.h	4986	180	3ed8428335677706692a3d7ab4337e896482133e2e757b639438b9e7ae75651f	1
ipc_app/tuya_ipc/tuya_sdk_a2_5_x_sdk/include/com_protocol.h	2662	91	c8ef7ca0fc72d4c3fc67fecd5a425db7a925d11a012593b008dbb8eb453f308b	1
ipc_app/tuya_ipc/tuya_sdk_a2_5_x_sdk/include/crc32i.h	1874	35	d1e360e09ef676115e35c2ca9de8c88f45fb59daf5ed86d700d147fad79e8f7f	1
ipc_app/tuya_ipc/tuya_sdk_a2_5_x_sdk/include/crc_16.h	511	38	0b6dd7bb0ecba4131314c751f5018fe6af3e850fe1ef335c646e78fdaf64e09a	1
ipc_app/tuya_ipc/tuya_sdk_a2_5_x_sdk/include/crc_8.h	1232	43	ae6ef3383d1fe7827c4b601d7e46944a228dc8905793bbc36a9e9221805ef89e	1
ipc_app/tuya_ipc/tuya_sdk_a2_5_x_sdk/include/direct_connect_tuya.h	1533	73	2d891953fd38132249a93e2a01fa43576a811d9770506d54343f48d4e6a3aa6d	1
ipc_app/tuya_ipc/tuya_sdk_a2_5_x_sdk/include/encrypt_pic.h	705	27	ca9413c558300dcd8eb64ffa82baa6d2ed7ad28c7977259f8e5b1f7278b4fb42	1
ipc_app/tuya_ipc/tuya_sdk_a2_5_x_sdk/include/event_cloud.h	407	24	05775810d2bdd5cf45f31cda738861888b6c3aa3de4e21b9e2d0ef597a6c436f	1
ipc_app/tuya_ipc/tuya_sdk_a2_5_x_sdk/include/ez_mc.h	1965	64	be90438fdbb6d186ae42cea7f2ee49ec440e11e6c7e5f05a7ae5b22755be53c2	1
ipc_app/tuya_ipc/tuya_sdk_a2_5_x_sdk/include/ffc_app.h	3317	154	1ee029f6ff51a9fe84ce1c827ef28a8556da36e9c26908c3d4c592f06828f5f8	1
ipc_app/tuya_ipc/tuya_sdk_a2_5_x_sdk/include/ffs_key.h	21044	365	a4379b84e94c18d5774e95cc067d44068693ee7c6dcdee85c47998cb4085be8a	1
ipc_app/tuya_ipc/tuya_sdk_a2_5_x_sdk/include/ffs_netcfg.h	200	8	75e076e7b1123df2ee29a628ee8e456c22a27456e200022817de261cafd81ace	1
ipc_app/tuya_ipc/tuya_sdk_a2_5_x_sdk/include/gpio_test.h	1294	73	6f62ed7684f47b3dd5707bf26d3ba27a2b0557fb443f1c657d1dc88b612b1c0d	1
ipc_app/tuya_ipc/tuya_sdk_a2_5_x_sdk/include/gw_intf.h	21443	829	d8edd6a99061591cbe8d919372d01b4330e10c5a08324af6e651a9b67951e542	1
ipc_app/tuya_ipc/tuya_sdk_a2_5_x_sdk/include/hashmap.h	3342	131	1e45a0e99f2f4dd19658498192d8d53ca423a381100671d32a8aea0033d15d13	1
ipc_app/tuya_ipc/tuya_sdk_a2_5_x_sdk/include/http_inf.h	13732	376	081186743ff89f399016ecc25ad252a1d077d8732a208395975e0d2a15daad3c	1
ipc_app/tuya_ipc/tuya_sdk_a2_5_x_sdk/include/http_manager.h	4983	156	cdebc38b945323d639abe7a263707398fc37313fb6753c0576f56dbdf59eb9b1	1
ipc_app/tuya_ipc/tuya_sdk_a2_5_x_sdk/include/httpc.h	29863	755	fa245b4739a61585d07f31f1b693eaf1f3fffc2d5be1f93e8f0fc92f01cd0e40	1
ipc_app/tuya_ipc/tuya_sdk_a2_5_x_sdk/include/iot_httpc.h	18329	556	cdbe36dd7149ac4fef6cbe28e77a8d5638dc0cb9b082440e6d134b470ba4e458	1
ipc_app/tuya_ipc/tuya_sdk_a2_5_x_sdk/include/ipc_httpc.h	2941	99	2be837016d8282632df84456dd804382a13323d5a2c361014e0280f25930bebc	1
ipc_app/tuya_ipc/tuya_sdk_a2_5_x_sdk/include/json_rpc.h	4795	187	17b69e9e3376b078e1f8f49a94e3795b00168b291c998223ef453f33c228323e	1
ipc_app/tuya_ipc/tuya_sdk_a2_5_x_sdk/include/lan_protocol.h	3757	151	104e07bc0924fdad06162386affd928aa4df6e5db6d97764a9b39fa5cb9d7885	1
ipc_app/tuya_ipc/tuya_sdk_a2_5_x_sdk/include/lan_rpc.h	4752	196	a28b8b945c627a60b490639c160265f111b3914a7b8d66e9e9f1b2ebc0d75de8	1
ipc_app/tuya_ipc/tuya_sdk_a2_5_x_sdk/include/log_seq.h	5672	175	5fbe59a439fad675f2931c14906245ec3a1a4adaa8701a38696250b0a74a17b0	1
ipc_app/tuya_ipc/tuya_sdk_a2_5_x_sdk/include/log_seq_http.h	2810	51	8cf13f655b8a71bf0f6212291bd35c2d99f7635e968b9292c746df2213a7d712	1
ipc_app/tuya_ipc/tuya_sdk_a2_5_x_sdk/include/log_seq_mqtt.h	2578	57	3571bfa4b3b3c129a6a65d8703385fb4d8d5ea7c1ffaff28a38a3ce86bfe96e6	1
ipc_app/tuya_ipc/tuya_sdk_a2_5_x_sdk/include/log_seq_netcfg.h	1486	39	c20354fbc55197636895d27d69a07088ed325a675f671cec9045f641ebcb505d	1
ipc_app/tuya_ipc/tuya_sdk_a2_5_x_sdk/include/log_seq_timer_task.h	2451	46	b46f9a8327a8be5877df93a631271ed496c398b2390c0ddc14fee1aa81dfb976	1
ipc_app/tuya_ipc/tuya_sdk_a2_5_x_sdk/include/mbedtls/aes.h	29438	674	983f414f97e5323188509c49e1cab50e061dba28bad9ae9919c3db1740fbef47	1
ipc_app/tuya_ipc/tuya_sdk_a2_5_x_sdk/include/mbedtls/aes_alt.h	285	25	f4ee1aa0b9d03ff66b001c22f0a13214c77b6ef24c0566e68fbf97de89318184	1
ipc_app/tuya_ipc/tuya_sdk_a2_5_x_sdk/include/mbedtls/aesni.h	4563	138	e89294867d2cfada004819f1922792836eba06645de42fb81ff961733f79b993	1
ipc_app/tuya_ipc/tuya_sdk_a2_5_x_sdk/include/mbedtls/arc4.h	4129	146	87b2f54021f71e728352de6fb1facc9a954e35fcbf42c9995a359e94a52910e6	1
ipc_app/tuya_ipc/tuya_sdk_a2_5_x_sdk/include/mbedtls/aria.h	16314	370	62a14f9896ac20f83252910aa02571f5f8a99d4ced385dbeeda34d79e1bf2c71	1
ipc_app/tuya_ipc/tuya_sdk_a2_5_x_sdk/include/mbedtls/asn1.h	12232	358	1de3e2901d12396764d8edb984893eaf0f573cfe47f8b50beae3cf39a5b2654b	1
ipc_app/tuya_ipc/tuya_sdk_a2_5_x_sdk/include/mbedtls/asn1write.h	13450	329	7301e721ace4ef944a69fe032ee25327ce06f78e865826af53723b6748e8fe3a	1
ipc_app/tuya_ipc/tuya_sdk_a2_5_x_sdk/include/mbedtls/base64.h	3298	98	bf2d2c97254cd8fef66c4098029ba84ac8ca1bb1db7fb6e9d1e478aa92a148ba	1
ipc_app/tuya_ipc/tuya_sdk_a2_5_x_sdk/include/mbedtls/bignum.h	40645	966	b37647684c7785c236438b63352c8abc431d68ced51988357233bcbdd3ac2d47	1
ipc_app/tuya_ipc/tuya_sdk_a2_5_x_sdk/include/mbedtls/blowfish.h	12561	287	cfb03cf458a1b1be6b7fdf3fb471dd9f9d608712c456e27c9672a915a82c2728	1
ipc_app/tuya_ipc/tuya_sdk_a2_5_x_sdk/include/mbedtls/bn_mul.h	36136	915	7b913a958ac76ab277759574d25cdf91075a3f9fe6e7628c610748a5d2071817	1
ipc_app/tuya_ipc/tuya_sdk_a2_5_x_sdk/include/mbedtls/camellia.h	14090	326	d3fa98000180edf5f6482a25e088f5fe40fb1188c677a19c1d6651226c72d4ad	1
ipc_app/tuya_ipc/tuya_sdk_a2_5_x_sdk/include/mbedtls/ccm.h	14060	310	f6054030aadd641e0aff5f0d8b9be326dd66ac39f25de0f80312499056934c11	1
ipc_app/tuya_ipc/tuya_sdk_a2_5_x_sdk/include/mbedtls/certs.h	9405	252	aa7281ddf2887a4edc01883c5a8ee5cd9aaf830fabf7e05f9e64937a19732c72	1
ipc_app/tuya_ipc/tuya_sdk_a2_5_x_sdk/include/mbedtls/chacha20.h	8816	226	1dceb8b451d3b5a380d84cc4fc8627e70cb09782b30f3245725bb671d48a147b	1
ipc_app/tuya_ipc/tuya_sdk_a2_5_x_sdk/include/mbedtls/chachapoly.h	16194	358	21ae0895c196fe66f9b10ee0f2bbb89cc37398ca55ac42f4054ea62788eb92ef	1
ipc_app/tuya_ipc/tuya_sdk_a2_5_x_sdk/include/mbedtls/check_config.h	27600	702	41978b7f48f78b36e983b3ec7e4dd6d60a3d94483dda4d7900844f5ac46756c9	1
ipc_app/tuya_ipc/tuya_sdk_a2_5_x_sdk/include/mbedtls/cipher.h	39243	872	87072a82bcbea119279ec25fb535fa1db1d2e4888be6ab5b0dd14bfcb0f3ce55	1
ipc_app/tuya_ipc/tuya_sdk_a2_5_x_sdk/include/mbedtls/cipher_internal.h	3829	125	aaa7c0786798a86474f719d073a940653e61734f0d136a4603321bf41290b0d8	1
ipc_app/tuya_ipc/tuya_sdk_a2_5_x_sdk/include/mbedtls/cmac.h	7994	213	6b5b2adce10bdda600d2bc63545d8aef35e93e23c4b95951f8e01389dfdbcffe	1
ipc_app/tuya_ipc/tuya_sdk_a2_5_x_sdk/include/mbedtls/compat-1.3.h	129770	2531	560336a241e8e8d51c43f1478e791784b388dbcdcb73346364ba8a289db93e9b	1
ipc_app/tuya_ipc/tuya_sdk_a2_5_x_sdk/include/mbedtls/config.h	2248	79	cef338caace4f44f87194f4da2364e2d914f37e04f5fc15dee345cf3f319d191	1
ipc_app/tuya_ipc/tuya_sdk_a2_5_x_sdk/include/mbedtls/ctr_drbg.h	14260	380	6d6cf411dba523412bb38b549ffe615321b6bdfe562fcf8b4ceaaf4d03a171ca	1
ipc_app/tuya_ipc/tuya_sdk_a2_5_x_sdk/include/mbedtls/debug.h	10154	265	6b2cfab54ff48fbe39127efec01ac0b75820b11ab96c8341675fe2007659522c	1
ipc_app/tuya_ipc/tuya_sdk_a2_5_x_sdk/include/mbedtls/des.h	11361	356	196dbbf13890b4040dcb2a8b2b2374c038c0504eb3dec9139d08514ff5a44324	1
ipc_app/tuya_ipc/tuya_sdk_a2_5_x_sdk/include/mbedtls/dhm.h	54771	1096	23bd808aa77fecf1ad0dc61d4be05565c531a0a7fa37aaae8324b2b9b5a92fad	1
ipc_app/tuya_ipc/tuya_sdk_a2_5_x_sdk/include/mbedtls/ecdh.h	18538	440	583e760d46455e3c7c4f32d5085f3374e2bcf75bf3a105413f2dc70255c27a42	1
ipc_app/tuya_ipc/tuya_sdk_a2_5_x_sdk/include/mbedtls/ecdsa.h	24837	545	217df95a35e3deda341748049a1850cc93d354cdfc7ac193bc774eefdd5deb7e	1
ipc_app/tuya_ipc/tuya_sdk_a2_5_x_sdk/include/mbedtls/ecjpake.h	11328	277	d95744cbc277598e10299016d1d7cad346962b33c1f32f541021e461b4c395f4	1
ipc_app/tuya_ipc/tuya_sdk_a2_5_x_sdk/include/mbedtls/ecp.h	50692	1132	d3bef8ad124eacefab8ddf61ff826155fd7eef9170da0b40425da5e4ff91ecdb	1
ipc_app/tuya_ipc/tuya_sdk_a2_5_x_sdk/include/mbedtls/ecp_internal.h	10633	299	84e94fa8d757ad8e3b7d9453aab635f28396b78134b1b10305c5ee425f52c855	1
ipc_app/tuya_ipc/tuya_sdk_a2_5_x_sdk/include/mbedtls/entropy.h	9701	289	377d60374c275105b8c33362b26c5405eabe868f5e14ad0c3596b2ed7b023e69	1
ipc_app/tuya_ipc/tuya_sdk_a2_5_x_sdk/include/mbedtls/entropy_poll.h	3308	110	e1b77dd92b244e09064923aae8f31fdd334b158a3c15b0df5bdcabe3a9fce3d9	1
ipc_app/tuya_ipc/tuya_sdk_a2_5_x_sdk/include/mbedtls/error.h	4051	129	e945998991d14775c81b4a063bdffda418d87e5707b7de1245abaf04cce17689	1
ipc_app/tuya_ipc/tuya_sdk_a2_5_x_sdk/include/mbedtls/gcm.h	13916	326	d581d70ed13b3f6d4d44be682d7d05522957eabce7ebdd407ff35e8a732f2bc2	1
ipc_app/tuya_ipc/tuya_sdk_a2_5_x_sdk/include/mbedtls/havege.h	1900	81	3752dc40dffb17b92ff2917838a4e8b973d95654892422be234f6b0f5779e424	1
ipc_app/tuya_ipc/tuya_sdk_a2_5_x_sdk/include/mbedtls/hkdf.h	5894	141	ee4738accecd52b8ad0efeb0c3ccb651cbf7d44cb5720af583213cab25d8f2e0	1
ipc_app/tuya_ipc/tuya_sdk_a2_5_x_sdk/include/mbedtls/hmac_drbg.h	12231	334	41b320f8c8f5f5e0d836af953bbe9cfdc7ebdca622714e0e633f4e1cd865c6b6	1
ipc_app/tuya_ipc/tuya_sdk_a2_5_x_sdk/include/mbedtls/md.h	18040	468	013d571eda06d5892094a2f343c2e6ec1328dcbe56a4027b51b7aa4f2f672457	1
ipc_app/tuya_ipc/tuya_sdk_a2_5_x_sdk/include/mbedtls/md2.h	9297	306	52172a6e62193f32b266b42765f4816fda39ee17c163bfde1ff12c338654c03b	1
ipc_app/tuya_ipc/tuya_sdk_a2_5_x_sdk/include/mbedtls/md4.h	9528	311	e1c65ca2154866241c56ea0862c901dbcbdeda1b07e55c0bc997da67b9e64500	1
ipc_app/tuya_ipc/tuya_sdk_a2_5_x_sdk/include/mbedtls/md5.h	9534	311	ec3804391e062232dd6d517cd84c279aa6fc8596678767a686b6e1c63edcac6e	1
ipc_app/tuya_ipc/tuya_sdk_a2_5_x_sdk/include/mbedtls/md_internal.h	3083	115	40f2ad9b420c61c093ee975ad5585703c9f077a194847facf58ab125fff0c889	1
ipc_app/tuya_ipc/tuya_sdk_a2_5_x_sdk/include/mbedtls/memory_buffer_alloc.h	5140	151	cf6ec674bcb187bcdeb8e66efeeae783634ccf9663d6362224cc07341c788c1c	1
ipc_app/tuya_ipc/tuya_sdk_a2_5_x_sdk/include/mbedtls/net.h	1228	37	61663663d87387ff208c521a74d12e2a7fbdab6ee94a94d0a3702f15dda3801c	1
ipc_app/tuya_ipc/tuya_sdk_a2_5_x_sdk/include/mbedtls/net_sockets.h	10901	271	1876b5a4328f662e2a65a1f02f8fb6199628360e5fdd4f5e8bdec902f3419872	1
ipc_app/tuya_ipc/tuya_sdk_a2_5_x_sdk/include/mbedtls/nist_kw.h	7639	184	6d0cae7531f709cffeaf11c8214178eb55fdbf7dd38232a1a70a5b3143a26075	1
ipc_app/tuya_ipc/tuya_sdk_a2_5_x_sdk/include/mbedtls/oid.h	32100	605	25fbe809d3f5750f31e3e33691a8b09d58a2f970ca80c8f5a25c266344dfc429	1
ipc_app/tuya_ipc/tuya_sdk_a2_5_x_sdk/include/mbedtls/padlock.h	3876	126	46fca610e7f534ba12873d66fc01256719ec7c7d4b02700951fc70a8784c3a67	1
ipc_app/tuya_ipc/tuya_sdk_a2_5_x_sdk/include/mbedtls/pem.h	5032	136	96e463a11e87b34f4de0aa8a3e59549cd072c1b9ceeced67c553c67a390352cb	1
ipc_app/tuya_ipc/tuya_sdk_a2_5_x_sdk/include/mbedtls/pk.h	28837	747	5781003304166d2765b5853a18fbc87410b17da2ee342517ac476d38788b3af0	1
ipc_app/tuya_ipc/tuya_sdk_a2_5_x_sdk/include/mbedtls/pk_internal.h	4592	138	4a3be081a1a59ee9987bc869b6b262f13148ad8b9da96ade76fa07d223b72506	1
ipc_app/tuya_ipc/tuya_sdk_a2_5_x_sdk/include/mbedtls/pkcs11.h	5640	175	16b650638120b4a732257a2a46c0ed666f1a53fdc643c201a324a08539015005	1
ipc_app/tuya_ipc/tuya_sdk_a2_5_x_sdk/include/mbedtls/pkcs12.h	5186	130	4134aff453fe166011f01816580267f7cf9021a90e10dd309c6c72ced164efb0	1
ipc_app/tuya_ipc/tuya_sdk_a2_5_x_sdk/include/mbedtls/pkcs5.h	3521	109	89ff27fdbe3fade722719f00f99a8616fcdcada6db01430cc044394acd027a87	1
ipc_app/tuya_ipc/tuya_sdk_a2_5_x_sdk/include/mbedtls/platform.h	12818	367	535631375b86ebe52d60f7162b2a8bbe75bfd8ce377d8a8c6558bd641e920c2f	1
ipc_app/tuya_ipc/tuya_sdk_a2_5_x_sdk/include/mbedtls/platform_time.h	2122	82	551d9aa3782cbe2142ba11f483f39c82596d1f14a941d181345d66bd9f1c10b2	1
ipc_app/tuya_ipc/tuya_sdk_a2_5_x_sdk/include/mbedtls/platform_util.h	7436	185	5836ec658049b432aa79d6a622efd8d1255b56fb7684152e7047c30f038fe87d	1
ipc_app/tuya_ipc/tuya_sdk_a2_5_x_sdk/include/mbedtls/poly1305.h	7051	192	ced871bc9402aa6a6a3aab9d6ef9185d58f4faf2ed641e7671ddd2ced1f7df88	1
ipc_app/tuya_ipc/tuya_sdk_a2_5_x_sdk/include/mbedtls/ripemd160.h	6966	237	8d244288045f55435e4016dcec854b3b96133de0688b97ea5555ce0f6b272266	1
ipc_app/tuya_ipc/tuya_sdk_a2_5_x_sdk/include/mbedtls/rsa.h	64358	1271	68ad45ffc1366710bfc3887d001a5ab19806821e9791645e870cd5410362a713	1
ipc_app/tuya_ipc/tuya_sdk_a2_5_x_sdk/include/mbedtls/rsa_internal.h	9001	226	2b2f8229f76f319ee9105d03bc5c9ba9da596eb57e374fb83f7cc932f230f087	1
ipc_app/tuya_ipc/tuya_sdk_a2_5_x_sdk/include/mbedtls/sha1.h	12882	352	8f7f5cd9d4f8790c59b4768c5d18104b8acd7f850b6077fb153390ed2bac5617	1
ipc_app/tuya_ipc/tuya_sdk_a2_5_x_sdk/include/mbedtls/sha256.h	11082	297	9487dd34935a483a52a9f2b781b8c63a3f477618aa3d8c76ac6d3d6cea9bd09b	1
ipc_app/tuya_ipc/tuya_sdk_a2_5_x_sdk/include/mbedtls/sha512.h	11231	300	39d7989b4be27dce0183e47820113f2cd183fc1238ac4c4d27c1d55f096c4403	1
ipc_app/tuya_ipc/tuya_sdk_a2_5_x_sdk/include/mbedtls/ssl.h	159204	3448	ebacbb738910f9074bdf4856c5d5abee7fdf930b2ce8737c5d9a92052b3dc19b	1
ipc_app/tuya_ipc/tuya_sdk_a2_5_x_sdk/include/mbedtls/ssl_cache.h	4291	150	048f660f70f8cbfcdaab140180bdac3f1f72e6153ecc12a8867de9389d5da5d4	1
ipc_app/tuya_ipc/tuya_sdk_a2_5_x_sdk/include/mbedtls/ssl_ciphersuites.h	26037	540	f4bab53796aa443ed5048fae1d3351e05d5492b9255abd492b1521bdea41e63f	1
ipc_app/tuya_ipc/tuya_sdk_a2_5_x_sdk/include/mbedtls/ssl_cookie.h	3272	115	80cc1811e01301e3ae010e186a0a4d0272a941bfc269ce85b172d913d005618a	1
ipc_app/tuya_ipc/tuya_sdk_a2_5_x_sdk/include/mbedtls/ssl_internal.h	30959	786	4e560d017f227027aa24f51dc2337048bff730e6c1762cf9a0d6b55b088fb839	1
ipc_app/tuya_ipc/tuya_sdk_a2_5_x_sdk/include/mbedtls/ssl_ticket.h	4426	142	e8411f87c83ded66184e4d4fef6812c0e930d1512cdee0426e7553acb03aa38c	1
ipc_app/tuya_ipc/tuya_sdk_a2_5_x_sdk/include/mbedtls/threading.h	4460	122	696ea6ca05c60daf4c55403be67c4f6c5f3263eeda9033f72b76a99194f88a99	1
ipc_app/tuya_ipc/tuya_sdk_a2_5_x_sdk/include/mbedtls/timing.h	4698	153	64c2b3b1d9c788530eea5377ba1aa4ecb795623be51257c036145249097643ba	1
ipc_app/tuya_ipc/tuya_sdk_a2_5_x_sdk/include/mbedtls/version.h	3391	112	dcd3cafe0bed96ab2cee4de76780f43942851f7a8743427cdafb7b80c884b283	1
ipc_app/tuya_ipc/tuya_sdk_a2_5_x_sdk/include/mbedtls/x509.h	15438	337	72ce7703f99a0da13e665ba75bfeb8efc5ea3dfc1783f649a66a31cb569d03ee	1
ipc_app/tuya_ipc/tuya_sdk_a2_5_x_sdk/include/mbedtls/x509_crl.h	5312	174	c218c7b3b9a183ad8452eccc6c4cf565179a92471faa0907afe051f2e8667e57	1
ipc_app/tuya_ipc/tuya_sdk_a2_5_x_sdk/include/mbedtls/x509_crt.h	31532	785	9b90126a74cd37cea0c1c2f4ef5f90f0ec2f524e73ee502f2f7b76e191d755af	1
ipc_app/tuya_ipc/tuya_sdk_a2_5_x_sdk/include/mbedtls/x509_csr.h	10454	307	a2b104141e20dc41a60eadff453764d7fe2353480041648a16ac7720622b0272	1
ipc_app/tuya_ipc/tuya_sdk_a2_5_x_sdk/include/mbedtls/xtea.h	3687	139	c0675e4ce88fdd328991971d6650d6142612b8e2048c41038c276d3f28483ec9	1
ipc_app/tuya_ipc/tuya_sdk_a2_5_x_sdk/include/mem_pool.h	6305	227	3a90150ae18a1f09dc07650bb5760344412c3b51c0cdaea31fd4b21898582c54	1
ipc_app/tuya_ipc/tuya_sdk_a2_5_x_sdk/include/mf_test.h	4922	214	b41ec8942948d145731d36827e44d8678602d0297609edcfd199037181cdd9ad	1
ipc_app/tuya_ipc/tuya_sdk_a2_5_x_sdk/include/mix_method.h	3266	124	6a4572a3c0be9ba2efe23e8a9f5a80e0d32128c661789de2c3047ad6913207b6	1
ipc_app/tuya_ipc/tuya_sdk_a2_5_x_sdk/include/mqc_app.h	16844	476	ebea684b8c8615cdd3ed3684bc04a69538c03457ae10b733c27f881dc4d4b8b7	1
ipc_app/tuya_ipc/tuya_sdk_a2_5_x_sdk/include/mqtt_client.h	9908	305	c9cd134df7a296d842a7fe02e782ac5dc3704c85d23acece8803f79defa7fd87	1
ipc_app/tuya_ipc/tuya_sdk_a2_5_x_sdk/include/netcfg_module.h	8135	309	733db2f771621e2a78be1b6d4f38074e9fed80c66a9c13aede6494e7a701bc83	1
ipc_app/tuya_ipc/tuya_sdk_a2_5_x_sdk/include/netif/bridgeif.h	5286	127	117fd9fc361fffb0a9eb35b2f4114c90039e09c90366fa2399428184e7211ea1	1
ipc_app/tuya_ipc/tuya_sdk_a2_5_x_sdk/include/netif/bridgeif_opts.h	3546	90	ed95dc1ff51c74b57267ac619351df8bebf534f4cbb24bc5c416ccd924523491	1
ipc_app/tuya_ipc/tuya_sdk_a2_5_x_sdk/include/netif/etharp.h	140	3	598f51cc6d1009880bd27d80d5c41ac0a64685b60bd5faff4677515317a8b015	1
ipc_app/tuya_ipc/tuya_sdk_a2_5_x_sdk/include/netif/ethernet.h	2966	77	6c45b4855110f01cfb8a449ce195caaffa58652db918689d914e79246cbcae69	1
ipc_app/tuya_ipc/tuya_sdk_a2_5_x_sdk/include/netif/ieee802154.h	5450	112	e90c1cc2b269a265c2f2320d8e1f062cb2fd1a0da072fb915b52e960e2056b5d	1
ipc_app/tuya_ipc/tuya_sdk_a2_5_x_sdk/include/netif/lowpan6.h	3010	89	ed5b3401c22e18fd6e23e246b949568c62d8c28d00464e7a4e1f97ff97147f62	1
ipc_app/tuya_ipc/tuya_sdk_a2_5_x_sdk/include/netif/lowpan6_ble.h	3192	78	9e2a7bbce1df7f0bae1639be59d6fe9ddd356603d9f6b2660f4289debea6e76a	1
ipc_app/tuya_ipc/tuya_sdk_a2_5_x_sdk/include/netif/lowpan6_common.h	3194	82	e3d550248cbbc87e330f59c41ec6b612320242e6a4329820caf931accca6f80d	1
ipc_app/tuya_ipc/tuya_sdk_a2_5_x_sdk/include/netif/lowpan6_opts.h	4389	122	a8cd5130120be7367f07faf9ea57681a34e49e01695fb5da73e232f705dcce0a	1
ipc_app/tuya_ipc/tuya_sdk_a2_5_x_sdk/include/netif/ppp/ccp.h	5126	164	9629b99d93e3c7260c88675cc7351441178d5f336e5ba5b971d9d10243a20372	1
ipc_app/tuya_ipc/tuya_sdk_a2_5_x_sdk/include/netif/ppp/chap-md5.h	1508	36	8bdeecfa0224223dabab2b8e6a5c04651eed5e6c80b979cc7b47f0e44ec2f99f	1
ipc_app/tuya_ipc/tuya_sdk_a2_5_x_sdk/include/netif/ppp/chap-new.h	6386	200	f40a75b954e8479fd2696d187107b3a71ee9e6d2756fc73e979049da7b28d200	1
ipc_app/tuya_ipc/tuya_sdk_a2_5_x_sdk/include/netif/ppp/chap_ms.h	1782	44	cb2eb95fe76e739049b3a2f3dcd041f1e9f348477d2388724959cf2885de728a	1
ipc_app/tuya_ipc/tuya_sdk_a2_5_x_sdk/include/netif/ppp/eap.h	5741	169	f37bad779511372f8b398df2e459b081e13b761332e33f66bd09b7ee0c42f305	1
ipc_app/tuya_ipc/tuya_sdk_a2_5_x_sdk/include/netif/ppp/ecp.h	2060	62	64f48a5301b09437df9d9270d59c1140cf32166b274e582f510aeff405d2222b	1
ipc_app/tuya_ipc/tuya_sdk_a2_5_x_sdk/include/netif/ppp/eui64.h	3154	102	a7715aa16680379dfc62703112da1ca345e3bd219c1079ed2c0956f570c92070	1
ipc_app/tuya_ipc/tuya_sdk_a2_5_x_sdk/include/netif/ppp/fsm.h	6567	182	3ee20821e270bee0ec4c807a03dc7fc0c395110122142310426d229a6735277a	1
ipc_app/tuya_ipc/tuya_sdk_a2_5_x_sdk/include/netif/ppp/ipcp.h	5216	134	9100fe618f34fc2b9c31f462a36bdab00bdee3ab9bc0b1caba0a6f544b7eaa0e	1
ipc_app/tuya_ipc/tuya_sdk_a2_5_x_sdk/include/netif/ppp/ipv6cp.h	7840	191	90a2b6e529467b24fb8b5c41cea5d20af5568ff535a6d40e6febd0a0918fee3d	1
ipc_app/tuya_ipc/tuya_sdk_a2_5_x_sdk/include/netif/ppp/lcp.h	6989	179	bea16cac731fb7f0199269e30bbce0c896b2b680c966cef77b0ef6a27112d14f	1
ipc_app/tuya_ipc/tuya_sdk_a2_5_x_sdk/include/netif/ppp/magic.h	4989	130	beb0d8c439f39d60af91429b6dd57b385860204b16910c653edd91df43986565	1
ipc_app/tuya_ipc/tuya_sdk_a2_5_x_sdk/include/netif/ppp/mppe.h	6439	181	0dec116fbded31193275e5abc99d767278fe4dab35a25e2d77d71c9d9d035a0b	1
ipc_app/tuya_ipc/tuya_sdk_a2_5_x_sdk/include/netif/ppp/polarssl/arc4.h	2857	81	0404bdb5bfa7b1ec28ccd1d62f2bce38b980c49659abca75f10779cbdd6ebd9a	1
ipc_app/tuya_ipc/tuya_sdk_a2_5_x_sdk/include/netif/ppp/polarssl/des.h	3126	92	deb872305c3e0e097ac508706b6d158d8409c5075f0520620577e442b1f9db56	1
ipc_app/tuya_ipc/tuya_sdk_a2_5_x_sdk/include/netif/ppp/polarssl/md4.h	3229	97	5c1fc263e83327de7bcc897287efde528f0f4bb786dafe31ae2ec5b454d0aac4	1
ipc_app/tuya_ipc/tuya_sdk_a2_5_x_sdk/include/netif/ppp/polarssl/md5.h	3227	96	c8eca46bcdcb4745d5dcfdb6d73bf4efe9f74bd567abee46bf0217297133995b	1
ipc_app/tuya_ipc/tuya_sdk_a2_5_x_sdk/include/netif/ppp/polarssl/sha1.h	3259	96	2800e8b2bdb15cfaaf3c2afeef947cec10b2ba78b7fced3fc5371b7b8c2311a8	1
ipc_app/tuya_ipc/tuya_sdk_a2_5_x_sdk/include/netif/ppp/ppp.h	25648	698	3cea7154b66723c50abe749bda12821e0a95113dc23da08a13a95b603d1cc309	1
ipc_app/tuya_ipc/tuya_sdk_a2_5_x_sdk/include/netif/ppp/ppp_impl.h	25615	722	c80ed8b4954bf86fd010253422086abe352ce35e52c556dfdd1056ef32e2271a	1
ipc_app/tuya_ipc/tuya_sdk_a2_5_x_sdk/include/netif/ppp/ppp_opts.h	15960	610	62828d16862665bb58bd8f18816bc19fbeb57519cc184dd13dc498a338a36d7e	1
ipc_app/tuya_ipc/tuya_sdk_a2_5_x_sdk/include/netif/ppp/pppapi.h	4584	137	63e8e37916f98c91fc8dd20460728fb571525e2310410c323810929f408746c8	1
ipc_app/tuya_ipc/tuya_sdk_a2_5_x_sdk/include/netif/ppp/pppcrypt.h	4781	144	30b8d0e40bd366992a27800cb5139f5e116d7f346ae003cf945aac842d0a19db	1
ipc_app/tuya_ipc/tuya_sdk_a2_5_x_sdk/include/netif/ppp/pppdebug.h	3317	88	8e1a9f01928b9c44ae283a2ae673fb80274c87edd471f8ec250bab8143722764	1
ipc_app/tuya_ipc/tuya_sdk_a2_5_x_sdk/include/netif/ppp/pppoe.h	7585	187	97cc0a75fa633ccb9bf9765970fc3428b0c8099abb78228452756264c039d7d1	1
ipc_app/tuya_ipc/tuya_sdk_a2_5_x_sdk/include/netif/ppp/pppol2tp.h	9073	209	e589e31b31bb3c8948e52f3a271ea72db8f56e5c24fb1a6ea1ca7e1c98c7c885	1
ipc_app/tuya_ipc/tuya_sdk_a2_5_x_sdk/include/netif/ppp/pppos.h	4695	126	49e4472c077ae8f8b95a74d650f24567ad06a90e747b30c0ce0b4d9943764d4b	1
ipc_app/tuya_ipc/tuya_sdk_a2_5_x_sdk/include/netif/ppp/upap.h	4270	131	52957fc1be26b98088b0cab3435772af73de1277b3b94f5099cbd529ae4a151b	1
ipc_app/tuya_ipc/tuya_sdk_a2_5_x_sdk/include/netif/ppp/vj.h	6527	169	c9fbf250bf8ddc996a23f9d5c4556ba6e94dda9d228d1c691f50424095ef19a2	1
ipc_app/tuya_ipc/tuya_sdk_a2_5_x_sdk/include/netif/slipif.h	3180	87	f9ec40aaca9ab54c04c8e70e8e50d689f22f762cbd57e4e09e5ec1f9fccaed6d	1
ipc_app/tuya_ipc/tuya_sdk_a2_5_x_sdk/include/netif/zepif.h	2940	81	2f77f06432565dc13598c3717936d54dd7ebfd8cf66f52920d351dbe7544f4a7	1
ipc_app/tuya_ipc/tuya_sdk_a2_5_x_sdk/include/openssl_encrypt.h	1927	55	1c5f91f1a32c582427ba9810258f48ba87cd4e02711a19201107528b4b9993f0	1
ipc_app/tuya_ipc/tuya_sdk_a2_5_x_sdk/include/pegasus_frame.h	4172	97	ce5d07a3a144eacc5747a7ef43131a1c14dffcdda0cd96de6dee6ca346126d8e	1
ipc_app/tuya_ipc/tuya_sdk_a2_5_x_sdk/include/pegasus_netcfg.h	90	6	a03d58256101b4e19ff3a90740dc841f220b34f46b3c037ffce8371af503e91d	1
ipc_app/tuya_ipc/tuya_sdk_a2_5_x_sdk/include/prod_test.h	2157	60	03e7ec2729edacf3c67051caaa99f121ec962ac8bbae7606f39af3696af4f0a4	1
ipc_app/tuya_ipc/tuya_sdk_a2_5_x_sdk/include/rpc_udp.h	3466	136	3d20b0e76172e4d167262e99c40e7b520f2b61defe7d3348846fbb32b0b09e1e	1
ipc_app/tuya_ipc/tuya_sdk_a2_5_x_sdk/include/rtp/tuya_ipc_aac_rtp.h	3746	113	878c957b58b4c02de779081dccfce4919ce2f05d01fafc471f878b3f4feed1fe	1
ipc_app/tuya_ipc/tuya_sdk_a2_5_x_sdk/include/rtp/tuya_ipc_g711_rtp.h	1022	41	45ff1e7abe5ab3a678c80f5817e9be9a4d9bf5d3ff3628516ae29b8f550aee81	1
ipc_app/tuya_ipc/tuya_sdk_a2_5_x_sdk/include/rtp/tuya_ipc_h264_rtp.h	2840	93	da676456f0d230d1c35dbe8b134bfd8abe468e02f9bfd4e97b44de960b43ba18	1
ipc_app/tuya_ipc/tuya_sdk_a2_5_x_sdk/include/rtp/tuya_ipc_rtp.h	3679	152	6bfeffc16d4ace856067eac180f858030eb9cc73f537aec45ac192ed8bb56f84	1
ipc_app/tuya_ipc/tuya_sdk_a2_5_x_sdk/include/sdk_version.h	4040	137	0d22b88023591448338d3fdf31392dcca8500fb1952002522193152beab1c47a	1
ipc_app/tuya_ipc/tuya_sdk_a2_5_x_sdk/include/smart_frame.h	10033	346	424c858531ef1bd117e567436001cdf56720a6cd34db501dbfd118f15efde9d9	1
ipc_app/tuya_ipc/tuya_sdk_a2_5_x_sdk/include/srtp.h	71571	1759	b3599905264c9d333e34e42204ab9d2f75eaca14b6395c40bf0e946fd1addf63	1
ipc_app/tuya_ipc/tuya_sdk_a2_5_x_sdk/include/storage_service.h	551	16	789e1fbbbbd11691498d7467e9a370392fd0473ee55257c0ef2f15d4dae7eaa4	1
ipc_app/tuya_ipc/tuya_sdk_a2_5_x_sdk/include/svc_pegasus.h	3962	97	49bbbb5ce62712d220778c2738593eca7d2fc362b0f6a7d6d74fe752e14aa78b	1
ipc_app/tuya_ipc/tuya_sdk_a2_5_x_sdk/include/sys_timer.h	3838	167	5dcd533f9b7b62728fe33437634c7f0a0fe3d8495a7ce931fa9c58e3d32ee38a	1
ipc_app/tuya_ipc/tuya_sdk_a2_5_x_sdk/include/thing_config.h	530	21	bc9da056a3f53e527c07d9bd4046a817df0628537486e2d12197471b0369dc24	1
ipc_app/tuya_ipc/tuya_sdk_a2_5_x_sdk/include/tlink_bc.h	2488	75	2ff471bb15e77b985da1acfaad663da55ffba948a28c1db1626eaf6214fe955c	1
ipc_app/tuya_ipc/tuya_sdk_a2_5_x_sdk/include/tstool/ac3_fns.h	1687	59	78ac87fbc0966ee1dc3c0981e3493e09a5387cbf8ba7dc21e2a03a20c3a70251	1
ipc_app/tuya_ipc/tuya_sdk_a2_5_x_sdk/include/tstool/accessunit_defns.h	5885	138	85215b4643d024e58bb7a6db9ff4dcb1a0f3d184939585164b39f512fb404ea4	1
ipc_app/tuya_ipc/tuya_sdk_a2_5_x_sdk/include/tstool/accessunit_fns.h	11949	305	eb97c16fb7d5515250576058546279e3cc205033f7466e834d1999133ab5013e	1
ipc_app/tuya_ipc/tuya_sdk_a2_5_x_sdk/include/tstool/adts_defns.h	1822	53	d74fb2da4827bde55048261f74d96fb96d053ae59f766c4344a8ec7230d8cb3d	1
ipc_app/tuya_ipc/tuya_sdk_a2_5_x_sdk/include/tstool/adts_fns.h	2401	77	ad5ec271ef904066e1d56851bc455366713d4416c3f4d420ea0a1fff431c7603	1
ipc_app/tuya_ipc/tuya_sdk_a2_5_x_sdk/include/tstool/audio_defns.h	2239	69	f1365b767009baec712a962596672d973bcdbdb756ba4089d379fcce0d5ce498	1
ipc_app/tuya_ipc/tuya_sdk_a2_5_x_sdk/include/tstool/audio_fns.h	2234	73	bb2f044986171a1816e6f61b6c0e028d7434fc3f1bde8fa305382a793649765c	1
ipc_app/tuya_ipc/tuya_sdk_a2_5_x_sdk/include/tstool/avs_defns.h	5429	139	31445eb4e27a3f15da2bf28031ad48bee99f192bc05523f44819c2051c886fde	1
ipc_app/tuya_ipc/tuya_sdk_a2_5_x_sdk/include/tstool/avs_fns.h	7041	203	7d32ccd3d90a68da0e248ef3a09745c06c2d2fdf9588436e882eeb20ccece2d9	1
ipc_app/tuya_ipc/tuya_sdk_a2_5_x_sdk/include/tstool/bitdata_defns.h	1574	54	baaf0ddc96b0881a31a261bf7b131747d5fe28ef3c230885a189794be86d4891	1
ipc_app/tuya_ipc/tuya_sdk_a2_5_x_sdk/include/tstool/bitdata_fns.h	3551	123	382a52ae60f35337b5a2fe2913ea5a2bf17ea839bff089c3cc6781fe066f376c	1
ipc_app/tuya_ipc/tuya_sdk_a2_5_x_sdk/include/tstool/compat.h	5315	163	bc734422014d2e81baec32c5398724ab46a72ccf92c2e4f8245b16843f20724b	1
ipc_app/tuya_ipc/tuya_sdk_a2_5_x_sdk/include/tstool/es_defns.h	5838	151	868e917155f7e0aea879ca2c82183be29de2bf946eea82f110d8d4eec8ec96f5	1
ipc_app/tuya_ipc/tuya_sdk_a2_5_x_sdk/include/tstool/es_fns.h	14989	434	b6d0dbc7975a36149355e0bb132ba9cf25a90742a12e16b6828e78f937734095	1
ipc_app/tuya_ipc/tuya_sdk_a2_5_x_sdk/include/tstool/ethernet.h	1984	80	8ecfe7f3b99da4740bf509934a2bd8f235ade5ae37476dc6c8d66c55e6a33cf2	1
ipc_app/tuya_ipc/tuya_sdk_a2_5_x_sdk/include/tstool/filter_defns.h	4276	113	81a8db39a2f401cd852452085774fce3095443f15a458b64904c2ff71605254b	1
ipc_app/tuya_ipc/tuya_sdk_a2_5_x_sdk/include/tstool/filter_fns.h	10762	269	6914d8a98c293499069ccc808c7e6a4f7bfc57d3b52c9763c35784b2ed44e074	1
ipc_app/tuya_ipc/tuya_sdk_a2_5_x_sdk/include/tstool/fmtx.h	1966	65	679fb2c5d56099d593039bfbe3fcfe5c879a175ad7ca695df2e956cdb82a2ff4	1
ipc_app/tuya_ipc/tuya_sdk_a2_5_x_sdk/include/tstool/h222_defns.h	9519	216	4919a703e55b69708b9f0c139395624e14c02930c07200cdd83f4fc7f3cf8eab	1
ipc_app/tuya_ipc/tuya_sdk_a2_5_x_sdk/include/tstool/h222_fns.h	1401	45	88edadfd1e9d02802115ce942dab4184c0856971181ab84c93808bcb411658d3	1
ipc_app/tuya_ipc/tuya_sdk_a2_5_x_sdk/include/tstool/h262_defns.h	11169	255	b9ea6982b684359b7f95f98f829061189b6741c3329fa62a6408fc10307df6a2	1
ipc_app/tuya_ipc/tuya_sdk_a2_5_x_sdk/include/tstool/h262_fns.h	8734	242	b1e08f1b2007b90a17e0d6d8772a5643654c2747b640f22dc958fdca7c9e9b10	1
ipc_app/tuya_ipc/tuya_sdk_a2_5_x_sdk/include/tstool/ipv4.h	2629	131	3912d1665d8c20b482d08b84f2a0f60969e1b21ea4967d4954d9d9c837eb7821	1
ipc_app/tuya_ipc/tuya_sdk_a2_5_x_sdk/include/tstool/l2audio_fns.h	2173	72	f312ae41967f7c0c8d165bce76910cdd785bb63419503db87e215e869e8e07ac	1
ipc_app/tuya_ipc/tuya_sdk_a2_5_x_sdk/include/tstool/misc_defns.h	2193	65	78ef7714e300218799295770f4adca17041a4f65e01e40d8424d3d5bf276c88a	1
ipc_app/tuya_ipc/tuya_sdk_a2_5_x_sdk/include/tstool/misc_fns.h	16171	468	d5423c90c7ab4d2fdc04c7bc359830f5bb3746da526dfb34a395f1046c5a650e	1
ipc_app/tuya_ipc/tuya_sdk_a2_5_x_sdk/include/tstool/nalunit_defns.h	9525	271	662e3df59c1d30d48d339388c1e004a48ef91ba4f69d27b03d3bc7df025cbe00	1
ipc_app/tuya_ipc/tuya_sdk_a2_5_x_sdk/include/tstool/nalunit_fns.h	12153	353	4ad7506a0b5841859a14bc6ea1259e81cde1d53b6041e4210075f779f3a1ded8	1
ipc_app/tuya_ipc/tuya_sdk_a2_5_x_sdk/include/tstool/pcap.h	3422	146	5f814975ca3dfd094f1d22c56cbad59f339a6503aaa00d1db30933f414ee461d	1
ipc_app/tuya_ipc/tuya_sdk_a2_5_x_sdk/include/tstool/pes_defns.h	10441	235	b59884fffb55c84aabb76165a6c43e1d6b843a4917ff5f6cb7ff588b40dc0060	1
ipc_app/tuya_ipc/tuya_sdk_a2_5_x_sdk/include/tstool/pes_fns.h	21316	553	f45028ec45211a7c4b1cf1f75bfe54f27d6d0695a459be5dc24d6ba19d94aa4c	1
ipc_app/tuya_ipc/tuya_sdk_a2_5_x_sdk/include/tstool/pidint_defns.h	2975	94	eec19491446d4131a5dd7590c66a2063964a32ca57c423698cbeaaa411cca85c	1
ipc_app/tuya_ipc/tuya_sdk_a2_5_x_sdk/include/tstool/pidint_fns.h	8252	247	f3ba6546aca69426d944f035ea2042c5e3b27da9b3cc04726599b2a19ca359b2	1
ipc_app/tuya_ipc/tuya_sdk_a2_5_x_sdk/include/tstool/ps_defns.h	5587	144	7edd5d11afd4057fdc1ea37ee9fca43dabd61d08de2e5411875a380ea4e5f395	1
ipc_app/tuya_ipc/tuya_sdk_a2_5_x_sdk/include/tstool/ps_fns.h	13753	358	d75d85f445a8aef37d8cb8fde51d43e84e0c012928da99749a147c61df40abd2	1
ipc_app/tuya_ipc/tuya_sdk_a2_5_x_sdk/include/tstool/reverse_defns.h	5904	134	243533ea3b02779b7ccfc9ea606f93919dd2d730ed2642ddefc65d108fe1db37	1
ipc_app/tuya_ipc/tuya_sdk_a2_5_x_sdk/include/tstool/reverse_fns.h	15463	340	58e95323ed2dbf4ca9a0dc6d0a49b33f32c41ba251d1ff26f25392a39e8ac9e2	1
ipc_app/tuya_ipc/tuya_sdk_a2_5_x_sdk/include/tstool/ts_defns.h	2756	77	4d0959de286935db71a62316480fc1d3960a9b7cceb030bae3c1d65569cf2b47	1
ipc_app/tuya_ipc/tuya_sdk_a2_5_x_sdk/include/tstool/ts_fns.h	33532	782	78d50212d5ab36116cceff21b6473f291ecbf92c9bc683b443301fed038ab34e	1
ipc_app/tuya_ipc/tuya_sdk_a2_5_x_sdk/include/tstool/tswrite_defns.h	14080	343	3e0d852dfb8031d3fd9585b32b56e8149e548035cd1e67bda688945a314a8f0f	1
ipc_app/tuya_ipc/tuya_sdk_a2_5_x_sdk/include/tstool/tswrite_fns.h	14345	352	52e52cb7a47336940cd11d76c1fbe4ea0503fd84ccd91a5079618f4fbbb00f4d	1
ipc_app/tuya_ipc/tuya_sdk_a2_5_x_sdk/include/tstool/version.h	1505	48	72d9f7ac81f351d3719e0328d73956527abdde3a9328b0f9323b533e5f5e8d62	1
ipc_app/tuya_ipc/tuya_sdk_a2_5_x_sdk/include/tstool/video_defns.h	1571	49	d4c62541c6676cc7c542831940a965d09bafc3e11d2363a24b2e3bc70777bd87	1
ipc_app/tuya_ipc/tuya_sdk_a2_5_x_sdk/include/tuya_adc.h	2618	115	081e5c5b39bad18bd055a25995c9316656ab4ec72e8c5119efbd9f5091260091	1
ipc_app/tuya_ipc/tuya_sdk_a2_5_x_sdk/include/tuya_base_utilities.h	771	46	678a2d27f3f094f671656c1546bb33c529123d87a9f86ff093ab286c365b0ce2	1
ipc_app/tuya_ipc/tuya_sdk_a2_5_x_sdk/include/tuya_bt.h	6887	266	b206d91dd8b8347f72a6bb32efbbeeea252d772297d9caf771bae09ca9e988b6	1
ipc_app/tuya_ipc/tuya_sdk_a2_5_x_sdk/include/tuya_cli.h	1374	72	a5b4ec0532d53e938a0bb7a924439cf16deab95bd04fce651f4c7295a826a26c	1
ipc_app/tuya_ipc/tuya_sdk_a2_5_x_sdk/include/tuya_cloud_base_defs.h	1700	71	4543dcce5d7684eabe291ef7b18b384e9b7f2f2a62575afccd8bea33ee190ca6	1
ipc_app/tuya_ipc/tuya_sdk_a2_5_x_sdk/include/tuya_cloud_com_defs.h	23863	836	3507f51904b3a497c2e8c0c2c95daf6e4c242f1bccdb9d42d78c8a85fa625357	1
ipc_app/tuya_ipc/tuya_sdk_a2_5_x_sdk/include/tuya_cloud_error_code.h	10332	249	cf3558a1c36c615f790abfc3ef501cda7c1e5154f42584c1bda60ec6331c2fc1	1
ipc_app/tuya_ipc/tuya_sdk_a2_5_x_sdk/include/tuya_cloud_types.h	3946	200	2c1c25d1863c04809a3f33f65d51b561196ed77e4b387af2ba359b8a8858eb36	1
ipc_app/tuya_ipc/tuya_sdk_a2_5_x_sdk/include/tuya_cloud_wifi_defs.h	5449	133	d268b2a4cfd27b9428e5ad5d5144d77a1d5f0798e07c5b9d554d150d0348b878	1
ipc_app/tuya_ipc/tuya_sdk_a2_5_x_sdk/include/tuya_coap_helper.h	2580	87	e9b6f2a91593662102559bcd5d3de177dae88fe06f516774781df4d7c55f97dd	1
ipc_app/tuya_ipc/tuya_sdk_a2_5_x_sdk/include/tuya_devos.h	2106	89	c4a99f40f6e5f9668c8acc6ab3d00ddb3d079f59b9a2dcf546db117f8173789d	1
ipc_app/tuya_ipc/tuya_sdk_a2_5_x_sdk/include/tuya_devos_activate.h	2658	122	de406c698badba41de65364c45e59e91b971353fa19f5f90f7d0ae998fc079f1	1
ipc_app/tuya_ipc/tuya_sdk_a2_5_x_sdk/include/tuya_devos_entry.h	2675	114	3f0a86a53b8c6bf185ddcaca379bc5dc74add302aadf6898c09bc6afb832ec0a	1
ipc_app/tuya_ipc/tuya_sdk_a2_5_x_sdk/include/tuya_devos_netcfg.h	5102	193	27f1660e0a3580eca24d71ece3a3987ad05dbc3d74b8e59b46e28d5306fcf926	1
ipc_app/tuya_ipc/tuya_sdk_a2_5_x_sdk/include/tuya_devos_netlink.h	4504	172	f116ed137c2e6bf052b4d5d0468f5e0227f17edb5191e5f221d25dbda7babe78	1
ipc_app/tuya_ipc/tuya_sdk_a2_5_x_sdk/include/tuya_devos_reset.h	1757	75	c55dc444105cd289ce4688ac4b101737028ca7797d7b3efff78e5a407ba2a315	1
ipc_app/tuya_ipc/tuya_sdk_a2_5_x_sdk/include/tuya_devos_utils.h	2316	113	14e543c9d7ebb55badc65aae2f7176045e43a33c54db411c0822f224631d8218	1
ipc_app/tuya_ipc/tuya_sdk_a2_5_x_sdk/include/tuya_driver.h	2219	105	ef35d90b8136579b8f09425787b42a3f61b38d4e05fc9783c68dc63790e8ce3b	1
ipc_app/tuya_ipc/tuya_sdk_a2_5_x_sdk/include/tuya_error_code.h	26055	459	c2c15b5a02f974b25c0a1d6f5802ac6feca43bce15978aa36fdf3d939843c77c	1
ipc_app/tuya_ipc/tuya_sdk_a2_5_x_sdk/include/tuya_ffs.h	1853	75	e85ee3560fc4c5c83b2f76b58cea9b87ba30674cbfbfba32c20e5779531b0680	1
ipc_app/tuya_ipc/tuya_sdk_a2_5_x_sdk/include/tuya_ffs_adapter.h	1241	38	70cfea52f7feb041da213741d5831a27a07c749aee3fdcea52299ee5f5dad60f	1
ipc_app/tuya_ipc/tuya_sdk_a2_5_x_sdk/include/tuya_ffs_config.h	1544	56	79e23aaee278784b6bc7eabd606d28bb99c076dd210bc2bf7c7ff7f5209ee6a3	1
ipc_app/tuya_ipc/tuya_sdk_a2_5_x_sdk/include/tuya_ffs_dss.h	1018	47	e21ca242444f630caf887ae360ab66eea10b4aeec8900d7016a06eda8032847b	1
ipc_app/tuya_ipc/tuya_sdk_a2_5_x_sdk/include/tuya_ffs_inc.h	1127	67	f21af81e44ec59fbf22a72e89247caf17a0c1b00868f4897d5bd3bde35cc895d	1
ipc_app/tuya_ipc/tuya_sdk_a2_5_x_sdk/include/tuya_ffs_stream.h	1138	48	398f76ba00d0ea8aa19055d983e83b81d7f26cf6883cac9537fed3298ff0aaec	1
ipc_app/tuya_ipc/tuya_sdk_a2_5_x_sdk/include/tuya_gpio.h	4057	182	3be4bd495a166a70df1b6fb3cfd2d65fcbe8f661b4a36e2677acd29f1f3c4361	1
ipc_app/tuya_ipc/tuya_sdk_a2_5_x_sdk/include/tuya_hal_ble_mesh_prov.h	1071	45	9d6d8558ab9dd5b7926000c7f4c1954ece82944b37395d8eae3ebde52859130b	1
ipc_app/tuya_ipc/tuya_sdk_a2_5_x_sdk/include/tuya_hal_bt.h	5579	220	8d6e76cdf006cbe09d5a4b0e7fe3abe0fa267acb7268e6bc449629fe4b8b3e6d	1
ipc_app/tuya_ipc/tuya_sdk_a2_5_x_sdk/include/tuya_hal_cellular.h	981	36	792f8d1649979c118e9420a0013d3ab1476fb7d66f017c7f818ef38225009085	1
ipc_app/tuya_ipc/tuya_sdk_a2_5_x_sdk/include/tuya_hal_fs.h	6841	278	6dd6cdc2faaac38682ed38b0b9e05a1adafff9fd5293e6ecbc36332db8ac676b	1
ipc_app/tuya_ipc/tuya_sdk_a2_5_x_sdk/include/tuya_hal_memory.h	1512	68	3c46940536724f2801d1bc6ba9aa88c3b1126e0abd971df5fe3828dc4754cb81	1
ipc_app/tuya_ipc/tuya_sdk_a2_5_x_sdk/include/tuya_hal_mutex.h	1609	80	244b8a841aa3a377350e517818dae080d014144d2a5bd1264da94559b6d9d99f	1
ipc_app/tuya_ipc/tuya_sdk_a2_5_x_sdk/include/tuya_hal_network.h	13808	485	3260833b0776ff0e6b65852475f8f92b82ca4dc02b2235e71017a58a17759555	1
ipc_app/tuya_ipc/tuya_sdk_a2_5_x_sdk/include/tuya_hal_ota.h	1954	75	f24d0550161852af041655465875665709c6b5b58e0107c15ac51498ee16a3d8	1
ipc_app/tuya_ipc/tuya_sdk_a2_5_x_sdk/include/tuya_hal_output.h	1256	68	259e5bb458bc4f6ec3233d04511ea7c2d9236490120a92fe4bfbc7c07dd7e994	1
ipc_app/tuya_ipc/tuya_sdk_a2_5_x_sdk/include/tuya_hal_queue.h	1719	69	34f4ae33a75f13e42ce9f56664c141cb7b9793715dac408d852875a4303c3fda	1
ipc_app/tuya_ipc/tuya_sdk_a2_5_x_sdk/include/tuya_hal_semaphore.h	2160	95	d8d7a33fa7bb0cbef4f5e158c07c27572bbf1745121516b0dc2d539d6bed80f8	1
ipc_app/tuya_ipc/tuya_sdk_a2_5_x_sdk/include/tuya_hal_storage.h	2643	121	e9a0f394e3b73835adf0ed3231c2c9fb6795c85dd124713b309b49ffe8d79627	1
ipc_app/tuya_ipc/tuya_sdk_a2_5_x_sdk/include/tuya_hal_system.h	3214	169	5ea25f6021f870cbd98c5fd648443f4894689f57d7b414f449d6324c62bd41e7	1
ipc_app/tuya_ipc/tuya_sdk_a2_5_x_sdk/include/tuya_hal_thread.h	2641	105	a0ddfc4aa38a0eb30bd5493654fd393c512cb7a6c85cde146bd425b2bc8fc059	1
ipc_app/tuya_ipc/tuya_sdk_a2_5_x_sdk/include/tuya_hal_wifi.h	7497	272	5df17b831ef1b08b35ef98282de989d95ceedc8c3fdcf26107072ccb6b438ab8	1
ipc_app/tuya_ipc/tuya_sdk_a2_5_x_sdk/include/tuya_hal_wired.h	3640	145	2dfe1db90d1ae6d2f6661bf424c110d815b23c7c72406feba6b790c7e1f16ec6	1
ipc_app/tuya_ipc/tuya_sdk_a2_5_x_sdk/include/tuya_i2c.h	4471	162	acb9bf2bf5a810092986411d275528901b3cad817dd1032e05f12d9015965c59	1
ipc_app/tuya_ipc/tuya_sdk_a2_5_x_sdk/include/tuya_i2s.h	4221	160	1417eea0f8ee1727c4c465edf07df141947b1239af9305e4c9c0543f3e5f19ec	1
ipc_app/tuya_ipc/tuya_sdk_a2_5_x_sdk/include/tuya_iot_api_pre_handle.h	5499	127	c6644ccbc8cad488c766c4030e9eb12ceecb6c39c5209a790df2a0f1dcd82ba5	1
ipc_app/tuya_ipc/tuya_sdk_a2_5_x_sdk/include/tuya_iot_base_api.h	3508	119	eb22ed3d78558a8337e27ea0de6ab9d05cb20088eccdc319beb1b46912596bf1	1
ipc_app/tuya_ipc/tuya_sdk_a2_5_x_sdk/include/tuya_iot_com_api.h	19086	659	15fb9043694a6356a4797ea1d4d4d3bdbb7f3af238885fa576ddc9285ecede2a	1
ipc_app/tuya_ipc/tuya_sdk_a2_5_x_sdk/include/tuya_iot_config.h	7399	394	ef7c7edab8b53a57065c0a4551f310144e59f5d529fa4982b9ead21fa790c2b2	1
ipc_app/tuya_ipc/tuya_sdk_a2_5_x_sdk/include/tuya_iot_dev_check.h	3442	101	17b006e56b422986444d2a3ca02436785eac9902075340ceea68d0705f3b2d7f	1
ipc_app/tuya_ipc/tuya_sdk_a2_5_x_sdk/include/tuya_iot_internal_api.h	11593	497	7e2123b46a73c3bb6676d0ee037bd6b414819219dad324044bfafa40643f7fd0	1
ipc_app/tuya_ipc/tuya_sdk_a2_5_x_sdk/include/tuya_iot_wifi_api.h	6456	240	4e25a518722941506ca076ecd01830181d0bc2d73e4481827abc29d3edc3024d	1
ipc_app/tuya_ipc/tuya_sdk_a2_5_x_sdk/include/tuya_iot_wired_wifi_api.h	7994	187	34d3664e97370b96049e356038da568014c3d08838fce2286b2694ad264a4a88	1
ipc_app/tuya_ipc/tuya_sdk_a2_5_x_sdk/include/tuya_ipc_ai_detect_storage.h	1797	66	92d4f65f88b2c334b8398db1234ffb679e8b22657a14e396741a24ad49681c3d	1
ipc_app/tuya_ipc/tuya_sdk_a2_5_x_sdk/include/tuya_ipc_ai_face_db.h	1536	74	9f632db88b086a416bf95db6f144e7ce2c586864af6b83aa337933a53ab64131	1
ipc_app/tuya_ipc/tuya_sdk_a2_5_x_sdk/include/tuya_ipc_ai_face_detect.h	3122	94	023405c91534e8b7560e21b7da2a8e86fb813ba752124f49ecc878a14f448962	1
ipc_app/tuya_ipc/tuya_sdk_a2_5_x_sdk/include/tuya_ipc_api.h	570	27	bed9a545bb406ccb2c7a4d6067631ff4a1d83eadc979c1dbfd8d750a02c8a14b	1
ipc_app/tuya_ipc/tuya_sdk_a2_5_x_sdk/include/tuya_ipc_cloud_storage.h	6940	207	c312898c3e1bbe2b492ae46e168cba5c549a133f3f82f3476a9ae8d9b51c7dc5	1
ipc_app/tuya_ipc/tuya_sdk_a2_5_x_sdk/include/tuya_ipc_doorbell.h	1234	42	15927e5e43c5e251b8506141eeb1163cbb1ca4e724e589f89a6f9ebbafc0baab	1
ipc_app/tuya_ipc/tuya_sdk_a2_5_x_sdk/include/tuya_ipc_dp.h	1587	45	af3bb83ef1e2cb0e675c2fc40697a4d041cb449395c26ce01851f5bdaa02826c	1
ipc_app/tuya_ipc/tuya_sdk_a2_5_x_sdk/include/tuya_ipc_event.h	5146	129	c94d75084466d30e7ceca0448040d30dd09be31b0dd26db33df8f5f39c1add90	1
ipc_app/tuya_ipc/tuya_sdk_a2_5_x_sdk/include/tuya_ipc_img_defs.h	2474	97	c17a1bd6a0854c21f4ba63c42d170d330a843b81cb7cb4307ce4be7297567c87	1
ipc_app/tuya_ipc/tuya_sdk_a2_5_x_sdk/include/tuya_ipc_img_proc.h	3759	106	4fc32431ea3d1d1f50dfe6afb4637a61c35c3e9ce22940bc4925ccdb6733dc19	1
ipc_app/tuya_ipc/tuya_sdk_a2_5_x_sdk/include/tuya_ipc_log.h	842	30	a0ea738f51dae56d9811ccc645b8aa17203513b6a06fdedb8928ef48cb005bc0	1
ipc_app/tuya_ipc/tuya_sdk_a2_5_x_sdk/include/tuya_ipc_log_seq.h	1792	26	c5628464f6be1d37bff5ced30975214b3506da3ecd293a68dce70a0bc59c2ded	1
ipc_app/tuya_ipc/tuya_sdk_a2_5_x_sdk/include/tuya_ipc_low_power_api.h	1184	38	8863913f6c99f581b9f49b73fab41a83151c5d80857c6a20d938e212b2767654	1
ipc_app/tuya_ipc/tuya_sdk_a2_5_x_sdk/include/tuya_ipc_media.h	3431	147	a2fd2b4e580596a13bc78714d7bed98694a1fb798a85b9de02c760db5fe1730a	1
ipc_app/tuya_ipc/tuya_sdk_a2_5_x_sdk/include/tuya_ipc_moto_mqtt.h	934	50	c833bdb7fba95d85d8d7a5e95ab408fd8f0fe1444e42db2ef347c6330bd4515e	1
ipc_app/tuya_ipc/tuya_sdk_a2_5_x_sdk/include/tuya_ipc_mqtt_subscribe.h	1328	44	939a62876400ea96272509ea7414c24d5d52d03d6893cd282bbf9f20eae61622	1
ipc_app/tuya_ipc/tuya_sdk_a2_5_x_sdk/include/tuya_ipc_notify.h	8094	216	d9c90cb38058e4a0bc2a2b5f54a0dd6d4ab53e05116e2d4b110690c4f49d7098	1
ipc_app/tuya_ipc/tuya_sdk_a2_5_x_sdk/include/tuya_ipc_p2p.h	18159	553	cfabc728595ada4a119fc953310f2c148409e8e7672a862667e7837f0280dc0e	1
ipc_app/tuya_ipc/tuya_sdk_a2_5_x_sdk/include/tuya_ipc_p2p_common.h	3112	121	4810724a76eb2fb68514346cf7de2ac6fcd8aa99da7313d01aea7a9e44925cc2	1
ipc_app/tuya_ipc/tuya_sdk_a2_5_x_sdk/include/tuya_ipc_p2p_error.h	1366	29	b38de8479a3646130accb42a50fce5fbc1a4b404879cbe68de23849510c28db0	1
ipc_app/tuya_ipc/tuya_sdk_a2_5_x_sdk/include/tuya_ipc_ptz.h	1567	59	b13c7878736ac3d1d874fb2e448a516ea8b4f8af435472a2993c58bbcdb94a3b	1
ipc_app/tuya_ipc/tuya_sdk_a2_5_x_sdk/include/tuya_ipc_qrcode_proc.h	1665	43	941eca34dac91da0bd5046eeb5b5fcb47cdeca63b4067ffcaf1a35ceb77bcb8b	1
ipc_app/tuya_ipc/tuya_sdk_a2_5_x_sdk/include/tuya_ipc_sdk_info.h	4268	156	7eeac999f373c0e55d9f8d295404295a4d29997a4c757d714c0373d39ce3d2c7	1
ipc_app/tuya_ipc/tuya_sdk_a2_5_x_sdk/include/tuya_ipc_sdk_init.h	6433	192	25394a791becca3bc3093971d8bd1364fdc404cbe41ff839924bccd2edc48520	1
ipc_app/tuya_ipc/tuya_sdk_a2_5_x_sdk/include/tuya_ipc_skill.h	837	42	a0a1edf0d66a58f0caf11e24058bd03a2abc20c29527ea75684edfdfa443dc45	1
ipc_app/tuya_ipc/tuya_sdk_a2_5_x_sdk/include/tuya_ipc_stream_storage.h	15548	455	2dc947d84bc6f66d27e187ef932d3f8e471381f07da3a4d355d10867dd2028fd	1
ipc_app/tuya_ipc/tuya_sdk_a2_5_x_sdk/include/tuya_ipc_upgrade.h	2569	77	449479d7612a78e1bfe2454d2c56c38a2e072d0ed6f6f7d3a177732c499e9c01	1
ipc_app/tuya_ipc/tuya_sdk_a2_5_x_sdk/include/tuya_ipc_video_msg.h	1769	73	87ef64a11fb19ae9187372994e4bac0ac442cb72acdec7a7042c4a2a83f7c00d	1
ipc_app/tuya_ipc/tuya_sdk_a2_5_x_sdk/include/tuya_ipc_video_proc.h	4707	126	d15a0ce1798d6e0eb5db0f8fb3c3f523b6697ec7260b010dcef0f0a29f5970f0	1
ipc_app/tuya_ipc/tuya_sdk_a2_5_x_sdk/include/tuya_ipc_webrtc.h	2506	113	0d738e4d184e28cc4b8450075f4963ac623518dea5ca5ae69e5a325f58cc300c	1
ipc_app/tuya_ipc/tuya_sdk_a2_5_x_sdk/include/tuya_ir_code.h	1541	83	6d5da27ace28df06d1200071d8132530e3c7ca661d73fbd6473b89112939896f	1
ipc_app/tuya_ipc/tuya_sdk_a2_5_x_sdk/include/tuya_ir_control.h	8805	357	6d5a1326266c8c70b1eca96a49fd54e20e306ee783187b167748a9a2281329ef	1
ipc_app/tuya_ipc/tuya_sdk_a2_5_x_sdk/include/tuya_ir_ws_db.h	1001	62	00bd72eadbf4fda9e76d35a13b177f98562a2f489b705ee738f75e53aee3cd05	1
ipc_app/tuya_ipc/tuya_sdk_a2_5_x_sdk/include/tuya_key.h	2573	106	06b49cc4579936ba08f774bb06f700bcd1bd3a1347d1ddca380ff6a6d8d658b4	1
ipc_app/tuya_ipc/tuya_sdk_a2_5_x_sdk/include/tuya_led.h	2158	76	de3fbd7afdf749b144abc50c86748f22e49e369efe2e72cbdb564a87e6e9762e	1
ipc_app/tuya_ipc/tuya_sdk_a2_5_x_sdk/include/tuya_liteos_uv.h	19655	509	5a2485d269b942e6e907664f0982c5656de0318a476babf2defb1cc8c7ce406b	1
ipc_app/tuya_ipc/tuya_sdk_a2_5_x_sdk/include/tuya_media_service_rtc.h	13762	308	8a5c41ef9aad13dc6a8efa19a9a7caa112dc84f8ade7b093f628e0b2361bc8ce	1
ipc_app/tuya_ipc/tuya_sdk_a2_5_x_sdk/include/tuya_memory_heap.h	1083	41	b82e26e313caf5c8e56f25435f808a49786d051c92871e69034cdec2f1f13d9b	1
ipc_app/tuya_ipc/tuya_sdk_a2_5_x_sdk/include/tuya_os_adapter.h	41354	1082	9116218bea9a0bbec6aeda55c9ad728a6bbe902fc63233c6963db24c8662d3dd	1
ipc_app/tuya_ipc/tuya_sdk_a2_5_x_sdk/include/tuya_os_adapter_error_code.h	9091	221	35975ce6dd7e020b052c6fd35ba4fadef9ca7e08abcef7c88e19f79d39002112	1
ipc_app/tuya_ipc/tuya_sdk_a2_5_x_sdk/include/tuya_pin.h	7097	214	102fa638e7b0b9aef24e2a3e3f2ba29aa7bf56818f51d730d403d46d60e81454	1
ipc_app/tuya_ipc/tuya_sdk_a2_5_x_sdk/include/tuya_pwm.h	4135	171	d69482db305923c5a10a2f0972c126fc9388fcc85a85a873014e988543dd2e6d	1
ipc_app/tuya_ipc/tuya_sdk_a2_5_x_sdk/include/tuya_ring_buffer.h	7243	185	98c0d52e0f52956bba6d5c8996307371e16b1375cbf0bb9051af8b8df66e20c3	1
ipc_app/tuya_ipc/tuya_sdk_a2_5_x_sdk/include/tuya_rtc.h	1534	75	85f143c288de589e308ffdd4757b0073a8c24ecec79f34ff06814222d0b711dd	1
ipc_app/tuya_ipc/tuya_sdk_a2_5_x_sdk/include/tuya_sha256.h	4595	163	7bb9620634a243d9d93af6eddc75f8998ab2a8360d998f598604f8f7d11afb4d	1
ipc_app/tuya_ipc/tuya_sdk_a2_5_x_sdk/include/tuya_spi.h	6009	188	26cf0679230ab9d49e5679f9a9e8e2106d1e17b47b74daf57ed7f1d8e516d664	1
ipc_app/tuya_ipc/tuya_sdk_a2_5_x_sdk/include/tuya_svc_online_log.h	1628	65	804ac834c196ba3d1b124b8e569dfe14f849b8d7dee7f824b0f93bf67b152e21	1
ipc_app/tuya_ipc/tuya_sdk_a2_5_x_sdk/include/tuya_svc_schema_upgrade.h	1934	81	033131f9c9ee5165e4252604330af917aad8ae70bd14cf68c9568ed53989fe26	1
ipc_app/tuya_ipc/tuya_sdk_a2_5_x_sdk/include/tuya_svc_timer_task.h	1652	67	c46a04637a138058ff5b1b21f1b9eac51d2c28aff41fefbc04e019da91182e47	1
ipc_app/tuya_ipc/tuya_sdk_a2_5_x_sdk/include/tuya_svc_upgrade.h	6871	208	983be5383b7e2d465a362f05d03a938b326d8ca9d3e6825c381508e1fe03dde8	1
ipc_app/tuya_ipc/tuya_sdk_a2_5_x_sdk/include/tuya_svc_upgrade_http.h	2561	85	9a3d5340c3c1993883b71c9914cf63f42cd6a1427b842d3b414cf18446023d10	1
ipc_app/tuya_ipc/tuya_sdk_a2_5_x_sdk/include/tuya_system_dp.h	331	23	4df014f3735ac0a66a69b88166b6c4912b35a262fa612686dfb0c66edb8cecb0	1
ipc_app/tuya_ipc/tuya_sdk_a2_5_x_sdk/include/tuya_timer.h	2915	124	2e7cb7fd201feab13e3f073612467f93eb5daa3dd6852311c94b3a55b6ef37ca	1
ipc_app/tuya_ipc/tuya_sdk_a2_5_x_sdk/include/tuya_tls.h	4542	181	2e84122865c90ce5eef567551605587847ff30b009d7dc5e95205e1ca7d7e4c4	1
ipc_app/tuya_ipc/tuya_sdk_a2_5_x_sdk/include/tuya_tls_config_disable.h	171	6	896eb10c8d9925c2291e11a2e7705ad3f3fa44962b6d6d4346d0739b45b896ad	1
ipc_app/tuya_ipc/tuya_sdk_a2_5_x_sdk/include/tuya_tls_config_ecc_client_auth.h	108690	3274	3387e96f2f0358c20977b5ff975f2cb9d87408df1ea907187bb6b56115cd28d9	1
ipc_app/tuya_ipc/tuya_sdk_a2_5_x_sdk/include/tuya_tls_config_ecc_only.h	110668	3306	1caaa603336b264ab23fbec2ab58a45f04c5531b4223af3e59072e0d2caa5b72	1
ipc_app/tuya_ipc/tuya_sdk_a2_5_x_sdk/include/tuya_tls_config_ecc_only_homekit.h	110716	3307	de9fa1987ef88d694f55b944467a1bacb67d20679464119315e0d84116243fbb	1
ipc_app/tuya_ipc/tuya_sdk_a2_5_x_sdk/include/tuya_tls_config_ecc_only_ipc.h	110976	3321	adb317b8fcbcc479cdba8bb7fbe17d0503c76f2f61d69264824053b63ec7ffaf	1
ipc_app/tuya_ipc/tuya_sdk_a2_5_x_sdk/include/tuya_tls_config_ecc_only_nxp_se050.h	111257	3332	da7da5ca1f84c833bd190a7b7be4785d9a04c8b1c37d312d45bad10446ccc859	1
ipc_app/tuya_ipc/tuya_sdk_a2_5_x_sdk/include/tuya_tls_config_ecc_psk.h	108959	3280	9079eeb8501a70a2a05d5b897cb710d6aa11fddb48e9c51a74ac2ecb624b03da	1
ipc_app/tuya_ipc/tuya_sdk_a2_5_x_sdk/include/tuya_tls_config_ecc_psk_cat1.h	108441	3271	2f0dfd2c5fd0964393af91b176d46d317993254b46197cf1eeacf8da177102d4	1
ipc_app/tuya_ipc/tuya_sdk_a2_5_x_sdk/include/tuya_tls_config_no_strip.h	110714	3309	cf37f75344bd16db44b6f2d2c030094d77c2bf083d32fc74431e5a6bed83c7a9	1
ipc_app/tuya_ipc/tuya_sdk_a2_5_x_sdk/include/tuya_tls_config_psk_only.h	111072	3327	5af607fce46d9c38c1d2ee65a7acef07d380fbd3ae6e87110693c6413ce7bd9f	1
ipc_app/tuya_ipc/tuya_sdk_a2_5_x_sdk/include/tuya_uart.h	6320	216	4b407058f31321e3365c0636b01202b33ccc409e2d6c8ac6be7dc808a35172a5	1
ipc_app/tuya_ipc/tuya_sdk_a2_5_x_sdk/include/tuya_uart_legacy.h	3821	145	c19d068a64c6b7055f1af9634586a7b6ea67894364c3c0009df97e227eab9ce0	1
ipc_app/tuya_ipc/tuya_sdk_a2_5_x_sdk/include/tuya_uf_db.h	6915	258	3d472c0381cdede8682bfb9d8f24cc8516796fa03cb7e464afcf84b167dcb639	1
ipc_app/tuya_ipc/tuya_sdk_a2_5_x_sdk/include/tuya_uv_errno.h	10491	454	8ff8d7afde3e70ec54d7093683dd85554ca61e738b70a527cc7d8421c3c2d665	1
ipc_app/tuya_ipc/tuya_sdk_a2_5_x_sdk/include/tuya_ws_db.h	10262	287	a45c4ee5a9c893bb92b50350a743cc98abd74496b6cdd00c2dc34c7997238be5	1
ipc_app/tuya_ipc/tuya_sdk_a2_5_x_sdk/include/ty_cJSON.h	7606	150	50d2aca0c62438f8b5f3cb03967919c6c3c85c97fc046f6a0ebf2b072b47ffc7	1
ipc_app/tuya_ipc/tuya_sdk_a2_5_x_sdk/include/ty_monitor.h	909	61	2dd147759e623309e84a095ee2a9cf72ad6393bca24018a5bdce3a488610c6f9	1
ipc_app/tuya_ipc/tuya_sdk_a2_5_x_sdk/include/ty_wifi_mgnt.h	4028	143	0037065f78a053616a4bb2a62c344e3912205692c4b5ec66daeaa9a5635e213b	1
ipc_app/tuya_ipc/tuya_sdk_a2_5_x_sdk/include/ty_work_queue.h	1236	63	06ab33dfd5c0069b0ab0a5cfb63015d8a7d0912a78889349067486af19617d7d	1
ipc_app/tuya_ipc/tuya_sdk_a2_5_x_sdk/include/uni_base64.h	604	40	5e8a027b3143de127a60369c70a25b6692efd1d0c219edf4e25af7371dc0869b	1
ipc_app/tuya_ipc/tuya_sdk_a2_5_x_sdk/include/uni_fs.h	1920	85	5389fa642cbde6fa7964b643a90988e571fe7bbce5f51d1e14d608a948fa1da6	1
ipc_app/tuya_ipc/tuya_sdk_a2_5_x_sdk/include/uni_hlist.h	5326	238	a88a201a7f86ab99db35c05455b40cbc1fae5632157af6e950e842cd327b719e	1
ipc_app/tuya_ipc/tuya_sdk_a2_5_x_sdk/include/uni_log.h	12165	438	bbd6c34faf9af23113c5c279cbb60b1fcf47037eb43946f6e69fae65b6bd5fb7	1
ipc_app/tuya_ipc/tuya_sdk_a2_5_x_sdk/include/uni_md5.h	759	46	809534d124c8b6074ad4dcb12d4b4bf953fa0b7f5c64073aab8f69e8ac4399c0	1
ipc_app/tuya_ipc/tuya_sdk_a2_5_x_sdk/include/uni_module.h	7192	216	abd4e0acb0a74f0157b89cf203eb05b60e05350056887815f24c15504c2c3867	1
ipc_app/tuya_ipc/tuya_sdk_a2_5_x_sdk/include/uni_msg_queue.h	9640	325	6929a1b5a78d220674e8a65e750d88bd273972a418313821a3429bd64bf467ba	1
ipc_app/tuya_ipc/tuya_sdk_a2_5_x_sdk/include/uni_network.h	5849	190	0b041be979d4ce578d970af911e4de159ff4351432e1d42f332f0a64e8191478	1
ipc_app/tuya_ipc/tuya_sdk_a2_5_x_sdk/include/uni_pointer.h	3992	186	5e62966d8ef6294977a28b1c9750e514312ebaa2656900ee20bf4e02b1f1844c	1
ipc_app/tuya_ipc/tuya_sdk_a2_5_x_sdk/include/uni_queue.h	3875	143	b30db99d758539f7fac2ad2942651521f92f5ab2d69dc9b079d6505542f19428	1
ipc_app/tuya_ipc/tuya_sdk_a2_5_x_sdk/include/uni_random.h	706	44	63d7f92a8d6f3185bd09862c1a9fd77f9f0128283bd1b52c8fbac7ef635ba9db	1
ipc_app/tuya_ipc/tuya_sdk_a2_5_x_sdk/include/uni_rfc.h	1487	73	d03742193d8058ec35ef9fbf707ecd9d817b7431c3e65346784053a8fbad01ca	1
ipc_app/tuya_ipc/tuya_sdk_a2_5_x_sdk/include/uni_slist.h	4105	189	0fcfcb9664433f4d71106c2deaf4ba9faad6a6ffe9199094db18e9b8888bb57c	1
ipc_app/tuya_ipc/tuya_sdk_a2_5_x_sdk/include/uni_thread.h	3368	138	22408acdb508536aca473353dc85a15c441ee435e2df29f80e246936ee31a45f	1
ipc_app/tuya_ipc/tuya_sdk_a2_5_x_sdk/include/uni_time.h	7445	273	83d5f2c4ce9bd3d908b09e24be2246a98e20e06a832a3ccd6612aafbd352f4e8	1
ipc_app/tuya_ipc/tuya_sdk_a2_5_x_sdk/include/uni_time_queue.h	5428	181	26053b35c7479b861596e476c45debd73d48aed0d7f8bcdc8655b613cc2a3d9f	1
ipc_app/tuya_ipc/tuya_sdk_a2_5_x_sdk/include/uni_work_queue.h	2709	102	7e8e682be58856520342d3582a4cdc8a41fdece0e36055335b448e233337dc00	1
ipc_app/tuya_ipc/tuya_sdk_a2_5_x_sdk/include/unix.h	3019	113	a0299a118bddf0483a04ffa77b3c7606aaa13f0775d6ad10dd94de901d0d99a7	1
ipc_app/tuya_ipc/tuya_sdk_a2_5_x_sdk/include/upload_notification.h	3634	68	04967513797d7586d4f3340fc4bf29a8e7a4810bb27e19d12bd1b1b6fec3318f	1
ipc_app/tuya_ipc/tuya_sdk_a2_5_x_sdk/include/user_netcfg.h	178	8	f83994156415da63a5469eed75f2452583723e2758d819b89fa46f87c094bc69	1
ipc_app/tuya_ipc/tuya_sdk_a2_5_x_sdk/include/uv.h	188	18	dcd61ed1937c14a67ce96691166a8b18c898af81d0c1f7e68a357e8c2067e216	1
ipc_app/tuya_ipc/tuya_sdk_a2_5_x_sdk/include/wf_basic_intf.h	9476	382	a212e28123a32f9842765c27c402b9f99b2a4da40523bd1a2911d83857dacbcb	1
ipc_app/tuya_ipc/tuya_sdk_a2_5_x_sdk/include/wf_nw_cfg.h	961	41	e5cdb78821d9e33da1047f20dc7b54b3ba1015809576f3308adb0157fbdab231	1
ipc_app/tuya_ipc/tuya_sdk_a2_5_x_sdk/include/wifi_netcfg_frame_sniffer.h	2773	82	2653de2b3d4872fba0d476363fc2a20132be895e5193e9b01f9d5e8ba5609f21	1
ipc_app/tuya_ipc/tuya_sdk_a2_5_x_sdk/include/wifi_netcfg_frame_transporter.h	3160	91	c7905b3964abcbfad5dcda091f7fda0b3ceb4dc4780c50fa6631e4e6cec38b9a	1
ipc_app/tuya_ipc/tuya_sdk_a2_5_x_sdk/include/wl_cfg_com.h	1852	63	31883775b267f2dba239315002c159757efa130d8abaa8d295a3595ca07be585	1
ipc_app/tuya_ipc/tuya_sdk_a2_5_x_sdk/include/ws_db_gw.h	4025	157	07be52fe6a7c7b8c058e3ecb2d1137dfdcb528797a445b541cf9d5d6d93bac1c	1
ipc_app/tuya_ipc/tuya_sdk_a4/include/base_hwl.h	3056	85	dbc6bd837869b2497cbbbe861d0d20464a7fb2e2e32bcf1f51f30c197fbba366	1
ipc_app/tuya_ipc/tuya_sdk_a4/include/cJSON.h	7005	149	a89ead7212f33c4b20f357557cdb24b21d52549ae173e4ef577e4631e891147f	1
ipc_app/tuya_ipc/tuya_sdk_a4/include/tuya_cloud_base_defs.h	1252	48	cb8782edf7e7f4ca78a981747133de389bc15ecc1adc298ce01a7a043b82fe50	1
ipc_app/tuya_ipc/tuya_sdk_a4/include/tuya_cloud_com_defs.h	18514	526	09e1867114de67010191c08f97c786f446dfc8eb70352df209b0a0e033103d15	1
ipc_app/tuya_ipc/tuya_sdk_a4/include/tuya_cloud_error_code.h	8328	201	9f594cbd4dda1968dd298d1395334133e4690ab2a2382d6c2fd641e641c24209	1
ipc_app/tuya_ipc/tuya_sdk_a4/include/tuya_cloud_types.h	3983	197	7622e8ec93c13d86db8a3d62a91debf2cf7361de1c4cb6458cd40fd30bc3715c	1
ipc_app/tuya_ipc/tuya_sdk_a4/include/tuya_cloud_wifi_defs.h	4212	98	7dfa82d80557043fe2e32da0b3b235ad55f51dedf46ccc0e302befae928c44ff	1
ipc_app/tuya_ipc/tuya_sdk_a4/include/tuya_g711_utils.h	1075	30	4599188b9e0731b19e7d8eab755afba4cc782d9b75cafb77e789a2035650d257	1
ipc_app/tuya_ipc/tuya_sdk_a4/include/tuya_iot_config.h	4144	213	0378835b90fec486c530bfeb22c58d70216bed6a9ec35643583d685395fccdc2	1
ipc_app/tuya_ipc/tuya_sdk_a4/include/tuya_ipc_ai_detect_storage.h	2389	80	c493abb77b541f3bbf4be7b963656b7d8339eb1c322a1de2f79efc1bda9371d9	1
ipc_app/tuya_ipc/tuya_sdk_a4/include/tuya_ipc_ai_face_db.h	1463	74	7fe75d5759faafe50e94232600f16749c43152901e55a13220586443f8e34b03	1
ipc_app/tuya_ipc/tuya_sdk_a4/include/tuya_ipc_ai_face_detect.h	3028	94	a906cf4a1534b2ef37e0d44dbbde914d25e92bd6db06f0be1a2d0f6780a1f0ec	1
ipc_app/tuya_ipc/tuya_sdk_a4/include/tuya_ipc_api.h	23367	653	9653a6e250f18e03b9a6f2844e620968e07891b9d469cc9a8fd45e653ef83177	1
ipc_app/tuya_ipc/tuya_sdk_a4/include/tuya_ipc_chromecast.h	2111	81	d23452c4f9b608f1eeae6b0102f7d9edaf6fdaeef10ba41013c0322c9d9d3462	1
ipc_app/tuya_ipc/tuya_sdk_a4/include/tuya_ipc_cloud_storage.h	7165	194	fdbff8f715a292e0cbda31b4b710b3fae05448d9e630e40957d864286a341ce9	1
ipc_app/tuya_ipc/tuya_sdk_a4/include/tuya_ipc_echo_show.h	1193	54	b0f22b0bd87a5b6e296b334b51b183e441cdeafd9360354e35969c1aba7e465b	1
ipc_app/tuya_ipc/tuya_sdk_a4/include/tuya_ipc_img_defs.h	1889	77	7880cccee45e7fd97d82ba694a86bb0b1619acce501c0931f65cacff30a97e86	1
ipc_app/tuya_ipc/tuya_sdk_a4/include/tuya_ipc_img_proc.h	3623	106	1112e649b7955a4cdab8299fefecbc41b61374366268438ef9d68177b3ed7050	1
ipc_app/tuya_ipc/tuya_sdk_a4/include/tuya_ipc_media.h	5219	172	4a71795dec835f553369d762ac742b5f35665759ec5efee857c39737547d8272	1
ipc_app/tuya_ipc/tuya_sdk_a4/include/tuya_ipc_mqt_proccess.h	3951	111	f4e0ea12652a50cfbc12608885d2d5f87c20fc32e3ddfca3068137d0944eb373	1
ipc_app/tuya_ipc/tuya_sdk_a4/include/tuya_ipc_p2p.h	16701	522	a5a27098ab702b94ad9d3cec6fc9818d1f92b03508805889630159c0a29eb39a	1
ipc_app/tuya_ipc/tuya_sdk_a4/include/tuya_ipc_ptz.h	1567	59	b13c7878736ac3d1d874fb2e448a516ea8b4f8af435472a2993c58bbcdb94a3b	1
ipc_app/tuya_ipc/tuya_sdk_a4/include/tuya_ipc_qrcode_proc.h	1512	43	2204159a4cff2e99eeca7c8648c8a0a6b1e1f83773d21ec9395f9a4e47a72610	1
ipc_app/tuya_ipc/tuya_sdk_a4/include/tuya_ipc_skill.h	751	38	ffeccf4298206593fd29cf18c01ecc0357037e249dee8344b455fe3e6b71b958	1
ipc_app/tuya_ipc/tuya_sdk_a4/include/tuya_ipc_stream_storage.h	12640	378	505a01231ea42c54e7cf99165007261cf11ca28755ff848e8fe7b8985b271d29	1
ipc_app/tuya_ipc/tuya_sdk_a4/include/tuya_ipc_video_msg.h	1988	75	787221098daffd2d557f2b7d990264ae38ce679d1c6bb141089b2e9b8487b459	1
ipc_app/tuya_ipc/tuya_sdk_a4/include/tuya_ipc_video_proc.h	3361	92	b17a9568b6d47e5cc5d39abed25c7f6f79084850ae78a4629b1f287b42d8df7a	1
ipc_app/tuya_ipc/tuya_sdk_a4/include/tuya_ipc_voice.h	2139	72	d3bc2359808a0e826dca8656b4e32e943bf4a25bca83cbc0ee3d45922b682cb6	1
ipc_app/tuya_ipc/tuya_sdk_a4/include/tuya_ipc_webrtc.h	2500	109	d104a51e93ca34bbdc795a3f6911b75c9016a7578c7af74a915a0f207eef2d75	1
ipc_app/tuya_ipc/tuya_sdk_a4/include/tuya_ipc_wifi_migrate.h	2589	74	9463e781b9bb84f5d06a1a8dd7dd42d50b9689974d769c3c84fc858329d963ad	1
ipc_app/tuya_ipc/tuya_sdk_a4/include/tuya_ring_buffer.h	5403	136	0486ca6621b2e59c01b74d873af8d921ee080d986b5321fcb1e9e62655a28e2a	1
ipc_app/tuya_ipc/tuya_sdk_a4/include/uni_network.h	14597	403	4d3d6fbcf986ed1220508417c489bf73b1af2fddcb40ebed83be93e85ae89242	1
ipc_app/tuya_ipc/tuya_sdk_a4/include/wifi_hwl.h	10532	275	f87f9a7f1bfa25310a3a1e6acedcaa63d642ce07e49775d87b1d8c49c3728481	1
ipc_app/tuya_ipc/tuya_sdk_a4_5_x_sdk/include/aes_inf.h	10496	399	feec25b1cc07a3b6917c32ef5c7cd3ec988e4a792436fcbf34eb705a609a7fa7	1
ipc_app/tuya_ipc/tuya_sdk_a4_5_x_sdk/include/airkiss_bc.h	2826	92	a89686f6950674cce51baf0418d06fdfc5f845c1eac5857273e8c3deab0e0921	1
ipc_app/tuya_ipc/tuya_sdk_a4_5_x_sdk/include/ak_lan_protocol.h	1244	64	0480484db5ae9592f83da84aa4602a4b7573b3355775cdea8c1d6e2151fef15d	1
ipc_app/tuya_ipc/tuya_sdk_a4_5_x_sdk/include/ap_netcfg.h	1137	59	4c9277e219b79a4bbae6c28b8f683ff97526dbf5bdd49163b9abf47d95ea24ab	1
ipc_app/tuya_ipc/tuya_sdk_a4_5_x_sdk/include/app_agent.h	7470	257	1697dd3f94a0a7f5221919139f9a399ae44572a9d294b07f777016fed0e3a392	1
ipc_app/tuya_ipc/tuya_sdk_a4_5_x_sdk/include/apr_sha1.h	3117	107	c8353d15878ac0ab36ab415186fffa11223b579762119379c9ef390147060218	1
ipc_app/tuya_ipc/tuya_sdk_a4_5_x_sdk/include/astro_timer.h	977	54	09977e92c19ad1e3f9e62898e9d56bff8ffe2f690a13d691cd5efea7e1648a7c	1
ipc_app/tuya_ipc/tuya_sdk_a4_5_x_sdk/include/async_notify.h	3073	116	3cf27eecd38546a340ca9a528e424ff2dd95ab87d7b41a824c1723d6d4199aa5	1
ipc_app/tuya_ipc/tuya_sdk_a4_5_x_sdk/include/base_event.h	3955	141	1f2a3f088cdb871b1167469c8bf3483ac3db378c0e8f03c36931987d0380c400	1
ipc_app/tuya_ipc/tuya_sdk_a4_5_x_sdk/include/base_event_info.h	2398	58	3330c09c8948780aa6dbe21eaa1ebe246acc79e0c2a0ca4e6dfb9485b6eefe94	1
ipc_app/tuya_ipc/tuya_sdk_a4_5_x_sdk/include/base_nw_intf.h	2881	117	83167e3a06bc8f02dcee52a8e8cb96c1c042f152e5abe2b2d66e398c29748f06	1
ipc_app/tuya_ipc/tuya_sdk_a4_5_x_sdk/include/base_os_adapter.h	611	35	645d38c57fa5f28b924b43a67de8f6c45b8ad62b2999f65b9ef70796785d6add	1
ipc_app/tuya_ipc/tuya_sdk_a4_5_x_sdk/include/base_rpc_com.h	4493	148	82915853db0f01810e9d99976975914c2928240755225693c8fc0c3dc7929beb	1
ipc_app/tuya_ipc/tuya_sdk_a4_5_x_sdk/include/c-tlv.h	3770	153	4b43a5f931788da41957375d434fdcfdb49166698470729fda4e9a4820d77473	1
ipc_app/tuya_ipc/tuya_sdk_a4_5_x_sdk/include/cJSON.h	3644	98	797c8427ce46e08ea56c0764900cb88adc952ce73e5da559db3021eca1e81e3d	1
ipc_app/tuya_ipc/tuya_sdk_a4_5_x_sdk/include/cipher_wrapper.h	1392	46	f628643817596b4e4ffd92b32305d78813d9249ecf15dbd8def3293612d1f5f9	1
ipc_app/tuya_ipc/tuya_sdk_a4_5_x_sdk/include/cloud_operation.h	5424	172	78733a666cb6269615521ddb7dc18483f6812e9313cd958d1cd26fe770345a4a	1
ipc_app/tuya_ipc/tuya_sdk_a4_5_x_sdk/include/coap2/address.h	5811	200	5c686b2066affbfd0e39787fc3b368201d0a307fa5eb4ae906e9cb0735ea7900	1
ipc_app/tuya_ipc/tuya_sdk_a4_5_x_sdk/include/coap2/async.h	5623	149	0f37838c2fc2b326d727585c10444ca34a66d193c15a4ad66d22bfd48cb35eb4	1
ipc_app/tuya_ipc/tuya_sdk_a4_5_x_sdk/include/coap2/bits.h	2052	78	14c7e7df3d2212bd0b594b5db895dc2eb08edd44a2fce415171a9bff5502f8bc	1
ipc_app/tuya_ipc/tuya_sdk_a4_5_x_sdk/include/coap2/block.h	6472	185	08330ffd5d7d4d3b535dfec81b73080e6f67c8e3b86f2a440459e16de09195df	1
ipc_app/tuya_ipc/tuya_sdk_a4_5_x_sdk/include/coap2/coap.h	1455	66	60c5f88e9219a71f7cde97aa3b889426d71033732358d0333470420a94e0d8c5	1
ipc_app/tuya_ipc/tuya_sdk_a4_5_x_sdk/include/coap2/coap_debug.h	5322	211	d6e399f6c013f76eda8c5d39b36c5c36c8ee771cab0195f9253be5fac8a65396	1
ipc_app/tuya_ipc/tuya_sdk_a4_5_x_sdk/include/coap2/coap_dtls.h	20215	609	ae6fb3fd5e99483b43f5c4c1cc0d91278ad389f322a1696af97e2919641bdf0f	1
ipc_app/tuya_ipc/tuya_sdk_a4_5_x_sdk/include/coap2/coap_event.h	3174	102	a057ead912d1c68c3f9004ff57fb8d6e2b4cb43702a2d341f5f1b0a45d165903	1
ipc_app/tuya_ipc/tuya_sdk_a4_5_x_sdk/include/coap2/coap_hashkey.h	1644	59	36d2698f9dee91aa33f423684c94333d6bb2a8d756823ac23ee6a486450a4acf	1
ipc_app/tuya_ipc/tuya_sdk_a4_5_x_sdk/include/coap2/coap_io.h	7310	213	b3dd46d1c2c03c2dc87a855b2fabbde9a4bc6195a6f8354b262177643924c252	1
ipc_app/tuya_ipc/tuya_sdk_a4_5_x_sdk/include/coap2/coap_mem.h	3225	116	be66133e30ebe92714b804fee8c9ec7b6282314db95b3f0707b114973a57d206	1
ipc_app/tuya_ipc/tuya_sdk_a4_5_x_sdk/include/coap2/coap_net.h	27190	742	9c61ce71ba332f0afda7a1c0b5bdc0e4617dfd7a1c20a1719849885056f8e903	1
ipc_app/tuya_ipc/tuya_sdk_a4_5_x_sdk/include/coap2/coap_session.h	17419	493	04b84c90c583f8f71ac1a1c08b81653b1d7d790495ee3097668833f33ca5f52b	1
ipc_app/tuya_ipc/tuya_sdk_a4_5_x_sdk/include/coap2/coap_time.h	3717	162	f23e2d4d7aef0827fa9150ef6ea717c64013abbfd20308b95a72b812a555bdb3	1
ipc_app/tuya_ipc/tuya_sdk_a4_5_x_sdk/include/coap2/encode.h	3220	96	dad649515f29a4f010c4441d65655c4ddd964c0dc3790b411c435cf84617a397	1
ipc_app/tuya_ipc/tuya_sdk_a4_5_x_sdk/include/coap2/libcoap.h	1852	74	c3c0db428e18e83b718491f9bcccbaee398e90eca52cb4a9e8feda0ec72d9426	1
ipc_app/tuya_ipc/tuya_sdk_a4_5_x_sdk/include/coap2/lwippools.h	2541	81	dc2e36aaeb67424cbcc2caa57d04a457ca9a44b7d5186f2c4194cc64aedcf261	1
ipc_app/tuya_ipc/tuya_sdk_a4_5_x_sdk/include/coap2/option.h	16490	461	a7cefe636259dc266c5581032ca304c1ccf7375a3967edf74682f82596c31374	1
ipc_app/tuya_ipc/tuya_sdk_a4_5_x_sdk/include/coap2/pdu.h	22304	543	f83044949e5e7bdb306d9a2d24b27ce6c9ec82b54ad3fed1cf6481b971042979	1
ipc_app/tuya_ipc/tuya_sdk_a4_5_x_sdk/include/coap2/prng.h	2939	126	82c74e4a63ce4a5b452affb57552262f04a77ef57d84ff942c0715b8b7f445f1	1
ipc_app/tuya_ipc/tuya_sdk_a4_5_x_sdk/include/coap2/resource.h	19149	524	5bfcd395e9c36f6a0a17b4cfc49b72fc0c5d716924332ecec64522cc109d0817	1
ipc_app/tuya_ipc/tuya_sdk_a4_5_x_sdk/include/coap2/str.h	3434	121	d11ad615f7bc2870cca9fa8357950e33143ab9441657ab7a74c2a1b2cb1d743d	1
ipc_app/tuya_ipc/tuya_sdk_a4_5_x_sdk/include/coap2/subscribe.h	2414	76	3f863e5921135a5fc28d06eb0ad6e238f01a6cbbc7ed79a49b1e787d2a359382	1
ipc_app/tuya_ipc/tuya_sdk_a4_5_x_sdk/include/coap2/uri.h	4831	147	cce1e8c5b4ccbf93bbc335a70ad7e0c9a40934b26615b216f30fc536a6d2dec4	1
ipc_app/tuya_ipc/tuya_sdk_a4_5_x_sdk/include/coap2/uthash.h	71493	1108	a0b225d5988d69004e0489a6beebd7e317ee8fe3bc3cb5ccfdf68765307a2d0e	1
ipc_app/tuya_ipc/tuya_sdk_a4_5_x_sdk/include/coap2/utlist.h	81494	1073	a2742794fa33ed713b09334af7aca3f8332bcc41fb9559298e0c7bd21081d285	1
ipc_app/tuya_ipc/tuya_sdk_a4_5_x_sdk/include/coap_config.h	4674	166	b65920911c05781a86221291188221417d9724317df43b3b9fc0b142422a30e6	1
ipc_app/tuya_ipc/tuya_sdk_a4_5_x_sdk/include/codec/tuya_g711_utils.h	1075	30	4599188b9e0731b19e7d8eab755afba4cc782d9b75cafb77e789a2035650d257	1
ipc_app/tuya_ipc/tuya_sdk_a4_5_x_sdk/include/com_mmod.h	4986	180	3ed8428335677706692a3d7ab4337e896482133e2e757b639438b9e7ae75651f	1
ipc_app/tuya_ipc/tuya_sdk_a4_5_x_sdk/include/com_protocol.h	2662	91	c8ef7ca0fc72d4c3fc67fecd5a425db7a925d11a012593b008dbb8eb453f308b	1
ipc_app/tuya_ipc/tuya_sdk_a4_5_x_sdk/include/crc32i.h	1874	35	d1e360e09ef676115e35c2ca9de8c88f45fb59daf5ed86d700d147fad79e8f7f	1
ipc_app/tuya_ipc/tuya_sdk_a4_5_x_sdk/include/crc_16.h	511	38	0b6dd7bb0ecba4131314c751f5018fe6af3e850fe1ef335c646e78fdaf64e09a	1
ipc_app/tuya_ipc/tuya_sdk_a4_5_x_sdk/include/crc_8.h	1232	43	ae6ef3383d1fe7827c4b601d7e46944a228dc8905793bbc36a9e9221805ef89e	1
ipc_app/tuya_ipc/tuya_sdk_a4_5_x_sdk/include/direct_connect_tuya.h	1533	73	2d891953fd38132249a93e2a01fa43576a811d9770506d54343f48d4e6a3aa6d	1
ipc_app/tuya_ipc/tuya_sdk_a4_5_x_sdk/include/encrypt_pic.h	705	27	ca9413c558300dcd8eb64ffa82baa6d2ed7ad28c7977259f8e5b1f7278b4fb42	1
ipc_app/tuya_ipc/tuya_sdk_a4_5_x_sdk/include/event_cloud.h	407	24	05775810d2bdd5cf45f31cda738861888b6c3aa3de4e21b9e2d0ef597a6c436f	1
ipc_app/tuya_ipc/tuya_sdk_a4_5_x_sdk/include/ez_mc.h	1965	64	be90438fdbb6d186ae42cea7f2ee49ec440e11e6c7e5f05a7ae5b22755be53c2	1
ipc_app/tuya_ipc/tuya_sdk_a4_5_x_sdk/include/ffc_app.h	3317	154	1ee029f6ff51a9fe84ce1c827ef28a8556da36e9c26908c3d4c592f06828f5f8	1
ipc_app/tuya_ipc/tuya_sdk_a4_5_x_sdk/include/ffs_key.h	21044	365	a4379b84e94c18d5774e95cc067d44068693ee7c6dcdee85c47998cb4085be8a	1
ipc_app/tuya_ipc/tuya_sdk_a4_5_x_sdk/include/ffs_netcfg.h	200	8	75e076e7b1123df2ee29a628ee8e456c22a27456e200022817de261cafd81ace	1
ipc_app/tuya_ipc/tuya_sdk_a4_5_x_sdk/include/gpio_test.h	1294	73	6f62ed7684f47b3dd5707bf26d3ba27a2b0557fb443f1c657d1dc88b612b1c0d	1
ipc_app/tuya_ipc/tuya_sdk_a4_5_x_sdk/include/gw_intf.h	21443	829	d8edd6a99061591cbe8d919372d01b4330e10c5a08324af6e651a9b67951e542	1
ipc_app/tuya_ipc/tuya_sdk_a4_5_x_sdk/include/hashmap.h	3342	131	1e45a0e99f2f4dd19658498192d8d53ca423a381100671d32a8aea0033d15d13	1
ipc_app/tuya_ipc/tuya_sdk_a4_5_x_sdk/include/http_inf.h	13732	376	081186743ff89f399016ecc25ad252a1d077d8732a208395975e0d2a15daad3c	1
ipc_app/tuya_ipc/tuya_sdk_a4_5_x_sdk/include/http_manager.h	4983	156	cdebc38b945323d639abe7a263707398fc37313fb6753c0576f56dbdf59eb9b1	1
ipc_app/tuya_ipc/tuya_sdk_a4_5_x_sdk/include/httpc.h	29863	755	fa245b4739a61585d07f31f1b693eaf1f3fffc2d5be1f93e8f0fc92f01cd0e40	1
ipc_app/tuya_ipc/tuya_sdk_a4_5_x_sdk/include/iot_httpc.h	18329	556	cdbe36dd7149ac4fef6cbe28e77a8d5638dc0cb9b082440e6d134b470ba4e458	1
ipc_app/tuya_ipc/tuya_sdk_a4_5_x_sdk/include/ipc_httpc.h	2941	99	2be837016d8282632df84456dd804382a13323d5a2c361014e0280f25930bebc	1
ipc_app/tuya_ipc/tuya_sdk_a4_5_x_sdk/include/json_rpc.h	4795	187	17b69e9e3376b078e1f8f49a94e3795b00168b291c998223ef453f33c228323e	1
ipc_app/tuya_ipc/tuya_sdk_a4_5_x_sdk/include/lan_protocol.h	3757	151	104e07bc0924fdad06162386affd928aa4df6e5db6d97764a9b39fa5cb9d7885	1
ipc_app/tuya_ipc/tuya_sdk_a4_5_x_sdk/include/lan_rpc.h	4752	196	a28b8b945c627a60b490639c160265f111b3914a7b8d66e9e9f1b2ebc0d75de8	1
ipc_app/tuya_ipc/tuya_sdk_a4_5_x_sdk/include/log_seq.h	5672	175	5fbe59a439fad675f2931c14906245ec3a1a4adaa8701a38696250b0a74a17b0	1
ipc_app/tuya_ipc/tuya_sdk_a4_5_x_sdk/include/log_seq_http.h	2810	51	8cf13f655b8a71bf0f6212291bd35c2d99f7635e968b9292c746df2213a7d712	1
ipc_app/tuya_ipc/tuya_sdk_a4_5_x_sdk/include/log_seq_mqtt.h	2578	57	3571bfa4b3b3c129a6a65d8703385fb4d8d5ea7c1ffaff28a38a3ce86bfe96e6	1
ipc_app/tuya_ipc/tuya_sdk_a4_5_x_sdk/include/log_seq_netcfg.h	1486	39	c20354fbc55197636895d27d69a07088ed325a675f671cec9045f641ebcb505d	1
ipc_app/tuya_ipc/tuya_sdk_a4_5_x_sdk/include/log_seq_timer_task.h	2451	46	b46f9a8327a8be5877df93a631271ed496c398b2390c0ddc14fee1aa81dfb976	1
ipc_app/tuya_ipc/tuya_sdk_a4_5_x_sdk/include/mbedtls/aes.h	29438	674	983f414f97e5323188509c49e1cab50e061dba28bad9ae9919c3db1740fbef47	1
ipc_app/tuya_ipc/tuya_sdk_a4_5_x_sdk/include/mbedtls/aes_alt.h	285	25	f4ee1aa0b9d03ff66b001c22f0a13214c77b6ef24c0566e68fbf97de89318184	1
ipc_app/tuya_ipc/tuya_sdk_a4_5_x_sdk/include/mbedtls/aesni.h	4563	138	e89294867d2cfada004819f1922792836eba06645de42fb81ff961733f79b993	1
ipc_app/tuya_ipc/tuya_sdk_a4_5_x_sdk/include/mbedtls/arc4.h	4129	146	87b2f54021f71e728352de6fb1facc9a954e35fcbf42c9995a359e94a52910e6	1
ipc_app/tuya_ipc/tuya_sdk_a4_5_x_sdk/include/mbedtls/aria.h	16314	370	62a14f9896ac20f83252910aa02571f5f8a99d4ced385dbeeda34d79e1bf2c71	1
ipc_app/tuya_ipc/tuya_sdk_a4_5_x_sdk/include/mbedtls/asn1.h	12232	358	1de3e2901d12396764d8edb984893eaf0f573cfe47f8b50beae3cf39a5b2654b	1
ipc_app/tuya_ipc/tuya_sdk_a4_5_x_sdk/include/mbedtls/asn1write.h	13450	329	7301e721ace4ef944a69fe032ee25327ce06f78e865826af53723b6748e8fe3a	1
ipc_app/tuya_ipc/tuya_sdk_a4_5_x_sdk/include/mbedtls/base64.h	3298	98	bf2d2c97254cd8fef66c4098029ba84ac8ca1bb1db7fb6e9d1e478aa92a148ba	1
ipc_app/tuya_ipc/tuya_sdk_a4_5_x_sdk/include/mbedtls/bignum.h	40645	966	b37647684c7785c236438b63352c8abc431d68ced51988357233bcbdd3ac2d47	1
ipc_app/tuya_ipc/tuya_sdk_a4_5_x_sdk/include/mbedtls/blowfish.h	12561	287	cfb03cf458a1b1be6b7fdf3fb471dd9f9d608712c456e27c9672a915a82c2728	1
ipc_app/tuya_ipc/tuya_sdk_a4_5_x_sdk/include/mbedtls/bn_mul.h	36136	915	7b913a958ac76ab277759574d25cdf91075a3f9fe6e7628c610748a5d2071817	1
ipc_app/tuya_ipc/tuya_sdk_a4_5_x_sdk/include/mbedtls/camellia.h	14090	326	d3fa98000180edf5f6482a25e088f5fe40fb1188c677a19c1d6651226c72d4ad	1
ipc_app/tuya_ipc/tuya_sdk_a4_5_x_sdk/include/mbedtls/ccm.h	14060	310	f6054030aadd641e0aff5f0d8b9be326dd66ac39f25de0f80312499056934c11	1
ipc_app/tuya_ipc/tuya_sdk_a4_5_x_sdk/include/mbedtls/certs.h	9405	252	aa7281ddf2887a4edc01883c5a8ee5cd9aaf830fabf7e05f9e64937a19732c72	1
ipc_app/tuya_ipc/tuya_sdk_a4_5_x_sdk/include/mbedtls/chacha20.h	8816	226	1dceb8b451d3b5a380d84cc4fc8627e70cb09782b30f3245725bb671d48a147b	1
ipc_app/tuya_ipc/tuya_sdk_a4_5_x_sdk/include/mbedtls/chachapoly.h	16194	358	21ae0895c196fe66f9b10ee0f2bbb89cc37398ca55ac42f4054ea62788eb92ef	1
ipc_app/tuya_ipc/tuya_sdk_a4_5_x_sdk/include/mbedtls/check_config.h	27600	702	41978b7f48f78b36e983b3ec7e4dd6d60a3d94483dda4d7900844f5ac46756c9	1
ipc_app/tuya_ipc/tuya_sdk_a4_5_x_sdk/include/mbedtls/cipher.h	39243	872	87072a82bcbea119279ec25fb535fa1db1d2e4888be6ab5b0dd14bfcb0f3ce55	1
ipc_app/tuya_ipc/tuya_sdk_a4_5_x_sdk/include/mbedtls/cipher_internal.h	3829	125	aaa7c0786798a86474f719d073a940653e61734f0d136a4603321bf41290b0d8	1
ipc_app/tuya_ipc/tuya_sdk_a4_5_x_sdk/include/mbedtls/cmac.h	7994	213	6b5b2adce10bdda600d2bc63545d8aef35e93e23c4b95951f8e01389dfdbcffe	1
ipc_app/tuya_ipc/tuya_sdk_a4_5_x_sdk/include/mbedtls/compat-1.3.h	129770	2531	560336a241e8e8d51c43f1478e791784b388dbcdcb73346364ba8a289db93e9b	1
ipc_app/tuya_ipc/tuya_sdk_a4_5_x_sdk/include/mbedtls/config.h	2248	79	cef338caace4f44f87194f4da2364e2d914f37e04f5fc15dee345cf3f319d191	1
ipc_app/tuya_ipc/tuya_sdk_a4_5_x_sdk/include/mbedtls/ctr_drbg.h	14260	380	6d6cf411dba523412bb38b549ffe615321b6bdfe562fcf8b4ceaaf4d03a171ca	1
ipc_app/tuya_ipc/tuya_sdk_a4_5_x_sdk/include/mbedtls/debug.h	10154	265	6b2cfab54ff48fbe39127efec01ac0b75820b11ab96c8341675fe2007659522c	1
ipc_app/tuya_ipc/tuya_sdk_a4_5_x_sdk/include/mbedtls/des.h	11361	356	196dbbf13890b4040dcb2a8b2b2374c038c0504eb3dec9139d08514ff5a44324	1
ipc_app/tuya_ipc/tuya_sdk_a4_5_x_sdk/include/mbedtls/dhm.h	54771	1096	23bd808aa77fecf1ad0dc61d4be05565c531a0a7fa37aaae8324b2b9b5a92fad	1
ipc_app/tuya_ipc/tuya_sdk_a4_5_x_sdk/include/mbedtls/ecdh.h	18538	440	583e760d46455e3c7c4f32d5085f3374e2bcf75bf3a105413f2dc70255c27a42	1
ipc_app/tuya_ipc/tuya_sdk_a4_5_x_sdk/include/mbedtls/ecdsa.h	24837	545	217df95a35e3deda341748049a1850cc93d354cdfc7ac193bc774eefdd5deb7e	1
ipc_app/tuya_ipc/tuya_sdk_a4_5_x_sdk/include/mbedtls/ecjpake.h	11328	277	d95744cbc277598e10299016d1d7cad346962b33c1f32f541021e461b4c395f4	1
ipc_app/tuya_ipc/tuya_sdk_a4_5_x_sdk/include/mbedtls/ecp.h	50692	1132	d3bef8ad124eacefab8ddf61ff826155fd7eef9170da0b40425da5e4ff91ecdb	1
ipc_app/tuya_ipc/tuya_sdk_a4_5_x_sdk/include/mbedtls/ecp_internal.h	10633	299	84e94fa8d757ad8e3b7d9453aab635f28396b78134b1b10305c5ee425f52c855	1
ipc_app/tuya_ipc/tuya_sdk_a4_5_x_sdk/include/mbedtls/entropy.h	9701	289	377d60374c275105b8c33362b26c5405eabe868f5e14ad0c3596b2ed7b023e69	1
ipc_app/tuya_ipc/tuya_sdk_a4_5_x_sdk/include/mbedtls/entropy_poll.h	3308	110	e1b77dd92b244e09064923aae8f31fdd334b158a3c15b0df5bdcabe3a9fce3d9	1
ipc_app/tuya_ipc/tuya_sdk_a4_5_x_sdk/include/mbedtls/error.h	4051	129	e945998991d14775c81b4a063bdffda418d87e5707b7de1245abaf04cce17689	1
ipc_app/tuya_ipc/tuya_sdk_a4_5_x_sdk/include/mbedtls/gcm.h	13916	326	d581d70ed13b3f6d4d44be682d7d05522957eabce7ebdd407ff35e8a732f2bc2	1
ipc_app/tuya_ipc/tuya_sdk_a4_5_x_sdk/include/mbedtls/havege.h	1900	81	3752dc40dffb17b92ff2917838a4e8b973d95654892422be234f6b0f5779e424	1
ipc_app/tuya_ipc/tuya_sdk_a4_5_x_sdk/include/mbedtls/hkdf.h	5894	141	ee4738accecd52b8ad0efeb0c3ccb651cbf7d44cb5720af583213cab25d8f2e0	1
ipc_app/tuya_ipc/tuya_sdk_a4_5_x_sdk/include/mbedtls/hmac_drbg.h	12231	334	41b320f8c8f5f5e0d836af953bbe9cfdc7ebdca622714e0e633f4e1cd865c6b6	1
ipc_app/tuya_ipc/tuya_sdk_a4_5_x_sdk/include/mbedtls/md.h	18040	468	013d571eda06d5892094a2f343c2e6ec1328dcbe56a4027b51b7aa4f2f672457	1
ipc_app/tuya_ipc/tuya_sdk_a4_5_x_sdk/include/mbedtls/md2.h	9297	306	52172a6e62193f32b266b42765f4816fda39ee17c163bfde1ff12c338654c03b	1
ipc_app/tuya_ipc/tuya_sdk_a4_5_x_sdk/include/mbedtls/md4.h	9528	311	e1c65ca2154866241c56ea0862c901dbcbdeda1b07e55c0bc997da67b9e64500	1
ipc_app/tuya_ipc/tuya_sdk_a4_5_x_sdk/include/mbedtls/md5.h	9534	311	ec3804391e062232dd6d517cd84c279aa6fc8596678767a686b6e1c63edcac6e	1
ipc_app/tuya_ipc/tuya_sdk_a4_5_x_sdk/include/mbedtls/md_internal.h	3083	115	40f2ad9b420c61c093ee975ad5585703c9f077a194847facf58ab125fff0c889	1
ipc_app/tuya_ipc/tuya_sdk_a4_5_x_sdk/include/mbedtls/memory_buffer_alloc.h	5140	151	cf6ec674bcb187bcdeb8e66efeeae783634ccf9663d6362224cc07341c788c1c	1
ipc_app/tuya_ipc/tuya_sdk_a4_5_x_sdk/include/mbedtls/net.h	1228	37	61663663d87387ff208c521a74d12e2a7fbdab6ee94a94d0a3702f15dda3801c	1
ipc_app/tuya_ipc/tuya_sdk_a4_5_x_sdk/include/mbedtls/net_sockets.h	10901	271	1876b5a4328f662e2a65a1f02f8fb6199628360e5fdd4f5e8bdec902f3419872	1
ipc_app/tuya_ipc/tuya_sdk_a4_5_x_sdk/include/mbedtls/nist_kw.h	7639	184	6d0cae7531f709cffeaf11c8214178eb55fdbf7dd38232a1a70a5b3143a26075	1
ipc_app/tuya_ipc/tuya_sdk_a4_5_x_sdk/include/mbedtls/oid.h	32100	605	25fbe809d3f5750f31e3e33691a8b09d58a2f970ca80c8f5a25c266344dfc429	1
ipc_app/tuya_ipc/tuya_sdk_a4_5_x_sdk/include/mbedtls/padlock.h	3876	126	46fca610e7f534ba12873d66fc01256719ec7c7d4b02700951fc70a8784c3a67	1
ipc_app/tuya_ipc/tuya_sdk_a4_5_x_sdk/include/mbedtls/pem.h	5032	136	96e463a11e87b34f4de0aa8a3e59549cd072c1b9ceeced67c553c67a390352cb	1
ipc_app/tuya_ipc/tuya_sdk_a4_5_x_sdk/include/mbedtls/pk.h	28837	747	5781003304166d2765b5853a18fbc87410b17da2ee342517ac476d38788b3af0	1
ipc_app/tuya_ipc/tuya_sdk_a4_5_x_sdk/include/mbedtls/pk_internal.h	4592	138	4a3be081a1a59ee9987bc869b6b262f13148ad8b9da96ade76fa07d223b72506	1
ipc_app/tuya_ipc/tuya_sdk_a4_5_x_sdk/include/mbedtls/pkcs11.h	5640	175	16b650638120b4a732257a2a46c0ed666f1a53fdc643c201a324a08539015005	1
ipc_app/tuya_ipc/tuya_sdk_a4_5_x_sdk/include/mbedtls/pkcs12.h	5186	130	4134aff453fe166011f01816580267f7cf9021a90e10dd309c6c72ced164efb0	1
ipc_app/tuya_ipc/tuya_sdk_a4_5_x_sdk/include/mbedtls/pkcs5.h	3521	109	89ff27fdbe3fade722719f00f99a8616fcdcada6db01430cc044394acd027a87	1
ipc_app/tuya_ipc/tuya_sdk_a4_5_x_sdk/include/mbedtls/platform.h	12818	367	535631375b86ebe52d60f7162b2a8bbe75bfd8ce377d8a8c6558bd641e920c2f	1
ipc_app/tuya_ipc/tuya_sdk_a4_5_x_sdk/include/mbedtls/platform_time.h	2122	82	551d9aa3782cbe2142ba11f483f39c82596d1f14a941d181345d66bd9f1c10b2	1
ipc_app/tuya_ipc/tuya_sdk_a4_5_x_sdk/include/mbedtls/platform_util.h	7436	185	5836ec658049b432aa79d6a622efd8d1255b56fb7684152e7047c30f038fe87d	1
ipc_app/tuya_ipc/tuya_sdk_a4_5_x_sdk/include/mbedtls/poly1305.h	7051	192	ced871bc9402aa6a6a3aab9d6ef9185d58f4faf2ed641e7671ddd2ced1f7df88	1
ipc_app/tuya_ipc/tuya_sdk_a4_5_x_sdk/include/mbedtls/ripemd160.h	6966	237	8d244288045f55435e4016dcec854b3b96133de0688b97ea5555ce0f6b272266	1
ipc_app/tuya_ipc/tuya_sdk_a4_5_x_sdk/include/mbedtls/rsa.h	64358	1271	68ad45ffc1366710bfc3887d001a5ab19806821e9791645e870cd5410362a713	1
ipc_app/tuya_ipc/tuya_sdk_a4_5_x_sdk/include/mbedtls/rsa_internal.h	9001	226	2b2f8229f76f319ee9105d03bc5c9ba9da596eb57e374fb83f7cc932f230f087	1
ipc_app/tuya_ipc/tuya_sdk_a4_5_x_sdk/include/mbedtls/sha1.h	12882	352	8f7f5cd9d4f8790c59b4768c5d18104b8acd7f850b6077fb153390ed2bac5617	1
ipc_app/tuya_ipc/tuya_sdk_a4_5_x_sdk/include/mbedtls/sha256.h	11082	297	9487dd34935a483a52a9f2b781b8c63a3f477618aa3d8c76ac6d3d6cea9bd09b	1
ipc_app/tuya_ipc/tuya_sdk_a4_5_x_sdk/include/mbedtls/sha512.h	11231	300	39d7989b4be27dce0183e47820113f2cd183fc1238ac4c4d27c1d55f096c4403	1
ipc_app/tuya_ipc/tuya_sdk_a4_5_x_sdk/include/mbedtls/ssl.h	159204	3448	ebacbb738910f9074bdf4856c5d5abee7fdf930b2ce8737c5d9a92052b3dc19b	1
ipc_app/tuya_ipc/tuya_sdk_a4_5_x_sdk/include/mbedtls/ssl_cache.h	4291	150	048f660f70f8cbfcdaab140180bdac3f1f72e6153ecc12a8867de9389d5da5d4	1
ipc_app/tuya_ipc/tuya_sdk_a4_5_x_sdk/include/mbedtls/ssl_ciphersuites.h	26037	540	f4bab53796aa443ed5048fae1d3351e05d5492b9255abd492b1521bdea41e63f	1
ipc_app/tuya_ipc/tuya_sdk_a4_5_x_sdk/include/mbedtls/ssl_cookie.h	3272	115	80cc1811e01301e3ae010e186a0a4d0272a941bfc269ce85b172d913d005618a	1
ipc_app/tuya_ipc/tuya_sdk_a4_5_x_sdk/include/mbedtls/ssl_internal.h	30959	786	4e560d017f227027aa24f51dc2337048bff730e6c1762cf9a0d6b55b088fb839	1
ipc_app/tuya_ipc/tuya_sdk_a4_5_x_sdk/include/mbedtls/ssl_ticket.h	4426	142	e8411f87c83ded66184e4d4fef6812c0e930d1512cdee0426e7553acb03aa38c	1
ipc_app/tuya_ipc/tuya_sdk_a4_5_x_sdk/include/mbedtls/threading.h	4460	122	696ea6ca05c60daf4c55403be67c4f6c5f3263eeda9033f72b76a99194f88a99	1
ipc_app/tuya_ipc/tuya_sdk_a4_5_x_sdk/include/mbedtls/timing.h	4698	153	64c2b3b1d9c788530eea5377ba1aa4ecb795623be51257c036145249097643ba	1
ipc_app/tuya_ipc/tuya_sdk_a4_5_x_sdk/include/mbedtls/version.h	3391	112	dcd3cafe0bed96ab2cee4de76780f43942851f7a8743427cdafb7b80c884b283	1
ipc_app/tuya_ipc/tuya_sdk_a4_5_x_sdk/include/mbedtls/x509.h	15438	337	72ce7703f99a0da13e665ba75bfeb8efc5ea3dfc1783f649a66a31cb569d03ee	1
ipc_app/tuya_ipc/tuya_sdk_a4_5_x_sdk/include/mbedtls/x509_crl.h	5312	174	c218c7b3b9a183ad8452eccc6c4cf565179a92471faa0907afe051f2e8667e57	1
ipc_app/tuya_ipc/tuya_sdk_a4_5_x_sdk/include/mbedtls/x509_crt.h	31532	785	9b90126a74cd37cea0c1c2f4ef5f90f0ec2f524e73ee502f2f7b76e191d755af	1
ipc_app/tuya_ipc/tuya_sdk_a4_5_x_sdk/include/mbedtls/x509_csr.h	10454	307	a2b104141e20dc41a60eadff453764d7fe2353480041648a16ac7720622b0272	1
ipc_app/tuya_ipc/tuya_sdk_a4_5_x_sdk/include/mbedtls/xtea.h	3687	139	c0675e4ce88fdd328991971d6650d6142612b8e2048c41038c276d3f28483ec9	1
ipc_app/tuya_ipc/tuya_sdk_a4_5_x_sdk/include/mem_pool.h	6305	227	3a90150ae18a1f09dc07650bb5760344412c3b51c0cdaea31fd4b21898582c54	1
ipc_app/tuya_ipc/tuya_sdk_a4_5_x_sdk/include/mf_test.h	4922	214	b41ec8942948d145731d36827e44d8678602d0297609edcfd199037181cdd9ad	1
ipc_app/tuya_ipc/tuya_sdk_a4_5_x_sdk/include/mix_method.h	3266	124	6a4572a3c0be9ba2efe23e8a9f5a80e0d32128c661789de2c3047ad6913207b6	1
ipc_app/tuya_ipc/tuya_sdk_a4_5_x_sdk/include/mqc_app.h	16844	476	ebea684b8c8615cdd3ed3684bc04a69538c03457ae10b733c27f881dc4d4b8b7	1
ipc_app/tuya_ipc/tuya_sdk_a4_5_x_sdk/include/mqtt_client.h	9908	305	c9cd134df7a296d842a7fe02e782ac5dc3704c85d23acece8803f79defa7fd87	1
ipc_app/tuya_ipc/tuya_sdk_a4_5_x_sdk/include/netcfg_module.h	8135	309	733db2f771621e2a78be1b6d4f38074e9fed80c66a9c13aede6494e7a701bc83	1
ipc_app/tuya_ipc/tuya_sdk_a4_5_x_sdk/include/netif/bridgeif.h	5286	127	117fd9fc361fffb0a9eb35b2f4114c90039e09c90366fa2399428184e7211ea1	1
ipc_app/tuya_ipc/tuya_sdk_a4_5_x_sdk/include/netif/bridgeif_opts.h	3546	90	ed95dc1ff51c74b57267ac619351df8bebf534f4cbb24bc5c416ccd924523491	1
ipc_app/tuya_ipc/tuya_sdk_a4_5_x_sdk/include/netif/etharp.h	140	3	598f51cc6d1009880bd27d80d5c41ac0a64685b60bd5faff4677515317a8b015	1
ipc_app/tuya_ipc/tuya_sdk_a4_5_x_sdk/include/netif/ethernet.h	2966	77	6c45b4855110f01cfb8a449ce195caaffa58652db918689d914e79246cbcae69	1
ipc_app/tuya_ipc/tuya_sdk_a4_5_x_sdk/include/netif/ieee802154.h	5450	112	e90c1cc2b269a265c2f2320d8e1f062cb2fd1a0da072fb915b52e960e2056b5d	1
ipc_app/tuya_ipc/tuya_sdk_a4_5_x_sdk/include/netif/lowpan6.h	3010	89	ed5b3401c22e18fd6e23e246b949568c62d8c28d00464e7a4e1f97ff97147f62	1
ipc_app/tuya_ipc/tuya_sdk_a4_5_x_sdk/include/netif/lowpan6_ble.h	3192	78	9e2a7bbce1df7f0bae1639be59d6fe9ddd356603d9f6b2660f4289debea6e76a	1
ipc_app/tuya_ipc/tuya_sdk_a4_5_x_sdk/include/netif/lowpan6_common.h	3194	82	e3d550248cbbc87e330f59c41ec6b612320242e6a4329820caf931accca6f80d	1
ipc_app/tuya_ipc/tuya_sdk_a4_5_x_sdk/include/netif/lowpan6_opts.h	4389	122	a8cd5130120be7367f07faf9ea57681a34e49e01695fb5da73e232f705dcce0a	1
ipc_app/tuya_ipc/tuya_sdk_a4_5_x_sdk/include/netif/ppp/ccp.h	5126	164	9629b99d93e3c7260c88675cc7351441178d5f336e5ba5b971d9d10243a20372	1
ipc_app/tuya_ipc/tuya_sdk_a4_5_x_sdk/include/netif/ppp/chap-md5.h	1508	36	8bdeecfa0224223dabab2b8e6a5c04651eed5e6c80b979cc7b47f0e44ec2f99f	1
ipc_app/tuya_ipc/tuya_sdk_a4_5_x_sdk/include/netif/ppp/chap-new.h	6386	200	f40a75b954e8479fd2696d187107b3a71ee9e6d2756fc73e979049da7b28d200	1
ipc_app/tuya_ipc/tuya_sdk_a4_5_x_sdk/include/netif/ppp/chap_ms.h	1782	44	cb2eb95fe76e739049b3a2f3dcd041f1e9f348477d2388724959cf2885de728a	1
ipc_app/tuya_ipc/tuya_sdk_a4_5_x_sdk/include/netif/ppp/eap.h	5741	169	f37bad779511372f8b398df2e459b081e13b761332e33f66bd09b7ee0c42f305	1
ipc_app/tuya_ipc/tuya_sdk_a4_5_x_sdk/include/netif/ppp/ecp.h	2060	62	64f48a5301b09437df9d9270d59c1140cf32166b274e582f510aeff405d2222b	1
ipc_app/tuya_ipc/tuya_sdk_a4_5_x_sdk/include/netif/ppp/eui64.h	3154	102	a7715aa16680379dfc62703112da1ca345e3bd219c1079ed2c0956f570c92070	1
ipc_app/tuya_ipc/tuya_sdk_a4_5_x_sdk/include/netif/ppp/fsm.h	6567	182	3ee20821e270bee0ec4c807a03dc7fc0c395110122142310426d229a6735277a	1
ipc_app/tuya_ipc/tuya_sdk_a4_5_x_sdk/include/netif/ppp/ipcp.h	5216	134	9100fe618f34fc2b9c31f462a36bdab00bdee3ab9bc0b1caba0a6f544b7eaa0e	1
ipc_app/tuya_ipc/tuya_sdk_a4_5_x_sdk/include/netif/ppp/ipv6cp.h	7840	191	90a2b6e529467b24fb8b5c41cea5d20af5568ff535a6d40e6febd0a0918fee3d	1
ipc_app/tuya_ipc/tuya_sdk_a4_5_x_sdk/include/netif/ppp/lcp.h	6989	179	bea16cac731fb7f0199269e30bbce0c896b2b680c966cef77b0ef6a27112d14f	1
ipc_app/tuya_ipc/tuya_sdk_a4_5_x_sdk/include/netif/ppp/magic.h	4989	130	beb0d8c439f39d60af91429b6dd57b385860204b16910c653edd91df43986565	1
ipc_app/tuya_ipc/tuya_sdk_a4_5_x_sdk/include/netif/ppp/mppe.h	6439	181	0dec116fbded31193275e5abc99d767278fe4dab35a25e2d77d71c9d9d035a0b	1
ipc_app/tuya_ipc/tuya_sdk_a4_5_x_sdk/include/netif/ppp/polarssl/arc4.h	2857	81	0404bdb5bfa7b1ec28ccd1d62f2bce38b980c49659abca75f10779cbdd6ebd9a	1
ipc_app/tuya_ipc/tuya_sdk_a4_5_x_sdk/include/netif/ppp/polarssl/des.h	3126	92	deb872305c3e0e097ac508706b6d158d8409c5075f0520620577e442b1f9db56	1
ipc_app/tuya_ipc/tuya_sdk_a4_5_x_sdk/include/netif/ppp/polarssl/md4.h	3229	97	5c1fc263e83327de7bcc897287efde528f0f4bb786dafe31ae2ec5b454d0aac4	1
ipc_app/tuya_ipc/tuya_sdk_a4_5_x_sdk/include/netif/ppp/polarssl/md5.h	3227	96	c8eca46bcdcb4745d5dcfdb6d73bf4efe9f74bd567abee46bf0217297133995b	1
ipc_app/tuya_ipc/tuya_sdk_a4_5_x_sdk/include/netif/ppp/polarssl/sha1.h	3259	96	2800e8b2bdb15cfaaf3c2afeef947cec10b2ba78b7fced3fc5371b7b8c2311a8	1
ipc_app/tuya_ipc/tuya_sdk_a4_5_x_sdk/include/netif/ppp/ppp.h	25648	698	3cea7154b66723c50abe749bda12821e0a95113dc23da08a13a95b603d1cc309	1
ipc_app/tuya_ipc/tuya_sdk_a4_5_x_sdk/include/netif/ppp/ppp_impl.h	25615	722	c80ed8b4954bf86fd010253422086abe352ce35e52c556dfdd1056ef32e2271a	1
ipc_app/tuya_ipc/tuya_sdk_a4_5_x_sdk/include/netif/ppp/ppp_opts.h	15960	610	62828d16862665bb58bd8f18816bc19fbeb57519cc184dd13dc498a338a36d7e	1
ipc_app/tuya_ipc/tuya_sdk_a4_5_x_sdk/include/netif/ppp/pppapi.h	4584	137	63e8e37916f98c91fc8dd20460728fb571525e2310410c323810929f408746c8	1
ipc_app/tuya_ipc/tuya_sdk_a4_5_x_sdk/include/netif/ppp/pppcrypt.h	4781	144	30b8d0e40bd366992a27800cb5139f5e116d7f346ae003cf945aac842d0a19db	1
ipc_app/tuya_ipc/tuya_sdk_a4_5_x_sdk/include/netif/ppp/pppdebug.h	3317	88	8e1a9f01928b9c44ae283a2ae673fb80274c87edd471f8ec250bab8143722764	1
ipc_app/tuya_ipc/tuya_sdk_a4_5_x_sdk/include/netif/ppp/pppoe.h	7585	187	97cc0a75fa633ccb9bf9765970fc3428b0c8099abb78228452756264c039d7d1	1
ipc_app/tuya_ipc/tuya_sdk_a4_5_x_sdk/include/netif/ppp/pppol2tp.h	9073	209	e589e31b31bb3c8948e52f3a271ea72db8f56e5c24fb1a6ea1ca7e1c98c7c885	1
ipc_app/tuya_ipc/tuya_sdk_a4_5_x_sdk/include/netif/ppp/pppos.h	4695	126	49e4472c077ae8f8b95a74d650f24567ad06a90e747b30c0ce0b4d9943764d4b	1
ipc_app/tuya_ipc/tuya_sdk_a4_5_x_sdk/include/netif/ppp/upap.h	4270	131	52957fc1be26b98088b0cab3435772af73de1277b3b94f5099cbd529ae4a151b	1
ipc_app/tuya_ipc/tuya_sdk_a4_5_x_sdk/include/netif/ppp/vj.h	6527	169	c9fbf250bf8ddc996a23f9d5c4556ba6e94dda9d228d1c691f50424095ef19a2	1
ipc_app/tuya_ipc/tuya_sdk_a4_5_x_sdk/include/netif/slipif.h	3180	87	f9ec40aaca9ab54c04c8e70e8e50d689f22f762cbd57e4e09e5ec1f9fccaed6d	1
ipc_app/tuya_ipc/tuya_sdk_a4_5_x_sdk/include/netif/zepif.h	2940	81	2f77f06432565dc13598c3717936d54dd7ebfd8cf66f52920d351dbe7544f4a7	1
ipc_app/tuya_ipc/tuya_sdk_a4_5_x_sdk/include/openssl_encrypt.h	1927	55	1c5f91f1a32c582427ba9810258f48ba87cd4e02711a19201107528b4b9993f0	1
ipc_app/tuya_ipc/tuya_sdk_a4_5_x_sdk/include/pegasus_frame.h	4172	97	ce5d07a3a144eacc5747a7ef43131a1c14dffcdda0cd96de6dee6ca346126d8e	1
ipc_app/tuya_ipc/tuya_sdk_a4_5_x_sdk/include/pegasus_netcfg.h	90	6	a03d58256101b4e19ff3a90740dc841f220b34f46b3c037ffce8371af503e91d	1
ipc_app/tuya_ipc/tuya_sdk_a4_5_x_sdk/include/prod_test.h	2157	60	03e7ec2729edacf3c67051caaa99f121ec962ac8bbae7606f39af3696af4f0a4	1
ipc_app/tuya_ipc/tuya_sdk_a4_5_x_sdk/include/rpc_udp.h	3466	136	3d20b0e76172e4d167262e99c40e7b520f2b61defe7d3348846fbb32b0b09e1e	1
ipc_app/tuya_ipc/tuya_sdk_a4_5_x_sdk/include/rtp/tuya_ipc_aac_rtp.h	3746	113	878c957b58b4c02de779081dccfce4919ce2f05d01fafc471f878b3f4feed1fe	1
ipc_app/tuya_ipc/tuya_sdk_a4_5_x_sdk/include/rtp/tuya_ipc_g711_rtp.h	1022	41	45ff1e7abe5ab3a678c80f5817e9be9a4d9bf5d3ff3628516ae29b8f550aee81	1
ipc_app/tuya_ipc/tuya_sdk_a4_5_x_sdk/include/rtp/tuya_ipc_h264_rtp.h	2840	93	da676456f0d230d1c35dbe8b134bfd8abe468e02f9bfd4e97b44de960b43ba18	1
ipc_app/tuya_ipc/tuya_sdk_a4_5_x_sdk/include/rtp/tuya_ipc_rtp.h	3679	152	6bfeffc16d4ace856067eac180f858030eb9cc73f537aec45ac192ed8bb56f84	1
ipc_app/tuya_ipc/tuya_sdk_a4_5_x_sdk/include/sdk_version.h	4040	137	0d22b88023591448338d3fdf31392dcca8500fb1952002522193152beab1c47a	1
ipc_app/tuya_ipc/tuya_sdk_a4_5_x_sdk/include/smart_frame.h	10033	346	424c858531ef1bd117e567436001cdf56720a6cd34db501dbfd118f15efde9d9	1
ipc_app/tuya_ipc/tuya_sdk_a4_5_x_sdk/include/srtp.h	71571	1759	b3599905264c9d333e34e42204ab9d2f75eaca14b6395c40bf0e946fd1addf63	1
ipc_app/tuya_ipc/tuya_sdk_a4_5_x_sdk/include/storage_service.h	551	16	789e1fbbbbd11691498d7467e9a370392fd0473ee55257c0ef2f15d4dae7eaa4	1
ipc_app/tuya_ipc/tuya_sdk_a4_5_x_sdk/include/svc_pegasus.h	3962	97	49bbbb5ce62712d220778c2738593eca7d2fc362b0f6a7d6d74fe752e14aa78b	1
ipc_app/tuya_ipc/tuya_sdk_a4_5_x_sdk/include/sys_timer.h	3838	167	5dcd533f9b7b62728fe33437634c7f0a0fe3d8495a7ce931fa9c58e3d32ee38a	1
ipc_app/tuya_ipc/tuya_sdk_a4_5_x_sdk/include/thing_config.h	530	21	bc9da056a3f53e527c07d9bd4046a817df0628537486e2d12197471b0369dc24	1
ipc_app/tuya_ipc/tuya_sdk_a4_5_x_sdk/include/tlink_bc.h	2488	75	2ff471bb15e77b985da1acfaad663da55ffba948a28c1db1626eaf6214fe955c	1
ipc_app/tuya_ipc/tuya_sdk_a4_5_x_sdk/include/tstool/ac3_fns.h	1687	59	78ac87fbc0966ee1dc3c0981e3493e09a5387cbf8ba7dc21e2a03a20c3a70251	1
ipc_app/tuya_ipc/tuya_sdk_a4_5_x_sdk/include/tstool/accessunit_defns.h	5885	138	85215b4643d024e58bb7a6db9ff4dcb1a0f3d184939585164b39f512fb404ea4	1
ipc_app/tuya_ipc/tuya_sdk_a4_5_x_sdk/include/tstool/accessunit_fns.h	11949	305	eb97c16fb7d5515250576058546279e3cc205033f7466e834d1999133ab5013e	1
ipc_app/tuya_ipc/tuya_sdk_a4_5_x_sdk/include/tstool/adts_defns.h	1822	53	d74fb2da4827bde55048261f74d96fb96d053ae59f766c4344a8ec7230d8cb3d	1
ipc_app/tuya_ipc/tuya_sdk_a4_5_x_sdk/include/tstool/adts_fns.h	2401	77	ad5ec271ef904066e1d56851bc455366713d4416c3f4d420ea0a1fff431c7603	1
ipc_app/tuya_ipc/tuya_sdk_a4_5_x_sdk/include/tstool/audio_defns.h	2239	69	f1365b767009baec712a962596672d973bcdbdb756ba4089d379fcce0d5ce498	1
ipc_app/tuya_ipc/tuya_sdk_a4_5_x_sdk/include/tstool/audio_fns.h	2234	73	bb2f044986171a1816e6f61b6c0e028d7434fc3f1bde8fa305382a793649765c	1
ipc_app/tuya_ipc/tuya_sdk_a4_5_x_sdk/include/tstool/avs_defns.h	5429	139	31445eb4e27a3f15da2bf28031ad48bee99f192bc05523f44819c2051c886fde	1
ipc_app/tuya_ipc/tuya_sdk_a4_5_x_sdk/include/tstool/avs_fns.h	7041	203	7d32ccd3d90a68da0e248ef3a09745c06c2d2fdf9588436e882eeb20ccece2d9	1
ipc_app/tuya_ipc/tuya_sdk_a4_5_x_sdk/include/tstool/bitdata_defns.h	1574	54	baaf0ddc96b0881a31a261bf7b131747d5fe28ef3c230885a189794be86d4891	1
ipc_app/tuya_ipc/tuya_sdk_a4_5_x_sdk/include/tstool/bitdata_fns.h	3551	123	382a52ae60f35337b5a2fe2913ea5a2bf17ea839bff089c3cc6781fe066f376c	1
ipc_app/tuya_ipc/tuya_sdk_a4_5_x_sdk/include/tstool/compat.h	5315	163	bc734422014d2e81baec32c5398724ab46a72ccf92c2e4f8245b16843f20724b	1
ipc_app/tuya_ipc/tuya_sdk_a4_5_x_sdk/include/tstool/es_defns.h	5838	151	868e917155f7e0aea879ca2c82183be29de2bf946eea82f110d8d4eec8ec96f5	1
ipc_app/tuya_ipc/tuya_sdk_a4_5_x_sdk/include/tstool/es_fns.h	14989	434	b6d0dbc7975a36149355e0bb132ba9cf25a90742a12e16b6828e78f937734095	1
ipc_app/tuya_ipc/tuya_sdk_a4_5_x_sdk/include/tstool/ethernet.h	1984	80	8ecfe7f3b99da4740bf509934a2bd8f235ade5ae37476dc6c8d66c55e6a33cf2	1
ipc_app/tuya_ipc/tuya_sdk_a4_5_x_sdk/include/tstool/filter_defns.h	4276	113	81a8db39a2f401cd852452085774fce3095443f15a458b64904c2ff71605254b	1
ipc_app/tuya_ipc/tuya_sdk_a4_5_x_sdk/include/tstool/filter_fns.h	10762	269	6914d8a98c293499069ccc808c7e6a4f7bfc57d3b52c9763c35784b2ed44e074	1
ipc_app/tuya_ipc/tuya_sdk_a4_5_x_sdk/include/tstool/fmtx.h	1966	65	679fb2c5d56099d593039bfbe3fcfe5c879a175ad7ca695df2e956cdb82a2ff4	1
ipc_app/tuya_ipc/tuya_sdk_a4_5_x_sdk/include/tstool/h222_defns.h	9519	216	4919a703e55b69708b9f0c139395624e14c02930c07200cdd83f4fc7f3cf8eab	1
ipc_app/tuya_ipc/tuya_sdk_a4_5_x_sdk/include/tstool/h222_fns.h	1401	45	88edadfd1e9d02802115ce942dab4184c0856971181ab84c93808bcb411658d3	1
ipc_app/tuya_ipc/tuya_sdk_a4_5_x_sdk/include/tstool/h262_defns.h	11169	255	b9ea6982b684359b7f95f98f829061189b6741c3329fa62a6408fc10307df6a2	1
ipc_app/tuya_ipc/tuya_sdk_a4_5_x_sdk/include/tstool/h262_fns.h	8734	242	b1e08f1b2007b90a17e0d6d8772a5643654c2747b640f22dc958fdca7c9e9b10	1
ipc_app/tuya_ipc/tuya_sdk_a4_5_x_sdk/include/tstool/ipv4.h	2629	131	3912d1665d8c20b482d08b84f2a0f60969e1b21ea4967d4954d9d9c837eb7821	1
ipc_app/tuya_ipc/tuya_sdk_a4_5_x_sdk/include/tstool/l2audio_fns.h	2173	72	f312ae41967f7c0c8d165bce76910cdd785bb63419503db87e215e869e8e07ac	1
ipc_app/tuya_ipc/tuya_sdk_a4_5_x_sdk/include/tstool/misc_defns.h	2193	65	78ef7714e300218799295770f4adca17041a4f65e01e40d8424d3d5bf276c88a	1
ipc_app/tuya_ipc/tuya_sdk_a4_5_x_sdk/include/tstool/misc_fns.h	16171	468	d5423c90c7ab4d2fdc04c7bc359830f5bb3746da526dfb34a395f1046c5a650e	1
ipc_app/tuya_ipc/tuya_sdk_a4_5_x_sdk/include/tstool/nalunit_defns.h	9525	271	662e3df59c1d30d48d339388c1e004a48ef91ba4f69d27b03d3bc7df025cbe00	1
ipc_app/tuya_ipc/tuya_sdk_a4_5_x_sdk/include/tstool/nalunit_fns.h	12153	353	4ad7506a0b5841859a14bc6ea1259e81cde1d53b6041e4210075f779f3a1ded8	1
ipc_app/tuya_ipc/tuya_sdk_a4_5_x_sdk/include/tstool/pcap.h	3422	146	5f814975ca3dfd094f1d22c56cbad59f339a6503aaa00d1db30933f414ee461d	1
ipc_app/tuya_ipc/tuya_sdk_a4_5_x_sdk/include/tstool/pes_defns.h	10441	235	b59884fffb55c84aabb76165a6c43e1d6b843a4917ff5f6cb7ff588b40dc0060	1
ipc_app/tuya_ipc/tuya_sdk_a4_5_x_sdk/include/tstool/pes_fns.h	21316	553	f45028ec45211a7c4b1cf1f75bfe54f27d6d0695a459be5dc24d6ba19d94aa4c	1
ipc_app/tuya_ipc/tuya_sdk_a4_5_x_sdk/include/tstool/pidint_defns.h	2975	94	eec19491446d4131a5dd7590c66a2063964a32ca57c423698cbeaaa411cca85c	1
ipc_app/tuya_ipc/tuya_sdk_a4_5_x_sdk/include/tstool/pidint_fns.h	8252	247	f3ba6546aca69426d944f035ea2042c5e3b27da9b3cc04726599b2a19ca359b2	1
ipc_app/tuya_ipc/tuya_sdk_a4_5_x_sdk/include/tstool/ps_defns.h	5587	144	7edd5d11afd4057fdc1ea37ee9fca43dabd61d08de2e5411875a380ea4e5f395	1
ipc_app/tuya_ipc/tuya_sdk_a4_5_x_sdk/include/tstool/ps_fns.h	13753	358	d75d85f445a8aef37d8cb8fde51d43e84e0c012928da99749a147c61df40abd2	1
ipc_app/tuya_ipc/tuya_sdk_a4_5_x_sdk/include/tstool/reverse_defns.h	5904	134	243533ea3b02779b7ccfc9ea606f93919dd2d730ed2642ddefc65d108fe1db37	1
ipc_app/tuya_ipc/tuya_sdk_a4_5_x_sdk/include/tstool/reverse_fns.h	15463	340	58e95323ed2dbf4ca9a0dc6d0a49b33f32c41ba251d1ff26f25392a39e8ac9e2	1
ipc_app/tuya_ipc/tuya_sdk_a4_5_x_sdk/include/tstool/ts_defns.h	2756	77	4d0959de286935db71a62316480fc1d3960a9b7cceb030bae3c1d65569cf2b47	1
ipc_app/tuya_ipc/tuya_sdk_a4_5_x_sdk/include/tstool/ts_fns.h	33532	782	78d50212d5ab36116cceff21b6473f291ecbf92c9bc683b443301fed038ab34e	1
ipc_app/tuya_ipc/tuya_sdk_a4_5_x_sdk/include/tstool/tswrite_defns.h	14080	343	3e0d852dfb8031d3fd9585b32b56e8149e548035cd1e67bda688945a314a8f0f	1
ipc_app/tuya_ipc/tuya_sdk_a4_5_x_sdk/include/tstool/tswrite_fns.h	14345	352	52e52cb7a47336940cd11d76c1fbe4ea0503fd84ccd91a5079618f4fbbb00f4d	1
ipc_app/tuya_ipc/tuya_sdk_a4_5_x_sdk/include/tstool/version.h	1505	48	72d9f7ac81f351d3719e0328d73956527abdde3a9328b0f9323b533e5f5e8d62	1
ipc_app/tuya_ipc/tuya_sdk_a4_5_x_sdk/include/tstool/video_defns.h	1571	49	d4c62541c6676cc7c542831940a965d09bafc3e11d2363a24b2e3bc70777bd87	1
ipc_app/tuya_ipc/tuya_sdk_a4_5_x_sdk/include/tuya_adc.h	2618	115	081e5c5b39bad18bd055a25995c9316656ab4ec72e8c5119efbd9f5091260091	1
ipc_app/tuya_ipc/tuya_sdk_a4_5_x_sdk/include/tuya_base_utilities.h	771	46	678a2d27f3f094f671656c1546bb33c529123d87a9f86ff093ab286c365b0ce2	1
ipc_app/tuya_ipc/tuya_sdk_a4_5_x_sdk/include/tuya_bt.h	6887	266	b206d91dd8b8347f72a6bb32efbbeeea252d772297d9caf771bae09ca9e988b6	1
ipc_app/tuya_ipc/tuya_sdk_a4_5_x_sdk/include/tuya_cli.h	1374	72	a5b4ec0532d53e938a0bb7a924439cf16deab95bd04fce651f4c7295a826a26c	1
ipc_app/tuya_ipc/tuya_sdk_a4_5_x_sdk/include/tuya_cloud_base_defs.h	1700	71	4543dcce5d7684eabe291ef7b18b384e9b7f2f2a62575afccd8bea33ee190ca6	1
ipc_app/tuya_ipc/tuya_sdk_a4_5_x_sdk/include/tuya_cloud_com_defs.h	23863	836	3507f51904b3a497c2e8c0c2c95daf6e4c242f1bccdb9d42d78c8a85fa625357	1
ipc_app/tuya_ipc/tuya_sdk_a4_5_x_sdk/include/tuya_cloud_error_code.h	10332	249	cf3558a1c36c615f790abfc3ef501cda7c1e5154f42584c1bda60ec6331c2fc1	1
ipc_app/tuya_ipc/tuya_sdk_a4_5_x_sdk/include/tuya_cloud_types.h	3946	200	2c1c25d1863c04809a3f33f65d51b561196ed77e4b387af2ba359b8a8858eb36	1
ipc_app/tuya_ipc/tuya_sdk_a4_5_x_sdk/include/tuya_cloud_wifi_defs.h	5449	133	d268b2a4cfd27b9428e5ad5d5144d77a1d5f0798e07c5b9d554d150d0348b878	1
ipc_app/tuya_ipc/tuya_sdk_a4_5_x_sdk/include/tuya_coap_helper.h	2580	87	e9b6f2a91593662102559bcd5d3de177dae88fe06f516774781df4d7c55f97dd	1
ipc_app/tuya_ipc/tuya_sdk_a4_5_x_sdk/include/tuya_devos.h	2106	89	c4a99f40f6e5f9668c8acc6ab3d00ddb3d079f59b9a2dcf546db117f8173789d	1
ipc_app/tuya_ipc/tuya_sdk_a4_5_x_sdk/include/tuya_devos_activate.h	2658	122	de406c698badba41de65364c45e59e91b971353fa19f5f90f7d0ae998fc079f1	1
ipc_app/tuya_ipc/tuya_sdk_a4_5_x_sdk/include/tuya_devos_entry.h	2675	114	3f0a86a53b8c6bf185ddcaca379bc5dc74add302aadf6898c09bc6afb832ec0a	1
ipc_app/tuya_ipc/tuya_sdk_a4_5_x_sdk/include/tuya_devos_netcfg.h	5102	193	27f1660e0a3580eca24d71ece3a3987ad05dbc3d74b8e59b46e28d5306fcf926	1
ipc_app/tuya_ipc/tuya_sdk_a4_5_x_sdk/include/tuya_devos_netlink.h	4504	172	f116ed137c2e6bf052b4d5d0468f5e0227f17edb5191e5f221d25dbda7babe78	1
ipc_app/tuya_ipc/tuya_sdk_a4_5_x_sdk/include/tuya_devos_reset.h	1757	75	c55dc444105cd289ce4688ac4b101737028ca7797d7b3efff78e5a407ba2a315	1
ipc_app/tuya_ipc/tuya_sdk_a4_5_x_sdk/include/tuya_devos_utils.h	2316	113	14e543c9d7ebb55badc65aae2f7176045e43a33c54db411c0822f224631d8218	1
ipc_app/tuya_ipc/tuya_sdk_a4_5_x_sdk/include/tuya_driver.h	2219	105	ef35d90b8136579b8f09425787b42a3f61b38d4e05fc9783c68dc63790e8ce3b	1
ipc_app/tuya_ipc/tuya_sdk_a4_5_x_sdk/include/tuya_error_code.h	26055	459	c2c15b5a02f974b25c0a1d6f5802ac6feca43bce15978aa36fdf3d939843c77c	1
ipc_app/tuya_ipc/tuya_sdk_a4_5_x_sdk/include/tuya_ffs.h	1853	75	e85ee3560fc4c5c83b2f76b58cea9b87ba30674cbfbfba32c20e5779531b0680	1
ipc_app/tuya_ipc/tuya_sdk_a4_5_x_sdk/include/tuya_ffs_adapter.h	1241	38	70cfea52f7feb041da213741d5831a27a07c749aee3fdcea52299ee5f5dad60f	1
ipc_app/tuya_ipc/tuya_sdk_a4_5_x_sdk/include/tuya_ffs_config.h	1544	56	79e23aaee278784b6bc7eabd606d28bb99c076dd210bc2bf7c7ff7f5209ee6a3	1
ipc_app/tuya_ipc/tuya_sdk_a4_5_x_sdk/include/tuya_ffs_dss.h	1018	47	e21ca242444f630caf887ae360ab66eea10b4aeec8900d7016a06eda8032847b	1
ipc_app/tuya_ipc/tuya_sdk_a4_5_x_sdk/include/tuya_ffs_inc.h	1127	67	f21af81e44ec59fbf22a72e89247caf17a0c1b00868f4897d5bd3bde35cc895d	1
ipc_app/tuya_ipc/tuya_sdk_a4_5_x_sdk/include/tuya_ffs_stream.h	1138	48	398f76ba00d0ea8aa19055d983e83b81d7f26cf6883cac9537fed3298ff0aaec	1
ipc_app/tuya_ipc/tuya_sdk_a4_5_x_sdk/include/tuya_gpio.h	4057	182	3be4bd495a166a70df1b6fb3cfd2d65fcbe8f661b4a36e2677acd29f1f3c4361	1
ipc_app/tuya_ipc/tuya_sdk_a4_5_x_sdk/include/tuya_hal_ble_mesh_prov.h	1071	45	9d6d8558ab9dd5b7926000c7f4c1954ece82944b37395d8eae3ebde52859130b	1
ipc_app/tuya_ipc/tuya_sdk_a4_5_x_sdk/include/tuya_hal_bt.h	5579	220	8d6e76cdf006cbe09d5a4b0e7fe3abe0fa267acb7268e6bc449629fe4b8b3e6d	1
ipc_app/tuya_ipc/tuya_sdk_a4_5_x_sdk/include/tuya_hal_cellular.h	981	36	792f8d1649979c118e9420a0013d3ab1476fb7d66f017c7f818ef38225009085	1
ipc_app/tuya_ipc/tuya_sdk_a4_5_x_sdk/include/tuya_hal_fs.h	6841	278	6dd6cdc2faaac38682ed38b0b9e05a1adafff9fd5293e6ecbc36332db8ac676b	1
ipc_app/tuya_ipc/tuya_sdk_a4_5_x_sdk/include/tuya_hal_memory.h	1512	68	3c46940536724f2801d1bc6ba9aa88c3b1126e0abd971df5fe3828dc4754cb81	1
ipc_app/tuya_ipc/tuya_sdk_a4_5_x_sdk/include/tuya_hal_mutex.h	1609	80	244b8a841aa3a377350e517818dae080d014144d2a5bd1264da94559b6d9d99f	1
ipc_app/tuya_ipc/tuya_sdk_a4_5_x_sdk/include/tuya_hal_network.h	13808	485	3260833b0776ff0e6b65852475f8f92b82ca4dc02b2235e71017a58a17759555	1
ipc_app/tuya_ipc/tuya_sdk_a4_5_x_sdk/include/tuya_hal_ota.h	1954	75	f24d0550161852af041655465875665709c6b5b58e0107c15ac51498ee16a3d8	1
ipc_app/tuya_ipc/tuya_sdk_a4_5_x_sdk/include/tuya_hal_output.h	1256	68	259e5bb458bc4f6ec3233d04511ea7c2d9236490120a92fe4bfbc7c07dd7e994	1
ipc_app/tuya_ipc/tuya_sdk_a4_5_x_sdk/include/tuya_hal_queue.h	1719	69	34f4ae33a75f13e42ce9f56664c141cb7b9793715dac408d852875a4303c3fda	1
ipc_app/tuya_ipc/tuya_sdk_a4_5_x_sdk/include/tuya_hal_semaphore.h	2160	95	d8d7a33fa7bb0cbef4f5e158c07c27572bbf1745121516b0dc2d539d6bed80f8	1
ipc_app/tuya_ipc/tuya_sdk_a4_5_x_sdk/include/tuya_hal_storage.h	2643	121	e9a0f394e3b73835adf0ed3231c2c9fb6795c85dd124713b309b49ffe8d79627	1
ipc_app/tuya_ipc/tuya_sdk_a4_5_x_sdk/include/tuya_hal_system.h	3214	169	5ea25f6021f870cbd98c5fd648443f4894689f57d7b414f449d6324c62bd41e7	1
ipc_app/tuya_ipc/tuya_sdk_a4_5_x_sdk/include/tuya_hal_thread.h	2641	105	a0ddfc4aa38a0eb30bd5493654fd393c512cb7a6c85cde146bd425b2bc8fc059	1
ipc_app/tuya_ipc/tuya_sdk_a4_5_x_sdk/include/tuya_hal_wifi.h	7497	272	5df17b831ef1b08b35ef98282de989d95ceedc8c3fdcf26107072ccb6b438ab8	1
ipc_app/tuya_ipc/tuya_sdk_a4_5_x_sdk/include/tuya_hal_wired.h	3640	145	2dfe1db90d1ae6d2f6661bf424c110d815b23c7c72406feba6b790c7e1f16ec6	1
ipc_app/tuya_ipc/tuya_sdk_a4_5_x_sdk/include/tuya_i2c.h	4471	162	acb9bf2bf5a810092986411d275528901b3cad817dd1032e05f12d9015965c59	1
ipc_app/tuya_ipc/tuya_sdk_a4_5_x_sdk/include/tuya_i2s.h	4221	160	1417eea0f8ee1727c4c465edf07df141947b1239af9305e4c9c0543f3e5f19ec	1
ipc_app/tuya_ipc/tuya_sdk_a4_5_x_sdk/include/tuya_iot_api_pre_handle.h	5499	127	c6644ccbc8cad488c766c4030e9eb12ceecb6c39c5209a790df2a0f1dcd82ba5	1
ipc_app/tuya_ipc/tuya_sdk_a4_5_x_sdk/include/tuya_iot_base_api.h	3508	119	eb22ed3d78558a8337e27ea0de6ab9d05cb20088eccdc319beb1b46912596bf1	1
ipc_app/tuya_ipc/tuya_sdk_a4_5_x_sdk/include/tuya_iot_com_api.h	19086	659	15fb9043694a6356a4797ea1d4d4d3bdbb7f3af238885fa576ddc9285ecede2a	1
ipc_app/tuya_ipc/tuya_sdk_a4_5_x_sdk/include/tuya_iot_config.h	7422	394	210d01796905327ac9627f1bd2d468048a056781e9cd60140b5a14a285d0bac6	1
ipc_app/tuya_ipc/tuya_sdk_a4_5_x_sdk/include/tuya_iot_dev_check.h	3442	101	17b006e56b422986444d2a3ca02436785eac9902075340ceea68d0705f3b2d7f	1
ipc_app/tuya_ipc/tuya_sdk_a4_5_x_sdk/include/tuya_iot_internal_api.h	11593	497	7e2123b46a73c3bb6676d0ee037bd6b414819219dad324044bfafa40643f7fd0	1
ipc_app/tuya_ipc/tuya_sdk_a4_5_x_sdk/include/tuya_iot_wifi_api.h	6456	240	4e25a518722941506ca076ecd01830181d0bc2d73e4481827abc29d3edc3024d	1
ipc_app/tuya_ipc/tuya_sdk_a4_5_x_sdk/include/tuya_iot_wired_wifi_api.h	7994	187	34d3664e97370b96049e356038da568014c3d08838fce2286b2694ad264a4a88	1
ipc_app/tuya_ipc/tuya_sdk_a4_5_x_sdk/include/tuya_ipc_ai_detect_storage.h	1797	66	92d4f65f88b2c334b8398db1234ffb679e8b22657a14e396741a24ad49681c3d	1
ipc_app/tuya_ipc/tuya_sdk_a4_5_x_sdk/include/tuya_ipc_ai_face_db.h	1536	74	9f632db88b086a416bf95db6f144e7ce2c586864af6b83aa337933a53ab64131	1
ipc_app/tuya_ipc/tuya_sdk_a4_5_x_sdk/include/tuya_ipc_ai_face_detect.h	3122	94	023405c91534e8b7560e21b7da2a8e86fb813ba752124f49ecc878a14f448962	1
ipc_app/tuya_ipc/tuya_sdk_a4_5_x_sdk/include/tuya_ipc_api.h	570	27	bed9a545bb406ccb2c7a4d6067631ff4a1d83eadc979c1dbfd8d750a02c8a14b	1
ipc_app/tuya_ipc/tuya_sdk_a4_5_x_sdk/include/tuya_ipc_cloud_storage.h	6940	207	c312898c3e1bbe2b492ae46e168cba5c549a133f3f82f3476a9ae8d9b51c7dc5	1
ipc_app/tuya_ipc/tuya_sdk_a4_5_x_sdk/include/tuya_ipc_doorbell.h	1234	42	15927e5e43c5e251b8506141eeb1163cbb1ca4e724e589f89a6f9ebbafc0baab	1
ipc_app/tuya_ipc/tuya_sdk_a4_5_x_sdk/include/tuya_ipc_dp.h	1587	45	af3bb83ef1e2cb0e675c2fc40697a4d041cb449395c26ce01851f5bdaa02826c	1
ipc_app/tuya_ipc/tuya_sdk_a4_5_x_sdk/include/tuya_ipc_event.h	5146	129	c94d75084466d30e7ceca0448040d30dd09be31b0dd26db33df8f5f39c1add90	1
ipc_app/tuya_ipc/tuya_sdk_a4_5_x_sdk/include/tuya_ipc_img_defs.h	2474	97	c17a1bd6a0854c21f4ba63c42d170d330a843b81cb7cb4307ce4be7297567c87	1
ipc_app/tuya_ipc/tuya_sdk_a4_5_x_sdk/include/tuya_ipc_img_proc.h	3759	106	4fc32431ea3d1d1f50dfe6afb4637a61c35c3e9ce22940bc4925ccdb6733dc19	1
ipc_app/tuya_ipc/tuya_sdk_a4_5_x_sdk/include/tuya_ipc_log.h	842	30	a0ea738f51dae56d9811ccc645b8aa17203513b6a06fdedb8928ef48cb005bc0	1
ipc_app/tuya_ipc/tuya_sdk_a4_5_x_sdk/include/tuya_ipc_log_seq.h	1792	26	c5628464f6be1d37bff5ced30975214b3506da3ecd293a68dce70a0bc59c2ded	1
ipc_app/tuya_ipc/tuya_sdk_a4_5_x_sdk/include/tuya_ipc_low_power_api.h	1184	38	8863913f6c99f581b9f49b73fab41a83151c5d80857c6a20d938e212b2767654	1
ipc_app/tuya_ipc/tuya_sdk_a4_5_x_sdk/include/tuya_ipc_media.h	3431	147	a2fd2b4e580596a13bc78714d7bed98694a1fb798a85b9de02c760db5fe1730a	1
ipc_app/tuya_ipc/tuya_sdk_a4_5_x_sdk/include/tuya_ipc_moto_mqtt.h	934	50	c833bdb7fba95d85d8d7a5e95ab408fd8f0fe1444e42db2ef347c6330bd4515e	1
ipc_app/tuya_ipc/tuya_sdk_a4_5_x_sdk/include/tuya_ipc_mqtt_subscribe.h	1328	44	939a62876400ea96272509ea7414c24d5d52d03d6893cd282bbf9f20eae61622	1
ipc_app/tuya_ipc/tuya_sdk_a4_5_x_sdk/include/tuya_ipc_notify.h	8094	216	d9c90cb38058e4a0bc2a2b5f54a0dd6d4ab53e05116e2d4b110690c4f49d7098	1
ipc_app/tuya_ipc/tuya_sdk_a4_5_x_sdk/include/tuya_ipc_p2p.h	18159	553	cfabc728595ada4a119fc953310f2c148409e8e7672a862667e7837f0280dc0e	1
ipc_app/tuya_ipc/tuya_sdk_a4_5_x_sdk/include/tuya_ipc_p2p_common.h	3112	121	4810724a76eb2fb68514346cf7de2ac6fcd8aa99da7313d01aea7a9e44925cc2	1
ipc_app/tuya_ipc/tuya_sdk_a4_5_x_sdk/include/tuya_ipc_p2p_error.h	1366	29	b38de8479a3646130accb42a50fce5fbc1a4b404879cbe68de23849510c28db0	1
ipc_app/tuya_ipc/tuya_sdk_a4_5_x_sdk/include/tuya_ipc_ptz.h	1567	59	b13c7878736ac3d1d874fb2e448a516ea8b4f8af435472a2993c58bbcdb94a3b	1
ipc_app/tuya_ipc/tuya_sdk_a4_5_x_sdk/include/tuya_ipc_qrcode_proc.h	1665	43	941eca34dac91da0bd5046eeb5b5fcb47cdeca63b4067ffcaf1a35ceb77bcb8b	1
ipc_app/tuya_ipc/tuya_sdk_a4_5_x_sdk/include/tuya_ipc_sdk_info.h	4268	156	7eeac999f373c0e55d9f8d295404295a4d29997a4c757d714c0373d39ce3d2c7	1
ipc_app/tuya_ipc/tuya_sdk_a4_5_x_sdk/include/tuya_ipc_sdk_init.h	6433	192	25394a791becca3bc3093971d8bd1364fdc404cbe41ff839924bccd2edc48520	1
ipc_app/tuya_ipc/tuya_sdk_a4_5_x_sdk/include/tuya_ipc_skill.h	837	42	a0a1edf0d66a58f0caf11e24058bd03a2abc20c29527ea75684edfdfa443dc45	1
ipc_app/tuya_ipc/tuya_sdk_a4_5_x_sdk/include/tuya_ipc_stream_storage.h	15548	455	2dc947d84bc6f66d27e187ef932d3f8e471381f07da3a4d355d10867dd2028fd	1
ipc_app/tuya_ipc/tuya_sdk_a4_5_x_sdk/include/tuya_ipc_upgrade.h	2569	77	449479d7612a78e1bfe2454d2c56c38a2e072d0ed6f6f7d3a177732c499e9c01	1
ipc_app/tuya_ipc/tuya_sdk_a4_5_x_sdk/include/tuya_ipc_video_msg.h	1769	73	87ef64a11fb19ae9187372994e4bac0ac442cb72acdec7a7042c4a2a83f7c00d	1
ipc_app/tuya_ipc/tuya_sdk_a4_5_x_sdk/include/tuya_ipc_video_proc.h	4707	126	d15a0ce1798d6e0eb5db0f8fb3c3f523b6697ec7260b010dcef0f0a29f5970f0	1
ipc_app/tuya_ipc/tuya_sdk_a4_5_x_sdk/include/tuya_ipc_webrtc.h	2506	113	0d738e4d184e28cc4b8450075f4963ac623518dea5ca5ae69e5a325f58cc300c	1
ipc_app/tuya_ipc/tuya_sdk_a4_5_x_sdk/include/tuya_ir_code.h	1541	83	6d5da27ace28df06d1200071d8132530e3c7ca661d73fbd6473b89112939896f	1
ipc_app/tuya_ipc/tuya_sdk_a4_5_x_sdk/include/tuya_ir_control.h	8805	357	6d5a1326266c8c70b1eca96a49fd54e20e306ee783187b167748a9a2281329ef	1
ipc_app/tuya_ipc/tuya_sdk_a4_5_x_sdk/include/tuya_ir_ws_db.h	1001	62	00bd72eadbf4fda9e76d35a13b177f98562a2f489b705ee738f75e53aee3cd05	1
ipc_app/tuya_ipc/tuya_sdk_a4_5_x_sdk/include/tuya_key.h	2573	106	06b49cc4579936ba08f774bb06f700bcd1bd3a1347d1ddca380ff6a6d8d658b4	1
ipc_app/tuya_ipc/tuya_sdk_a4_5_x_sdk/include/tuya_led.h	2158	76	de3fbd7afdf749b144abc50c86748f22e49e369efe2e72cbdb564a87e6e9762e	1
ipc_app/tuya_ipc/tuya_sdk_a4_5_x_sdk/include/tuya_liteos_uv.h	19655	509	5a2485d269b942e6e907664f0982c5656de0318a476babf2defb1cc8c7ce406b	1
ipc_app/tuya_ipc/tuya_sdk_a4_5_x_sdk/include/tuya_media_service_rtc.h	13762	308	8a5c41ef9aad13dc6a8efa19a9a7caa112dc84f8ade7b093f628e0b2361bc8ce	1
ipc_app/tuya_ipc/tuya_sdk_a4_5_x_sdk/include/tuya_memory_heap.h	1083	41	b82e26e313caf5c8e56f25435f808a49786d051c92871e69034cdec2f1f13d9b	1
ipc_app/tuya_ipc/tuya_sdk_a4_5_x_sdk/include/tuya_os_adapter.h	41354	1082	9116218bea9a0bbec6aeda55c9ad728a6bbe902fc63233c6963db24c8662d3dd	1
ipc_app/tuya_ipc/tuya_sdk_a4_5_x_sdk/include/tuya_os_adapter_error_code.h	9091	221	35975ce6dd7e020b052c6fd35ba4fadef9ca7e08abcef7c88e19f79d39002112	1
ipc_app/tuya_ipc/tuya_sdk_a4_5_x_sdk/include/tuya_pin.h	7097	214	102fa638e7b0b9aef24e2a3e3f2ba29aa7bf56818f51d730d403d46d60e81454	1
ipc_app/tuya_ipc/tuya_sdk_a4_5_x_sdk/include/tuya_pwm.h	4135	171	d69482db305923c5a10a2f0972c126fc9388fcc85a85a873014e988543dd2e6d	1
ipc_app/tuya_ipc/tuya_sdk_a4_5_x_sdk/include/tuya_ring_buffer.h	7243	185	98c0d52e0f52956bba6d5c8996307371e16b1375cbf0bb9051af8b8df66e20c3	1
ipc_app/tuya_ipc/tuya_sdk_a4_5_x_sdk/include/tuya_rtc.h	1534	75	85f143c288de589e308ffdd4757b0073a8c24ecec79f34ff06814222d0b711dd	1
ipc_app/tuya_ipc/tuya_sdk_a4_5_x_sdk/include/tuya_sha256.h	4595	163	7bb9620634a243d9d93af6eddc75f8998ab2a8360d998f598604f8f7d11afb4d	1
ipc_app/tuya_ipc/tuya_sdk_a4_5_x_sdk/include/tuya_spi.h	6009	188	26cf0679230ab9d49e5679f9a9e8e2106d1e17b47b74daf57ed7f1d8e516d664	1
ipc_app/tuya_ipc/tuya_sdk_a4_5_x_sdk/include/tuya_svc_online_log.h	1628	65	804ac834c196ba3d1b124b8e569dfe14f849b8d7dee7f824b0f93bf67b152e21	1
ipc_app/tuya_ipc/tuya_sdk_a4_5_x_sdk/include/tuya_svc_schema_upgrade.h	1934	81	033131f9c9ee5165e4252604330af917aad8ae70bd14cf68c9568ed53989fe26	1
ipc_app/tuya_ipc/tuya_sdk_a4_5_x_sdk/include/tuya_svc_timer_task.h	1652	67	c46a04637a138058ff5b1b21f1b9eac51d2c28aff41fefbc04e019da91182e47	1
ipc_app/tuya_ipc/tuya_sdk_a4_5_x_sdk/include/tuya_svc_upgrade.h	6871	208	983be5383b7e2d465a362f05d03a938b326d8ca9d3e6825c381508e1fe03dde8	1
ipc_app/tuya_ipc/tuya_sdk_a4_5_x_sdk/include/tuya_svc_upgrade_http.h	2561	85	9a3d5340c3c1993883b71c9914cf63f42cd6a1427b842d3b414cf18446023d10	1
ipc_app/tuya_ipc/tuya_sdk_a4_5_x_sdk/include/tuya_system_dp.h	331	23	4df014f3735ac0a66a69b88166b6c4912b35a262fa612686dfb0c66edb8cecb0	1
ipc_app/tuya_ipc/tuya_sdk_a4_5_x_sdk/include/tuya_timer.h	2915	124	2e7cb7fd201feab13e3f073612467f93eb5daa3dd6852311c94b3a55b6ef37ca	1
ipc_app/tuya_ipc/tuya_sdk_a4_5_x_sdk/include/tuya_tls.h	4542	181	2e84122865c90ce5eef567551605587847ff30b009d7dc5e95205e1ca7d7e4c4	1
ipc_app/tuya_ipc/tuya_sdk_a4_5_x_sdk/include/tuya_tls_config_disable.h	171	6	896eb10c8d9925c2291e11a2e7705ad3f3fa44962b6d6d4346d0739b45b896ad	1
ipc_app/tuya_ipc/tuya_sdk_a4_5_x_sdk/include/tuya_tls_config_ecc_client_auth.h	108690	3274	3387e96f2f0358c20977b5ff975f2cb9d87408df1ea907187bb6b56115cd28d9	1
ipc_app/tuya_ipc/tuya_sdk_a4_5_x_sdk/include/tuya_tls_config_ecc_only.h	110668	3306	1caaa603336b264ab23fbec2ab58a45f04c5531b4223af3e59072e0d2caa5b72	1
ipc_app/tuya_ipc/tuya_sdk_a4_5_x_sdk/include/tuya_tls_config_ecc_only_homekit.h	110716	3307	de9fa1987ef88d694f55b944467a1bacb67d20679464119315e0d84116243fbb	1
ipc_app/tuya_ipc/tuya_sdk_a4_5_x_sdk/include/tuya_tls_config_ecc_only_ipc.h	110976	3321	adb317b8fcbcc479cdba8bb7fbe17d0503c76f2f61d69264824053b63ec7ffaf	1
ipc_app/tuya_ipc/tuya_sdk_a4_5_x_sdk/include/tuya_tls_config_ecc_only_nxp_se050.h	111257	3332	da7da5ca1f84c833bd190a7b7be4785d9a04c8b1c37d312d45bad10446ccc859	1
ipc_app/tuya_ipc/tuya_sdk_a4_5_x_sdk/include/tuya_tls_config_ecc_psk.h	108959	3280	9079eeb8501a70a2a05d5b897cb710d6aa11fddb48e9c51a74ac2ecb624b03da	1
ipc_app/tuya_ipc/tuya_sdk_a4_5_x_sdk/include/tuya_tls_config_ecc_psk_cat1.h	108441	3271	2f0dfd2c5fd0964393af91b176d46d317993254b46197cf1eeacf8da177102d4	1
ipc_app/tuya_ipc/tuya_sdk_a4_5_x_sdk/include/tuya_tls_config_no_strip.h	110714	3309	cf37f75344bd16db44b6f2d2c030094d77c2bf083d32fc74431e5a6bed83c7a9	1
ipc_app/tuya_ipc/tuya_sdk_a4_5_x_sdk/include/tuya_tls_config_psk_only.h	111072	3327	5af607fce46d9c38c1d2ee65a7acef07d380fbd3ae6e87110693c6413ce7bd9f	1
ipc_app/tuya_ipc/tuya_sdk_a4_5_x_sdk/include/tuya_uart.h	6320	216	4b407058f31321e3365c0636b01202b33ccc409e2d6c8ac6be7dc808a35172a5	1
ipc_app/tuya_ipc/tuya_sdk_a4_5_x_sdk/include/tuya_uart_legacy.h	3821	145	c19d068a64c6b7055f1af9634586a7b6ea67894364c3c0009df97e227eab9ce0	1
ipc_app/tuya_ipc/tuya_sdk_a4_5_x_sdk/include/tuya_uf_db.h	6915	258	3d472c0381cdede8682bfb9d8f24cc8516796fa03cb7e464afcf84b167dcb639	1
ipc_app/tuya_ipc/tuya_sdk_a4_5_x_sdk/include/tuya_uv_errno.h	10491	454	8ff8d7afde3e70ec54d7093683dd85554ca61e738b70a527cc7d8421c3c2d665	1
ipc_app/tuya_ipc/tuya_sdk_a4_5_x_sdk/include/tuya_ws_db.h	10262	287	a45c4ee5a9c893bb92b50350a743cc98abd74496b6cdd00c2dc34c7997238be5	1
ipc_app/tuya_ipc/tuya_sdk_a4_5_x_sdk/include/ty_cJSON.h	7606	150	50d2aca0c62438f8b5f3cb03967919c6c3c85c97fc046f6a0ebf2b072b47ffc7	1
ipc_app/tuya_ipc/tuya_sdk_a4_5_x_sdk/include/ty_monitor.h	909	61	2dd147759e623309e84a095ee2a9cf72ad6393bca24018a5bdce3a488610c6f9	1
ipc_app/tuya_ipc/tuya_sdk_a4_5_x_sdk/include/ty_wifi_mgnt.h	4028	143	0037065f78a053616a4bb2a62c344e3912205692c4b5ec66daeaa9a5635e213b	1
ipc_app/tuya_ipc/tuya_sdk_a4_5_x_sdk/include/ty_work_queue.h	1236	63	06ab33dfd5c0069b0ab0a5cfb63015d8a7d0912a78889349067486af19617d7d	1
ipc_app/tuya_ipc/tuya_sdk_a4_5_x_sdk/include/uni_base64.h	604	40	5e8a027b3143de127a60369c70a25b6692efd1d0c219edf4e25af7371dc0869b	1
ipc_app/tuya_ipc/tuya_sdk_a4_5_x_sdk/include/uni_fs.h	1920	85	5389fa642cbde6fa7964b643a90988e571fe7bbce5f51d1e14d608a948fa1da6	1
ipc_app/tuya_ipc/tuya_sdk_a4_5_x_sdk/include/uni_hlist.h	5326	238	a88a201a7f86ab99db35c05455b40cbc1fae5632157af6e950e842cd327b719e	1
ipc_app/tuya_ipc/tuya_sdk_a4_5_x_sdk/include/uni_log.h	12165	438	bbd6c34faf9af23113c5c279cbb60b1fcf47037eb43946f6e69fae65b6bd5fb7	1
ipc_app/tuya_ipc/tuya_sdk_a4_5_x_sdk/include/uni_md5.h	759	46	809534d124c8b6074ad4dcb12d4b4bf953fa0b7f5c64073aab8f69e8ac4399c0	1
ipc_app/tuya_ipc/tuya_sdk_a4_5_x_sdk/include/uni_module.h	7192	216	abd4e0acb0a74f0157b89cf203eb05b60e05350056887815f24c15504c2c3867	1
ipc_app/tuya_ipc/tuya_sdk_a4_5_x_sdk/include/uni_msg_queue.h	9640	325	6929a1b5a78d220674e8a65e750d88bd273972a418313821a3429bd64bf467ba	1
ipc_app/tuya_ipc/tuya_sdk_a4_5_x_sdk/include/uni_network.h	5849	190	0b041be979d4ce578d970af911e4de159ff4351432e1d42f332f0a64e8191478	1
ipc_app/tuya_ipc/tuya_sdk_a4_5_x_sdk/include/uni_pointer.h	3992	186	5e62966d8ef6294977a28b1c9750e514312ebaa2656900ee20bf4e02b1f1844c	1
ipc_app/tuya_ipc/tuya_sdk_a4_5_x_sdk/include/uni_queue.h	3875	143	b30db99d758539f7fac2ad2942651521f92f5ab2d69dc9b079d6505542f19428	1
ipc_app/tuya_ipc/tuya_sdk_a4_5_x_sdk/include/uni_random.h	706	44	63d7f92a8d6f3185bd09862c1a9fd77f9f0128283bd1b52c8fbac7ef635ba9db	1
ipc_app/tuya_ipc/tuya_sdk_a4_5_x_sdk/include/uni_rfc.h	1487	73	d03742193d8058ec35ef9fbf707ecd9d817b7431c3e65346784053a8fbad01ca	1
ipc_app/tuya_ipc/tuya_sdk_a4_5_x_sdk/include/uni_slist.h	4105	189	0fcfcb9664433f4d71106c2deaf4ba9faad6a6ffe9199094db18e9b8888bb57c	1
ipc_app/tuya_ipc/tuya_sdk_a4_5_x_sdk/include/uni_thread.h	3368	138	22408acdb508536aca473353dc85a15c441ee435e2df29f80e246936ee31a45f	1
ipc_app/tuya_ipc/tuya_sdk_a4_5_x_sdk/include/uni_time.h	7445	273	83d5f2c4ce9bd3d908b09e24be2246a98e20e06a832a3ccd6612aafbd352f4e8	1
ipc_app/tuya_ipc/tuya_sdk_a4_5_x_sdk/include/uni_time_queue.h	5428	181	26053b35c7479b861596e476c45debd73d48aed0d7f8bcdc8655b613cc2a3d9f	1
ipc_app/tuya_ipc/tuya_sdk_a4_5_x_sdk/include/uni_work_queue.h	2709	102	7e8e682be58856520342d3582a4cdc8a41fdece0e36055335b448e233337dc00	1
ipc_app/tuya_ipc/tuya_sdk_a4_5_x_sdk/include/unix.h	3019	113	a0299a118bddf0483a04ffa77b3c7606aaa13f0775d6ad10dd94de901d0d99a7	1
ipc_app/tuya_ipc/tuya_sdk_a4_5_x_sdk/include/upload_notification.h	3634	68	04967513797d7586d4f3340fc4bf29a8e7a4810bb27e19d12bd1b1b6fec3318f	1
ipc_app/tuya_ipc/tuya_sdk_a4_5_x_sdk/include/user_netcfg.h	178	8	f83994156415da63a5469eed75f2452583723e2758d819b89fa46f87c094bc69	1
ipc_app/tuya_ipc/tuya_sdk_a4_5_x_sdk/include/uv.h	188	18	dcd61ed1937c14a67ce96691166a8b18c898af81d0c1f7e68a357e8c2067e216	1
ipc_app/tuya_ipc/tuya_sdk_a4_5_x_sdk/include/wf_basic_intf.h	9476	382	a212e28123a32f9842765c27c402b9f99b2a4da40523bd1a2911d83857dacbcb	1
ipc_app/tuya_ipc/tuya_sdk_a4_5_x_sdk/include/wf_nw_cfg.h	961	41	e5cdb78821d9e33da1047f20dc7b54b3ba1015809576f3308adb0157fbdab231	1
ipc_app/tuya_ipc/tuya_sdk_a4_5_x_sdk/include/wifi_netcfg_frame_sniffer.h	2773	82	2653de2b3d4872fba0d476363fc2a20132be895e5193e9b01f9d5e8ba5609f21	1
ipc_app/tuya_ipc/tuya_sdk_a4_5_x_sdk/include/wifi_netcfg_frame_transporter.h	3160	91	c7905b3964abcbfad5dcda091f7fda0b3ceb4dc4780c50fa6631e4e6cec38b9a	1
ipc_app/tuya_ipc/tuya_sdk_a4_5_x_sdk/include/wl_cfg_com.h	1852	63	31883775b267f2dba239315002c159757efa130d8abaa8d295a3595ca07be585	1
ipc_app/tuya_ipc/tuya_sdk_a4_5_x_sdk/include/ws_db_gw.h	4025	157	07be52fe6a7c7b8c058e3ecb2d1137dfdcb528797a445b541cf9d5d6d93bac1c	1
ipc_app/tuya_ipc/tuya_sdk_c302b_5_x_sdk/include/aes_inf.h	10496	399	feec25b1cc07a3b6917c32ef5c7cd3ec988e4a792436fcbf34eb705a609a7fa7	1
ipc_app/tuya_ipc/tuya_sdk_c302b_5_x_sdk/include/airkiss_bc.h	2826	92	a89686f6950674cce51baf0418d06fdfc5f845c1eac5857273e8c3deab0e0921	1
ipc_app/tuya_ipc/tuya_sdk_c302b_5_x_sdk/include/ak_lan_protocol.h	1244	64	0480484db5ae9592f83da84aa4602a4b7573b3355775cdea8c1d6e2151fef15d	1
ipc_app/tuya_ipc/tuya_sdk_c302b_5_x_sdk/include/ap_netcfg.h	1137	59	4c9277e219b79a4bbae6c28b8f683ff97526dbf5bdd49163b9abf47d95ea24ab	1
ipc_app/tuya_ipc/tuya_sdk_c302b_5_x_sdk/include/app_agent.h	7470	257	1697dd3f94a0a7f5221919139f9a399ae44572a9d294b07f777016fed0e3a392	1
ipc_app/tuya_ipc/tuya_sdk_c302b_5_x_sdk/include/apr_sha1.h	3117	107	c8353d15878ac0ab36ab415186fffa11223b579762119379c9ef390147060218	1
ipc_app/tuya_ipc/tuya_sdk_c302b_5_x_sdk/include/astro_timer.h	977	54	09977e92c19ad1e3f9e62898e9d56bff8ffe2f690a13d691cd5efea7e1648a7c	1
ipc_app/tuya_ipc/tuya_sdk_c302b_5_x_sdk/include/async_notify.h	3073	116	3cf27eecd38546a340ca9a528e424ff2dd95ab87d7b41a824c1723d6d4199aa5	1
ipc_app/tuya_ipc/tuya_sdk_c302b_5_x_sdk/include/base_event.h	3955	141	1f2a3f088cdb871b1167469c8bf3483ac3db378c0e8f03c36931987d0380c400	1
ipc_app/tuya_ipc/tuya_sdk_c302b_5_x_sdk/include/base_event_info.h	2398	58	3330c09c8948780aa6dbe21eaa1ebe246acc79e0c2a0ca4e6dfb9485b6eefe94	1
ipc_app/tuya_ipc/tuya_sdk_c302b_5_x_sdk/include/base_nw_intf.h	2881	117	83167e3a06bc8f02dcee52a8e8cb96c1c042f152e5abe2b2d66e398c29748f06	1
ipc_app/tuya_ipc/tuya_sdk_c302b_5_x_sdk/include/base_os_adapter.h	611	35	645d38c57fa5f28b924b43a67de8f6c45b8ad62b2999f65b9ef70796785d6add	1
ipc_app/tuya_ipc/tuya_sdk_c302b_5_x_sdk/include/base_rpc_com.h	4493	148	82915853db0f01810e9d99976975914c2928240755225693c8fc0c3dc7929beb	1
ipc_app/tuya_ipc/tuya_sdk_c302b_5_x_sdk/include/c-tlv.h	3770	153	4b43a5f931788da41957375d434fdcfdb49166698470729fda4e9a4820d77473	1
ipc_app/tuya_ipc/tuya_sdk_c302b_5_x_sdk/include/cJSON.h	3644	98	797c8427ce46e08ea56c0764900cb88adc952ce73e5da559db3021eca1e81e3d	1
ipc_app/tuya_ipc/tuya_sdk_c302b_5_x_sdk/include/cipher_wrapper.h	1392	46	f628643817596b4e4ffd92b32305d78813d9249ecf15dbd8def3293612d1f5f9	1
ipc_app/tuya_ipc/tuya_sdk_c302b_5_x_sdk/include/cloud_operation.h	5424	172	78733a666cb6269615521ddb7dc18483f6812e9313cd958d1cd26fe770345a4a	1
ipc_app/tuya_ipc/tuya_sdk_c302b_5_x_sdk/include/coap2/address.h	5811	200	5c686b2066affbfd0e39787fc3b368201d0a307fa5eb4ae906e9cb0735ea7900	1
ipc_app/tuya_ipc/tuya_sdk_c302b_5_x_sdk/include/coap2/async.h	5623	149	0f37838c2fc2b326d727585c10444ca34a66d193c15a4ad66d22bfd48cb35eb4	1
ipc_app/tuya_ipc/tuya_sdk_c302b_5_x_sdk/include/coap2/bits.h	2052	78	14c7e7df3d2212bd0b594b5db895dc2eb08edd44a2fce415171a9bff5502f8bc	1
ipc_app/tuya_ipc/tuya_sdk_c302b_5_x_sdk/include/coap2/block.h	6472	185	08330ffd5d7d4d3b535dfec81b73080e6f67c8e3b86f2a440459e16de09195df	1
ipc_app/tuya_ipc/tuya_sdk_c302b_5_x_sdk/include/coap2/coap.h	1455	66	60c5f88e9219a71f7cde97aa3b889426d71033732358d0333470420a94e0d8c5	1
ipc_app/tuya_ipc/tuya_sdk_c302b_5_x_sdk/include/coap2/coap_debug.h	5322	211	d6e399f6c013f76eda8c5d39b36c5c36c8ee771cab0195f9253be5fac8a65396	1
ipc_app/tuya_ipc/tuya_sdk_c302b_5_x_sdk/include/coap2/coap_dtls.h	20215	609	ae6fb3fd5e99483b43f5c4c1cc0d91278ad389f322a1696af97e2919641bdf0f	1
ipc_app/tuya_ipc/tuya_sdk_c302b_5_x_sdk/include/coap2/coap_event.h	3174	102	a057ead912d1c68c3f9004ff57fb8d6e2b4cb43702a2d341f5f1b0a45d165903	1
ipc_app/tuya_ipc/tuya_sdk_c302b_5_x_sdk/include/coap2/coap_hashkey.h	1644	59	36d2698f9dee91aa33f423684c94333d6bb2a8d756823ac23ee6a486450a4acf	1
ipc_app/tuya_ipc/tuya_sdk_c302b_5_x_sdk/include/coap2/coap_io.h	7310	213	b3dd46d1c2c03c2dc87a855b2fabbde9a4bc6195a6f8354b262177643924c252	1
ipc_app/tuya_ipc/tuya_sdk_c302b_5_x_sdk/include/coap2/coap_mem.h	3225	116	be66133e30ebe92714b804fee8c9ec7b6282314db95b3f0707b114973a57d206	1
ipc_app/tuya_ipc/tuya_sdk_c302b_5_x_sdk/include/coap2/coap_net.h	27190	742	9c61ce71ba332f0afda7a1c0b5bdc0e4617dfd7a1c20a1719849885056f8e903	1
ipc_app/tuya_ipc/tuya_sdk_c302b_5_x_sdk/include/coap2/coap_session.h	17419	493	04b84c90c583f8f71ac1a1c08b81653b1d7d790495ee3097668833f33ca5f52b	1
ipc_app/tuya_ipc/tuya_sdk_c302b_5_x_sdk/include/coap2/coap_time.h	3717	162	f23e2d4d7aef0827fa9150ef6ea717c64013abbfd20308b95a72b812a555bdb3	1
ipc_app/tuya_ipc/tuya_sdk_c302b_5_x_sdk/include/coap2/encode.h	3220	96	dad649515f29a4f010c4441d65655c4ddd964c0dc3790b411c435cf84617a397	1
ipc_app/tuya_ipc/tuya_sdk_c302b_5_x_sdk/include/coap2/libcoap.h	1852	74	c3c0db428e18e83b718491f9bcccbaee398e90eca52cb4a9e8feda0ec72d9426	1
ipc_app/tuya_ipc/tuya_sdk_c302b_5_x_sdk/include/coap2/lwippools.h	2541	81	dc2e36aaeb67424cbcc2caa57d04a457ca9a44b7d5186f2c4194cc64aedcf261	1
ipc_app/tuya_ipc/tuya_sdk_c302b_5_x_sdk/include/coap2/option.h	16490	461	a7cefe636259dc266c5581032ca304c1ccf7375a3967edf74682f82596c31374	1
ipc_app/tuya_ipc/tuya_sdk_c302b_5_x_sdk/include/coap2/pdu.h	22304	543	f83044949e5e7bdb306d9a2d24b27ce6c9ec82b54ad3fed1cf6481b971042979	1
ipc_app/tuya_ipc/tuya_sdk_c302b_5_x_sdk/include/coap2/prng.h	2939	126	82c74e4a63ce4a5b452affb57552262f04a77ef57d84ff942c0715b8b7f445f1	1
ipc_app/tuya_ipc/tuya_sdk_c302b_5_x_sdk/include/coap2/resource.h	19149	524	5bfcd395e9c36f6a0a17b4cfc49b72fc0c5d716924332ecec64522cc109d0817	1
ipc_app/tuya_ipc/tuya_sdk_c302b_5_x_sdk/include/coap2/str.h	3434	121	d11ad615f7bc2870cca9fa8357950e33143ab9441657ab7a74c2a1b2cb1d743d	1
ipc_app/tuya_ipc/tuya_sdk_c302b_5_x_sdk/include/coap2/subscribe.h	2414	76	3f863e5921135a5fc28d06eb0ad6e238f01a6cbbc7ed79a49b1e787d2a359382	1
ipc_app/tuya_ipc/tuya_sdk_c302b_5_x_sdk/include/coap2/uri.h	4831	147	cce1e8c5b4ccbf93bbc335a70ad7e0c9a40934b26615b216f30fc536a6d2dec4	1
ipc_app/tuya_ipc/tuya_sdk_c302b_5_x_sdk/include/coap2/uthash.h	71493	1108	a0b225d5988d69004e0489a6beebd7e317ee8fe3bc3cb5ccfdf68765307a2d0e	1
ipc_app/tuya_ipc/tuya_sdk_c302b_5_x_sdk/include/coap2/utlist.h	81494	1073	a2742794fa33ed713b09334af7aca3f8332bcc41fb9559298e0c7bd21081d285	1
ipc_app/tuya_ipc/tuya_sdk_c302b_5_x_sdk/include/coap_config.h	4674	166	b65920911c05781a86221291188221417d9724317df43b3b9fc0b142422a30e6	1
ipc_app/tuya_ipc/tuya_sdk_c302b_5_x_sdk/include/codec/tuya_g711_utils.h	1075	30	4599188b9e0731b19e7d8eab755afba4cc782d9b75cafb77e789a2035650d257	1
ipc_app/tuya_ipc/tuya_sdk_c302b_5_x_sdk/include/com_mmod.h	4986	180	3ed8428335677706692a3d7ab4337e896482133e2e757b639438b9e7ae75651f	1
ipc_app/tuya_ipc/tuya_sdk_c302b_5_x_sdk/include/com_protocol.h	2662	91	c8ef7ca0fc72d4c3fc67fecd5a425db7a925d11a012593b008dbb8eb453f308b	1
ipc_app/tuya_ipc/tuya_sdk_c302b_5_x_sdk/include/crc32i.h	1874	35	d1e360e09ef676115e35c2ca9de8c88f45fb59daf5ed86d700d147fad79e8f7f	1
ipc_app/tuya_ipc/tuya_sdk_c302b_5_x_sdk/include/crc_16.h	511	38	0b6dd7bb0ecba4131314c751f5018fe6af3e850fe1ef335c646e78fdaf64e09a	1
ipc_app/tuya_ipc/tuya_sdk_c302b_5_x_sdk/include/crc_8.h	1232	43	ae6ef3383d1fe7827c4b601d7e46944a228dc8905793bbc36a9e9221805ef89e	1
ipc_app/tuya_ipc/tuya_sdk_c302b_5_x_sdk/include/direct_connect_tuya.h	1533	73	2d891953fd38132249a93e2a01fa43576a811d9770506d54343f48d4e6a3aa6d	1
ipc_app/tuya_ipc/tuya_sdk_c302b_5_x_sdk/include/encrypt_pic.h	705	27	ca9413c558300dcd8eb64ffa82baa6d2ed7ad28c7977259f8e5b1f7278b4fb42	1
ipc_app/tuya_ipc/tuya_sdk_c302b_5_x_sdk/include/event_cloud.h	407	24	05775810d2bdd5cf45f31cda738861888b6c3aa3de4e21b9e2d0ef597a6c436f	1
ipc_app/tuya_ipc/tuya_sdk_c302b_5_x_sdk/include/ez_mc.h	1965	64	be90438fdbb6d186ae42cea7f2ee49ec440e11e6c7e5f05a7ae5b22755be53c2	1
ipc_app/tuya_ipc/tuya_sdk_c302b_5_x_sdk/include/ffc_app.h	3317	154	1ee029f6ff51a9fe84ce1c827ef28a8556da36e9c26908c3d4c592f06828f5f8	1
ipc_app/tuya_ipc/tuya_sdk_c302b_5_x_sdk/include/ffs_key.h	21044	365	a4379b84e94c18d5774e95cc067d44068693ee7c6dcdee85c47998cb4085be8a	1
ipc_app/tuya_ipc/tuya_sdk_c302b_5_x_sdk/include/ffs_netcfg.h	200	8	75e076e7b1123df2ee29a628ee8e456c22a27456e200022817de261cafd81ace	1
ipc_app/tuya_ipc/tuya_sdk_c302b_5_x_sdk/include/gpio_test.h	1294	73	6f62ed7684f47b3dd5707bf26d3ba27a2b0557fb443f1c657d1dc88b612b1c0d	1
ipc_app/tuya_ipc/tuya_sdk_c302b_5_x_sdk/include/gw_intf.h	21443	829	d8edd6a99061591cbe8d919372d01b4330e10c5a08324af6e651a9b67951e542	1
ipc_app/tuya_ipc/tuya_sdk_c302b_5_x_sdk/include/hashmap.h	3342	131	1e45a0e99f2f4dd19658498192d8d53ca423a381100671d32a8aea0033d15d13	1
ipc_app/tuya_ipc/tuya_sdk_c302b_5_x_sdk/include/http_inf.h	13732	376	081186743ff89f399016ecc25ad252a1d077d8732a208395975e0d2a15daad3c	1
ipc_app/tuya_ipc/tuya_sdk_c302b_5_x_sdk/include/http_manager.h	4983	156	cdebc38b945323d639abe7a263707398fc37313fb6753c0576f56dbdf59eb9b1	1
ipc_app/tuya_ipc/tuya_sdk_c302b_5_x_sdk/include/httpc.h	29863	755	fa245b4739a61585d07f31f1b693eaf1f3fffc2d5be1f93e8f0fc92f01cd0e40	1
ipc_app/tuya_ipc/tuya_sdk_c302b_5_x_sdk/include/iot_httpc.h	18329	556	cdbe36dd7149ac4fef6cbe28e77a8d5638dc0cb9b082440e6d134b470ba4e458	1
ipc_app/tuya_ipc/tuya_sdk_c302b_5_x_sdk/include/ipc_httpc.h	2941	99	2be837016d8282632df84456dd804382a13323d5a2c361014e0280f25930bebc	1
ipc_app/tuya_ipc/tuya_sdk_c302b_5_x_sdk/include/json_rpc.h	4795	187	17b69e9e3376b078e1f8f49a94e3795b00168b291c998223ef453f33c228323e	1
ipc_app/tuya_ipc/tuya_sdk_c302b_5_x_sdk/include/lan_protocol.h	3757	151	104e07bc0924fdad06162386affd928aa4df6e5db6d97764a9b39fa5cb9d7885	1
ipc_app/tuya_ipc/tuya_sdk_c302b_5_x_sdk/include/lan_rpc.h	4752	196	a28b8b945c627a60b490639c160265f111b3914a7b8d66e9e9f1b2ebc0d75de8	1
ipc_app/tuya_ipc/tuya_sdk_c302b_5_x_sdk/include/log_seq.h	5672	175	5fbe59a439fad675f2931c14906245ec3a1a4adaa8701a38696250b0a74a17b0	1
ipc_app/tuya_ipc/tuya_sdk_c302b_5_x_sdk/include/log_seq_http.h	2810	51	8cf13f655b8a71bf0f6212291bd35c2d99f7635e968b9292c746df2213a7d712	1
ipc_app/tuya_ipc/tuya_sdk_c302b_5_x_sdk/include/log_seq_mqtt.h	2578	57	3571bfa4b3b3c129a6a65d8703385fb4d8d5ea7c1ffaff28a38a3ce86bfe96e6	1
ipc_app/tuya_ipc/tuya_sdk_c302b_5_x_sdk/include/log_seq_netcfg.h	1486	39	c20354fbc55197636895d27d69a07088ed325a675f671cec9045f641ebcb505d	1
ipc_app/tuya_ipc/tuya_sdk_c302b_5_x_sdk/include/log_seq_timer_task.h	2451	46	b46f9a8327a8be5877df93a631271ed496c398b2390c0ddc14fee1aa81dfb976	1
ipc_app/tuya_ipc/tuya_sdk_c302b_5_x_sdk/include/mbedtls/aes.h	29438	674	983f414f97e5323188509c49e1cab50e061dba28bad9ae9919c3db1740fbef47	1
ipc_app/tuya_ipc/tuya_sdk_c302b_5_x_sdk/include/mbedtls/aes_alt.h	285	25	f4ee1aa0b9d03ff66b001c22f0a13214c77b6ef24c0566e68fbf97de89318184	1
ipc_app/tuya_ipc/tuya_sdk_c302b_5_x_sdk/include/mbedtls/aesni.h	4563	138	e89294867d2cfada004819f1922792836eba06645de42fb81ff961733f79b993	1
ipc_app/tuya_ipc/tuya_sdk_c302b_5_x_sdk/include/mbedtls/arc4.h	4129	146	87b2f54021f71e728352de6fb1facc9a954e35fcbf42c9995a359e94a52910e6	1
ipc_app/tuya_ipc/tuya_sdk_c302b_5_x_sdk/include/mbedtls/aria.h	16314	370	62a14f9896ac20f83252910aa02571f5f8a99d4ced385dbeeda34d79e1bf2c71	1
ipc_app/tuya_ipc/tuya_sdk_c302b_5_x_sdk/include/mbedtls/asn1.h	12232	358	1de3e2901d12396764d8edb984893eaf0f573cfe47f8b50beae3cf39a5b2654b	1
ipc_app/tuya_ipc/tuya_sdk_c302b_5_x_sdk/include/mbedtls/asn1write.h	13450	329	7301e721ace4ef944a69fe032ee25327ce06f78e865826af53723b6748e8fe3a	1
ipc_app/tuya_ipc/tuya_sdk_c302b_5_x_sdk/include/mbedtls/base64.h	3298	98	bf2d2c97254cd8fef66c4098029ba84ac8ca1bb1db7fb6e9d1e478aa92a148ba	1
ipc_app/tuya_ipc/tuya_sdk_c302b_5_x_sdk/include/mbedtls/bignum.h	40645	966	b37647684c7785c236438b63352c8abc431d68ced51988357233bcbdd3ac2d47	1
ipc_app/tuya_ipc/tuya_sdk_c302b_5_x_sdk/include/mbedtls/blowfish.h	12561	287	cfb03cf458a1b1be6b7fdf3fb471dd9f9d608712c456e27c9672a915a82c2728	1
ipc_app/tuya_ipc/tuya_sdk_c302b_5_x_sdk/include/mbedtls/bn_mul.h	36136	915	7b913a958ac76ab277759574d25cdf91075a3f9fe6e7628c610748a5d2071817	1
ipc_app/tuya_ipc/tuya_sdk_c302b_5_x_sdk/include/mbedtls/camellia.h	14090	326	d3fa98000180edf5f6482a25e088f5fe40fb1188c677a19c1d6651226c72d4ad	1
ipc_app/tuya_ipc/tuya_sdk_c302b_5_x_sdk/include/mbedtls/ccm.h	14060	310	f6054030aadd641e0aff5f0d8b9be326dd66ac39f25de0f80312499056934c11	1
ipc_app/tuya_ipc/tuya_sdk_c302b_5_x_sdk/include/mbedtls/certs.h	9405	252	aa7281ddf2887a4edc01883c5a8ee5cd9aaf830fabf7e05f9e64937a19732c72	1
ipc_app/tuya_ipc/tuya_sdk_c302b_5_x_sdk/include/mbedtls/chacha20.h	8816	226	1dceb8b451d3b5a380d84cc4fc8627e70cb09782b30f3245725bb671d48a147b	1
ipc_app/tuya_ipc/tuya_sdk_c302b_5_x_sdk/include/mbedtls/chachapoly.h	16194	358	21ae0895c196fe66f9b10ee0f2bbb89cc37398ca55ac42f4054ea62788eb92ef	1
ipc_app/tuya_ipc/tuya_sdk_c302b_5_x_sdk/include/mbedtls/check_config.h	27600	702	41978b7f48f78b36e983b3ec7e4dd6d60a3d94483dda4d7900844f5ac46756c9	1
ipc_app/tuya_ipc/tuya_sdk_c302b_5_x_sdk/include/mbedtls/cipher.h	39243	872	87072a82bcbea119279ec25fb535fa1db1d2e4888be6ab5b0dd14bfcb0f3ce55	1
ipc_app/tuya_ipc/tuya_sdk_c302b_5_x_sdk/include/mbedtls/cipher_internal.h	3829	125	aaa7c0786798a86474f719d073a940653e61734f0d136a4603321bf41290b0d8	1
ipc_app/tuya_ipc/tuya_sdk_c302b_5_x_sdk/include/mbedtls/cmac.h	7994	213	6b5b2adce10bdda600d2bc63545d8aef35e93e23c4b95951f8e01389dfdbcffe	1
ipc_app/tuya_ipc/tuya_sdk_c302b_5_x_sdk/include/mbedtls/compat-1.3.h	129770	2531	560336a241e8e8d51c43f1478e791784b388dbcdcb73346364ba8a289db93e9b	1
ipc_app/tuya_ipc/tuya_sdk_c302b_5_x_sdk/include/mbedtls/config.h	2248	79	cef338caace4f44f87194f4da2364e2d914f37e04f5fc15dee345cf3f319d191	1
ipc_app/tuya_ipc/tuya_sdk_c302b_5_x_sdk/include/mbedtls/ctr_drbg.h	14260	380	6d6cf411dba523412bb38b549ffe615321b6bdfe562fcf8b4ceaaf4d03a171ca	1
ipc_app/tuya_ipc/tuya_sdk_c302b_5_x_sdk/include/mbedtls/debug.h	10154	265	6b2cfab54ff48fbe39127efec01ac0b75820b11ab96c8341675fe2007659522c	1
ipc_app/tuya_ipc/tuya_sdk_c302b_5_x_sdk/include/mbedtls/des.h	11361	356	196dbbf13890b4040dcb2a8b2b2374c038c0504eb3dec9139d08514ff5a44324	1
ipc_app/tuya_ipc/tuya_sdk_c302b_5_x_sdk/include/mbedtls/dhm.h	54771	1096	23bd808aa77fecf1ad0dc61d4be05565c531a0a7fa37aaae8324b2b9b5a92fad	1
ipc_app/tuya_ipc/tuya_sdk_c302b_5_x_sdk/include/mbedtls/ecdh.h	18538	440	583e760d46455e3c7c4f32d5085f3374e2bcf75bf3a105413f2dc70255c27a42	1
ipc_app/tuya_ipc/tuya_sdk_c302b_5_x_sdk/include/mbedtls/ecdsa.h	24837	545	217df95a35e3deda341748049a1850cc93d354cdfc7ac193bc774eefdd5deb7e	1
ipc_app/tuya_ipc/tuya_sdk_c302b_5_x_sdk/include/mbedtls/ecjpake.h	11328	277	d95744cbc277598e10299016d1d7cad346962b33c1f32f541021e461b4c395f4	1
ipc_app/tuya_ipc/tuya_sdk_c302b_5_x_sdk/include/mbedtls/ecp.h	50692	1132	d3bef8ad124eacefab8ddf61ff826155fd7eef9170da0b40425da5e4ff91ecdb	1
ipc_app/tuya_ipc/tuya_sdk_c302b_5_x_sdk/include/mbedtls/ecp_internal.h	10633	299	84e94fa8d757ad8e3b7d9453aab635f28396b78134b1b10305c5ee425f52c855	1
ipc_app/tuya_ipc/tuya_sdk_c302b_5_x_sdk/include/mbedtls/entropy.h	9701	289	377d60374c275105b8c33362b26c5405eabe868f5e14ad0c3596b2ed7b023e69	1
ipc_app/tuya_ipc/tuya_sdk_c302b_5_x_sdk/include/mbedtls/entropy_poll.h	3308	110	e1b77dd92b244e09064923aae8f31fdd334b158a3c15b0df5bdcabe3a9fce3d9	1
ipc_app/tuya_ipc/tuya_sdk_c302b_5_x_sdk/include/mbedtls/error.h	4051	129	e945998991d14775c81b4a063bdffda418d87e5707b7de1245abaf04cce17689	1
ipc_app/tuya_ipc/tuya_sdk_c302b_5_x_sdk/include/mbedtls/gcm.h	13916	326	d581d70ed13b3f6d4d44be682d7d05522957eabce7ebdd407ff35e8a732f2bc2	1
ipc_app/tuya_ipc/tuya_sdk_c302b_5_x_sdk/include/mbedtls/havege.h	1900	81	3752dc40dffb17b92ff2917838a4e8b973d95654892422be234f6b0f5779e424	1
ipc_app/tuya_ipc/tuya_sdk_c302b_5_x_sdk/include/mbedtls/hkdf.h	5894	141	ee4738accecd52b8ad0efeb0c3ccb651cbf7d44cb5720af583213cab25d8f2e0	1
ipc_app/tuya_ipc/tuya_sdk_c302b_5_x_sdk/include/mbedtls/hmac_drbg.h	12231	334	41b320f8c8f5f5e0d836af953bbe9cfdc7ebdca622714e0e633f4e1cd865c6b6	1
ipc_app/tuya_ipc/tuya_sdk_c302b_5_x_sdk/include/mbedtls/md.h	18040	468	013d571eda06d5892094a2f343c2e6ec1328dcbe56a4027b51b7aa4f2f672457	1
ipc_app/tuya_ipc/tuya_sdk_c302b_5_x_sdk/include/mbedtls/md2.h	9297	306	52172a6e62193f32b266b42765f4816fda39ee17c163bfde1ff12c338654c03b	1
ipc_app/tuya_ipc/tuya_sdk_c302b_5_x_sdk/include/mbedtls/md4.h	9528	311	e1c65ca2154866241c56ea0862c901dbcbdeda1b07e55c0bc997da67b9e64500	1
ipc_app/tuya_ipc/tuya_sdk_c302b_5_x_sdk/include/mbedtls/md5.h	9534	311	ec3804391e062232dd6d517cd84c279aa6fc8596678767a686b6e1c63edcac6e	1
ipc_app/tuya_ipc/tuya_sdk_c302b_5_x_sdk/include/mbedtls/md_internal.h	3083	115	40f2ad9b420c61c093ee975ad5585703c9f077a194847facf58ab125fff0c889	1
ipc_app/tuya_ipc/tuya_sdk_c302b_5_x_sdk/include/mbedtls/memory_buffer_alloc.h	5140	151	cf6ec674bcb187bcdeb8e66efeeae783634ccf9663d6362224cc07341c788c1c	1
ipc_app/tuya_ipc/tuya_sdk_c302b_5_x_sdk/include/mbedtls/net.h	1228	37	61663663d87387ff208c521a74d12e2a7fbdab6ee94a94d0a3702f15dda3801c	1
ipc_app/tuya_ipc/tuya_sdk_c302b_5_x_sdk/include/mbedtls/net_sockets.h	10901	271	1876b5a4328f662e2a65a1f02f8fb6199628360e5fdd4f5e8bdec902f3419872	1
ipc_app/tuya_ipc/tuya_sdk_c302b_5_x_sdk/include/mbedtls/nist_kw.h	7639	184	6d0cae7531f709cffeaf11c8214178eb55fdbf7dd38232a1a70a5b3143a26075	1
ipc_app/tuya_ipc/tuya_sdk_c302b_5_x_sdk/include/mbedtls/oid.h	32100	605	25fbe809d3f5750f31e3e33691a8b09d58a2f970ca80c8f5a25c266344dfc429	1
ipc_app/tuya_ipc/tuya_sdk_c302b_5_x_sdk/include/mbedtls/padlock.h	3876	126	46fca610e7f534ba12873d66fc01256719ec7c7d4b02700951fc70a8784c3a67	1
ipc_app/tuya_ipc/tuya_sdk_c302b_5_x_sdk/include/mbedtls/pem.h	5032	136	96e463a11e87b34f4de0aa8a3e59549cd072c1b9ceeced67c553c67a390352cb	1
ipc_app/tuya_ipc/tuya_sdk_c302b_5_x_sdk/include/mbedtls/pk.h	28837	747	5781003304166d2765b5853a18fbc87410b17da2ee342517ac476d38788b3af0	1
ipc_app/tuya_ipc/tuya_sdk_c302b_5_x_sdk/include/mbedtls/pk_internal.h	4592	138	4a3be081a1a59ee9987bc869b6b262f13148ad8b9da96ade76fa07d223b72506	1
ipc_app/tuya_ipc/tuya_sdk_c302b_5_x_sdk/include/mbedtls/pkcs11.h	5640	175	16b650638120b4a732257a2a46c0ed666f1a53fdc643c201a324a08539015005	1
ipc_app/tuya_ipc/tuya_sdk_c302b_5_x_sdk/include/mbedtls/pkcs12.h	5186	130	4134aff453fe166011f01816580267f7cf9021a90e10dd309c6c72ced164efb0	1
ipc_app/tuya_ipc/tuya_sdk_c302b_5_x_sdk/include/mbedtls/pkcs5.h	3521	109	89ff27fdbe3fade722719f00f99a8616fcdcada6db01430cc044394acd027a87	1
ipc_app/tuya_ipc/tuya_sdk_c302b_5_x_sdk/include/mbedtls/platform.h	12818	367	535631375b86ebe52d60f7162b2a8bbe75bfd8ce377d8a8c6558bd641e920c2f	1
ipc_app/tuya_ipc/tuya_sdk_c302b_5_x_sdk/include/mbedtls/platform_time.h	2122	82	551d9aa3782cbe2142ba11f483f39c82596d1f14a941d181345d66bd9f1c10b2	1
ipc_app/tuya_ipc/tuya_sdk_c302b_5_x_sdk/include/mbedtls/platform_util.h	7436	185	5836ec658049b432aa79d6a622efd8d1255b56fb7684152e7047c30f038fe87d	1
ipc_app/tuya_ipc/tuya_sdk_c302b_5_x_sdk/include/mbedtls/poly1305.h	7051	192	ced871bc9402aa6a6a3aab9d6ef9185d58f4faf2ed641e7671ddd2ced1f7df88	1
ipc_app/tuya_ipc/tuya_sdk_c302b_5_x_sdk/include/mbedtls/ripemd160.h	6966	237	8d244288045f55435e4016dcec854b3b96133de0688b97ea5555ce0f6b272266	1
ipc_app/tuya_ipc/tuya_sdk_c302b_5_x_sdk/include/mbedtls/rsa.h	64358	1271	68ad45ffc1366710bfc3887d001a5ab19806821e9791645e870cd5410362a713	1
ipc_app/tuya_ipc/tuya_sdk_c302b_5_x_sdk/include/mbedtls/rsa_internal.h	9001	226	2b2f8229f76f319ee9105d03bc5c9ba9da596eb57e374fb83f7cc932f230f087	1
ipc_app/tuya_ipc/tuya_sdk_c302b_5_x_sdk/include/mbedtls/sha1.h	12882	352	8f7f5cd9d4f8790c59b4768c5d18104b8acd7f850b6077fb153390ed2bac5617	1
ipc_app/tuya_ipc/tuya_sdk_c302b_5_x_sdk/include/mbedtls/sha256.h	11082	297	9487dd34935a483a52a9f2b781b8c63a3f477618aa3d8c76ac6d3d6cea9bd09b	1
ipc_app/tuya_ipc/tuya_sdk_c302b_5_x_sdk/include/mbedtls/sha512.h	11231	300	39d7989b4be27dce0183e47820113f2cd183fc1238ac4c4d27c1d55f096c4403	1
ipc_app/tuya_ipc/tuya_sdk_c302b_5_x_sdk/include/mbedtls/ssl.h	159204	3448	ebacbb738910f9074bdf4856c5d5abee7fdf930b2ce8737c5d9a92052b3dc19b	1
ipc_app/tuya_ipc/tuya_sdk_c302b_5_x_sdk/include/mbedtls/ssl_cache.h	4291	150	048f660f70f8cbfcdaab140180bdac3f1f72e6153ecc12a8867de9389d5da5d4	1
ipc_app/tuya_ipc/tuya_sdk_c302b_5_x_sdk/include/mbedtls/ssl_ciphersuites.h	26037	540	f4bab53796aa443ed5048fae1d3351e05d5492b9255abd492b1521bdea41e63f	1
ipc_app/tuya_ipc/tuya_sdk_c302b_5_x_sdk/include/mbedtls/ssl_cookie.h	3272	115	80cc1811e01301e3ae010e186a0a4d0272a941bfc269ce85b172d913d005618a	1
ipc_app/tuya_ipc/tuya_sdk_c302b_5_x_sdk/include/mbedtls/ssl_internal.h	30959	786	4e560d017f227027aa24f51dc2337048bff730e6c1762cf9a0d6b55b088fb839	1
ipc_app/tuya_ipc/tuya_sdk_c302b_5_x_sdk/include/mbedtls/ssl_ticket.h	4426	142	e8411f87c83ded66184e4d4fef6812c0e930d1512cdee0426e7553acb03aa38c	1
ipc_app/tuya_ipc/tuya_sdk_c302b_5_x_sdk/include/mbedtls/threading.h	4460	122	696ea6ca05c60daf4c55403be67c4f6c5f3263eeda9033f72b76a99194f88a99	1
ipc_app/tuya_ipc/tuya_sdk_c302b_5_x_sdk/include/mbedtls/timing.h	4698	153	64c2b3b1d9c788530eea5377ba1aa4ecb795623be51257c036145249097643ba	1
ipc_app/tuya_ipc/tuya_sdk_c302b_5_x_sdk/include/mbedtls/version.h	3391	112	dcd3cafe0bed96ab2cee4de76780f43942851f7a8743427cdafb7b80c884b283	1
ipc_app/tuya_ipc/tuya_sdk_c302b_5_x_sdk/include/mbedtls/x509.h	15438	337	72ce7703f99a0da13e665ba75bfeb8efc5ea3dfc1783f649a66a31cb569d03ee	1
ipc_app/tuya_ipc/tuya_sdk_c302b_5_x_sdk/include/mbedtls/x509_crl.h	5312	174	c218c7b3b9a183ad8452eccc6c4cf565179a92471faa0907afe051f2e8667e57	1
ipc_app/tuya_ipc/tuya_sdk_c302b_5_x_sdk/include/mbedtls/x509_crt.h	31532	785	9b90126a74cd37cea0c1c2f4ef5f90f0ec2f524e73ee502f2f7b76e191d755af	1
ipc_app/tuya_ipc/tuya_sdk_c302b_5_x_sdk/include/mbedtls/x509_csr.h	10454	307	a2b104141e20dc41a60eadff453764d7fe2353480041648a16ac7720622b0272	1
ipc_app/tuya_ipc/tuya_sdk_c302b_5_x_sdk/include/mbedtls/xtea.h	3687	139	c0675e4ce88fdd328991971d6650d6142612b8e2048c41038c276d3f28483ec9	1
ipc_app/tuya_ipc/tuya_sdk_c302b_5_x_sdk/include/mem_pool.h	6305	227	3a90150ae18a1f09dc07650bb5760344412c3b51c0cdaea31fd4b21898582c54	1
ipc_app/tuya_ipc/tuya_sdk_c302b_5_x_sdk/include/mf_test.h	4922	214	b41ec8942948d145731d36827e44d8678602d0297609edcfd199037181cdd9ad	1
ipc_app/tuya_ipc/tuya_sdk_c302b_5_x_sdk/include/mix_method.h	3266	124	6a4572a3c0be9ba2efe23e8a9f5a80e0d32128c661789de2c3047ad6913207b6	1
ipc_app/tuya_ipc/tuya_sdk_c302b_5_x_sdk/include/mqc_app.h	16844	476	ebea684b8c8615cdd3ed3684bc04a69538c03457ae10b733c27f881dc4d4b8b7	1
ipc_app/tuya_ipc/tuya_sdk_c302b_5_x_sdk/include/mqtt_client.h	9908	305	c9cd134df7a296d842a7fe02e782ac5dc3704c85d23acece8803f79defa7fd87	1
ipc_app/tuya_ipc/tuya_sdk_c302b_5_x_sdk/include/netcfg_module.h	8135	309	733db2f771621e2a78be1b6d4f38074e9fed80c66a9c13aede6494e7a701bc83	1
ipc_app/tuya_ipc/tuya_sdk_c302b_5_x_sdk/include/netif/bridgeif.h	5286	127	117fd9fc361fffb0a9eb35b2f4114c90039e09c90366fa2399428184e7211ea1	1
ipc_app/tuya_ipc/tuya_sdk_c302b_5_x_sdk/include/netif/bridgeif_opts.h	3546	90	ed95dc1ff51c74b57267ac619351df8bebf534f4cbb24bc5c416ccd924523491	1
ipc_app/tuya_ipc/tuya_sdk_c302b_5_x_sdk/include/netif/etharp.h	140	3	598f51cc6d1009880bd27d80d5c41ac0a64685b60bd5faff4677515317a8b015	1
ipc_app/tuya_ipc/tuya_sdk_c302b_5_x_sdk/include/netif/ethernet.h	2966	77	6c45b4855110f01cfb8a449ce195caaffa58652db918689d914e79246cbcae69	1
ipc_app/tuya_ipc/tuya_sdk_c302b_5_x_sdk/include/netif/ieee802154.h	5450	112	e90c1cc2b269a265c2f2320d8e1f062cb2fd1a0da072fb915b52e960e2056b5d	1
ipc_app/tuya_ipc/tuya_sdk_c302b_5_x_sdk/include/netif/lowpan6.h	3010	89	ed5b3401c22e18fd6e23e246b949568c62d8c28d00464e7a4e1f97ff97147f62	1
ipc_app/tuya_ipc/tuya_sdk_c302b_5_x_sdk/include/netif/lowpan6_ble.h	3192	78	9e2a7bbce1df7f0bae1639be59d6fe9ddd356603d9f6b2660f4289debea6e76a	1
ipc_app/tuya_ipc/tuya_sdk_c302b_5_x_sdk/include/netif/lowpan6_common.h	3194	82	e3d550248cbbc87e330f59c41ec6b612320242e6a4329820caf931accca6f80d	1
ipc_app/tuya_ipc/tuya_sdk_c302b_5_x_sdk/include/netif/lowpan6_opts.h	4389	122	a8cd5130120be7367f07faf9ea57681a34e49e01695fb5da73e232f705dcce0a	1
ipc_app/tuya_ipc/tuya_sdk_c302b_5_x_sdk/include/netif/ppp/ccp.h	5126	164	9629b99d93e3c7260c88675cc7351441178d5f336e5ba5b971d9d10243a20372	1
ipc_app/tuya_ipc/tuya_sdk_c302b_5_x_sdk/include/netif/ppp/chap-md5.h	1508	36	8bdeecfa0224223dabab2b8e6a5c04651eed5e6c80b979cc7b47f0e44ec2f99f	1
ipc_app/tuya_ipc/tuya_sdk_c302b_5_x_sdk/include/netif/ppp/chap-new.h	6386	200	f40a75b954e8479fd2696d187107b3a71ee9e6d2756fc73e979049da7b28d200	1
ipc_app/tuya_ipc/tuya_sdk_c302b_5_x_sdk/include/netif/ppp/chap_ms.h	1782	44	cb2eb95fe76e739049b3a2f3dcd041f1e9f348477d2388724959cf2885de728a	1
ipc_app/tuya_ipc/tuya_sdk_c302b_5_x_sdk/include/netif/ppp/eap.h	5741	169	f37bad779511372f8b398df2e459b081e13b761332e33f66bd09b7ee0c42f305	1
ipc_app/tuya_ipc/tuya_sdk_c302b_5_x_sdk/include/netif/ppp/ecp.h	2060	62	64f48a5301b09437df9d9270d59c1140cf32166b274e582f510aeff405d2222b	1
ipc_app/tuya_ipc/tuya_sdk_c302b_5_x_sdk/include/netif/ppp/eui64.h	3154	102	a7715aa16680379dfc62703112da1ca345e3bd219c1079ed2c0956f570c92070	1
ipc_app/tuya_ipc/tuya_sdk_c302b_5_x_sdk/include/netif/ppp/fsm.h	6567	182	3ee20821e270bee0ec4c807a03dc7fc0c395110122142310426d229a6735277a	1
ipc_app/tuya_ipc/tuya_sdk_c302b_5_x_sdk/include/netif/ppp/ipcp.h	5216	134	9100fe618f34fc2b9c31f462a36bdab00bdee3ab9bc0b1caba0a6f544b7eaa0e	1
ipc_app/tuya_ipc/tuya_sdk_c302b_5_x_sdk/include/netif/ppp/ipv6cp.h	7840	191	90a2b6e529467b24fb8b5c41cea5d20af5568ff535a6d40e6febd0a0918fee3d	1
ipc_app/tuya_ipc/tuya_sdk_c302b_5_x_sdk/include/netif/ppp/lcp.h	6989	179	bea16cac731fb7f0199269e30bbce0c896b2b680c966cef77b0ef6a27112d14f	1
ipc_app/tuya_ipc/tuya_sdk_c302b_5_x_sdk/include/netif/ppp/magic.h	4989	130	beb0d8c439f39d60af91429b6dd57b385860204b16910c653edd91df43986565	1
ipc_app/tuya_ipc/tuya_sdk_c302b_5_x_sdk/include/netif/ppp/mppe.h	6439	181	0dec116fbded31193275e5abc99d767278fe4dab35a25e2d77d71c9d9d035a0b	1
ipc_app/tuya_ipc/tuya_sdk_c302b_5_x_sdk/include/netif/ppp/polarssl/arc4.h	2857	81	0404bdb5bfa7b1ec28ccd1d62f2bce38b980c49659abca75f10779cbdd6ebd9a	1
ipc_app/tuya_ipc/tuya_sdk_c302b_5_x_sdk/include/netif/ppp/polarssl/des.h	3126	92	deb872305c3e0e097ac508706b6d158d8409c5075f0520620577e442b1f9db56	1
ipc_app/tuya_ipc/tuya_sdk_c302b_5_x_sdk/include/netif/ppp/polarssl/md4.h	3229	97	5c1fc263e83327de7bcc897287efde528f0f4bb786dafe31ae2ec5b454d0aac4	1
ipc_app/tuya_ipc/tuya_sdk_c302b_5_x_sdk/include/netif/ppp/polarssl/md5.h	3227	96	c8eca46bcdcb4745d5dcfdb6d73bf4efe9f74bd567abee46bf0217297133995b	1
ipc_app/tuya_ipc/tuya_sdk_c302b_5_x_sdk/include/netif/ppp/polarssl/sha1.h	3259	96	2800e8b2bdb15cfaaf3c2afeef947cec10b2ba78b7fced3fc5371b7b8c2311a8	1
ipc_app/tuya_ipc/tuya_sdk_c302b_5_x_sdk/include/netif/ppp/ppp.h	25648	698	3cea7154b66723c50abe749bda12821e0a95113dc23da08a13a95b603d1cc309	1
ipc_app/tuya_ipc/tuya_sdk_c302b_5_x_sdk/include/netif/ppp/ppp_impl.h	25615	722	c80ed8b4954bf86fd010253422086abe352ce35e52c556dfdd1056ef32e2271a	1
ipc_app/tuya_ipc/tuya_sdk_c302b_5_x_sdk/include/netif/ppp/ppp_opts.h	15960	610	62828d16862665bb58bd8f18816bc19fbeb57519cc184dd13dc498a338a36d7e	1
ipc_app/tuya_ipc/tuya_sdk_c302b_5_x_sdk/include/netif/ppp/pppapi.h	4584	137	63e8e37916f98c91fc8dd20460728fb571525e2310410c323810929f408746c8	1
ipc_app/tuya_ipc/tuya_sdk_c302b_5_x_sdk/include/netif/ppp/pppcrypt.h	4781	144	30b8d0e40bd366992a27800cb5139f5e116d7f346ae003cf945aac842d0a19db	1
ipc_app/tuya_ipc/tuya_sdk_c302b_5_x_sdk/include/netif/ppp/pppdebug.h	3317	88	8e1a9f01928b9c44ae283a2ae673fb80274c87edd471f8ec250bab8143722764	1
ipc_app/tuya_ipc/tuya_sdk_c302b_5_x_sdk/include/netif/ppp/pppoe.h	7585	187	97cc0a75fa633ccb9bf9765970fc3428b0c8099abb78228452756264c039d7d1	1
ipc_app/tuya_ipc/tuya_sdk_c302b_5_x_sdk/include/netif/ppp/pppol2tp.h	9073	209	e589e31b31bb3c8948e52f3a271ea72db8f56e5c24fb1a6ea1ca7e1c98c7c885	1
ipc_app/tuya_ipc/tuya_sdk_c302b_5_x_sdk/include/netif/ppp/pppos.h	4695	126	49e4472c077ae8f8b95a74d650f24567ad06a90e747b30c0ce0b4d9943764d4b	1
ipc_app/tuya_ipc/tuya_sdk_c302b_5_x_sdk/include/netif/ppp/upap.h	4270	131	52957fc1be26b98088b0cab3435772af73de1277b3b94f5099cbd529ae4a151b	1
ipc_app/tuya_ipc/tuya_sdk_c302b_5_x_sdk/include/netif/ppp/vj.h	6527	169	c9fbf250bf8ddc996a23f9d5c4556ba6e94dda9d228d1c691f50424095ef19a2	1
ipc_app/tuya_ipc/tuya_sdk_c302b_5_x_sdk/include/netif/slipif.h	3180	87	f9ec40aaca9ab54c04c8e70e8e50d689f22f762cbd57e4e09e5ec1f9fccaed6d	1
ipc_app/tuya_ipc/tuya_sdk_c302b_5_x_sdk/include/netif/zepif.h	2940	81	2f77f06432565dc13598c3717936d54dd7ebfd8cf66f52920d351dbe7544f4a7	1
ipc_app/tuya_ipc/tuya_sdk_c302b_5_x_sdk/include/openssl_encrypt.h	1927	55	1c5f91f1a32c582427ba9810258f48ba87cd4e02711a19201107528b4b9993f0	1
ipc_app/tuya_ipc/tuya_sdk_c302b_5_x_sdk/include/pegasus_frame.h	4172	97	ce5d07a3a144eacc5747a7ef43131a1c14dffcdda0cd96de6dee6ca346126d8e	1
ipc_app/tuya_ipc/tuya_sdk_c302b_5_x_sdk/include/pegasus_netcfg.h	90	6	a03d58256101b4e19ff3a90740dc841f220b34f46b3c037ffce8371af503e91d	1
ipc_app/tuya_ipc/tuya_sdk_c302b_5_x_sdk/include/prod_test.h	2157	60	03e7ec2729edacf3c67051caaa99f121ec962ac8bbae7606f39af3696af4f0a4	1
ipc_app/tuya_ipc/tuya_sdk_c302b_5_x_sdk/include/rpc_udp.h	3466	136	3d20b0e76172e4d167262e99c40e7b520f2b61defe7d3348846fbb32b0b09e1e	1
ipc_app/tuya_ipc/tuya_sdk_c302b_5_x_sdk/include/rtp/tuya_ipc_aac_rtp.h	3746	113	878c957b58b4c02de779081dccfce4919ce2f05d01fafc471f878b3f4feed1fe	1
ipc_app/tuya_ipc/tuya_sdk_c302b_5_x_sdk/include/rtp/tuya_ipc_g711_rtp.h	1022	41	45ff1e7abe5ab3a678c80f5817e9be9a4d9bf5d3ff3628516ae29b8f550aee81	1
ipc_app/tuya_ipc/tuya_sdk_c302b_5_x_sdk/include/rtp/tuya_ipc_h264_rtp.h	2840	93	da676456f0d230d1c35dbe8b134bfd8abe468e02f9bfd4e97b44de960b43ba18	1
ipc_app/tuya_ipc/tuya_sdk_c302b_5_x_sdk/include/rtp/tuya_ipc_rtp.h	3679	152	6bfeffc16d4ace856067eac180f858030eb9cc73f537aec45ac192ed8bb56f84	1
ipc_app/tuya_ipc/tuya_sdk_c302b_5_x_sdk/include/sdk_version.h	4040	137	0d22b88023591448338d3fdf31392dcca8500fb1952002522193152beab1c47a	1
ipc_app/tuya_ipc/tuya_sdk_c302b_5_x_sdk/include/smart_frame.h	10033	346	424c858531ef1bd117e567436001cdf56720a6cd34db501dbfd118f15efde9d9	1
ipc_app/tuya_ipc/tuya_sdk_c302b_5_x_sdk/include/srtp.h	71571	1759	b3599905264c9d333e34e42204ab9d2f75eaca14b6395c40bf0e946fd1addf63	1
ipc_app/tuya_ipc/tuya_sdk_c302b_5_x_sdk/include/storage_service.h	551	16	789e1fbbbbd11691498d7467e9a370392fd0473ee55257c0ef2f15d4dae7eaa4	1
ipc_app/tuya_ipc/tuya_sdk_c302b_5_x_sdk/include/svc_pegasus.h	3962	97	49bbbb5ce62712d220778c2738593eca7d2fc362b0f6a7d6d74fe752e14aa78b	1
ipc_app/tuya_ipc/tuya_sdk_c302b_5_x_sdk/include/sys_timer.h	3838	167	5dcd533f9b7b62728fe33437634c7f0a0fe3d8495a7ce931fa9c58e3d32ee38a	1
ipc_app/tuya_ipc/tuya_sdk_c302b_5_x_sdk/include/thing_config.h	530	21	bc9da056a3f53e527c07d9bd4046a817df0628537486e2d12197471b0369dc24	1
ipc_app/tuya_ipc/tuya_sdk_c302b_5_x_sdk/include/tlink_bc.h	2488	75	2ff471bb15e77b985da1acfaad663da55ffba948a28c1db1626eaf6214fe955c	1
ipc_app/tuya_ipc/tuya_sdk_c302b_5_x_sdk/include/tstool/ac3_fns.h	1687	59	78ac87fbc0966ee1dc3c0981e3493e09a5387cbf8ba7dc21e2a03a20c3a70251	1
ipc_app/tuya_ipc/tuya_sdk_c302b_5_x_sdk/include/tstool/accessunit_defns.h	5885	138	85215b4643d024e58bb7a6db9ff4dcb1a0f3d184939585164b39f512fb404ea4	1
ipc_app/tuya_ipc/tuya_sdk_c302b_5_x_sdk/include/tstool/accessunit_fns.h	11949	305	eb97c16fb7d5515250576058546279e3cc205033f7466e834d1999133ab5013e	1
ipc_app/tuya_ipc/tuya_sdk_c302b_5_x_sdk/include/tstool/adts_defns.h	1822	53	d74fb2da4827bde55048261f74d96fb96d053ae59f766c4344a8ec7230d8cb3d	1
ipc_app/tuya_ipc/tuya_sdk_c302b_5_x_sdk/include/tstool/adts_fns.h	2401	77	ad5ec271ef904066e1d56851bc455366713d4416c3f4d420ea0a1fff431c7603	1
ipc_app/tuya_ipc/tuya_sdk_c302b_5_x_sdk/include/tstool/audio_defns.h	2239	69	f1365b767009baec712a962596672d973bcdbdb756ba4089d379fcce0d5ce498	1
ipc_app/tuya_ipc/tuya_sdk_c302b_5_x_sdk/include/tstool/audio_fns.h	2234	73	bb2f044986171a1816e6f61b6c0e028d7434fc3f1bde8fa305382a793649765c	1
ipc_app/tuya_ipc/tuya_sdk_c302b_5_x_sdk/include/tstool/avs_defns.h	5429	139	31445eb4e27a3f15da2bf28031ad48bee99f192bc05523f44819c2051c886fde	1
ipc_app/tuya_ipc/tuya_sdk_c302b_5_x_sdk/include/tstool/avs_fns.h	7041	203	7d32ccd3d90a68da0e248ef3a09745c06c2d2fdf9588436e882eeb20ccece2d9	1
ipc_app/tuya_ipc/tuya_sdk_c302b_5_x_sdk/include/tstool/bitdata_defns.h	1574	54	baaf0ddc96b0881a31a261bf7b131747d5fe28ef3c230885a189794be86d4891	1
ipc_app/tuya_ipc/tuya_sdk_c302b_5_x_sdk/include/tstool/bitdata_fns.h	3551	123	382a52ae60f35337b5a2fe2913ea5a2bf17ea839bff089c3cc6781fe066f376c	1
ipc_app/tuya_ipc/tuya_sdk_c302b_5_x_sdk/include/tstool/compat.h	5315	163	bc734422014d2e81baec32c5398724ab46a72ccf92c2e4f8245b16843f20724b	1
ipc_app/tuya_ipc/tuya_sdk_c302b_5_x_sdk/include/tstool/es_defns.h	5838	151	868e917155f7e0aea879ca2c82183be29de2bf946eea82f110d8d4eec8ec96f5	1
ipc_app/tuya_ipc/tuya_sdk_c302b_5_x_sdk/include/tstool/es_fns.h	14989	434	b6d0dbc7975a36149355e0bb132ba9cf25a90742a12e16b6828e78f937734095	1
ipc_app/tuya_ipc/tuya_sdk_c302b_5_x_sdk/include/tstool/ethernet.h	1984	80	8ecfe7f3b99da4740bf509934a2bd8f235ade5ae37476dc6c8d66c55e6a33cf2	1
ipc_app/tuya_ipc/tuya_sdk_c302b_5_x_sdk/include/tstool/filter_defns.h	4276	113	81a8db39a2f401cd852452085774fce3095443f15a458b64904c2ff71605254b	1
ipc_app/tuya_ipc/tuya_sdk_c302b_5_x_sdk/include/tstool/filter_fns.h	10762	269	6914d8a98c293499069ccc808c7e6a4f7bfc57d3b52c9763c35784b2ed44e074	1
ipc_app/tuya_ipc/tuya_sdk_c302b_5_x_sdk/include/tstool/fmtx.h	1966	65	679fb2c5d56099d593039bfbe3fcfe5c879a175ad7ca695df2e956cdb82a2ff4	1
ipc_app/tuya_ipc/tuya_sdk_c302b_5_x_sdk/include/tstool/h222_defns.h	9519	216	4919a703e55b69708b9f0c139395624e14c02930c07200cdd83f4fc7f3cf8eab	1
ipc_app/tuya_ipc/tuya_sdk_c302b_5_x_sdk/include/tstool/h222_fns.h	1401	45	88edadfd1e9d02802115ce942dab4184c0856971181ab84c93808bcb411658d3	1
ipc_app/tuya_ipc/tuya_sdk_c302b_5_x_sdk/include/tstool/h262_defns.h	11169	255	b9ea6982b684359b7f95f98f829061189b6741c3329fa62a6408fc10307df6a2	1
ipc_app/tuya_ipc/tuya_sdk_c302b_5_x_sdk/include/tstool/h262_fns.h	8734	242	b1e08f1b2007b90a17e0d6d8772a5643654c2747b640f22dc958fdca7c9e9b10	1
ipc_app/tuya_ipc/tuya_sdk_c302b_5_x_sdk/include/tstool/ipv4.h	2629	131	3912d1665d8c20b482d08b84f2a0f60969e1b21ea4967d4954d9d9c837eb7821	1
ipc_app/tuya_ipc/tuya_sdk_c302b_5_x_sdk/include/tstool/l2audio_fns.h	2173	72	f312ae41967f7c0c8d165bce76910cdd785bb63419503db87e215e869e8e07ac	1
ipc_app/tuya_ipc/tuya_sdk_c302b_5_x_sdk/include/tstool/misc_defns.h	2193	65	78ef7714e300218799295770f4adca17041a4f65e01e40d8424d3d5bf276c88a	1
ipc_app/tuya_ipc/tuya_sdk_c302b_5_x_sdk/include/tstool/misc_fns.h	16171	468	d5423c90c7ab4d2fdc04c7bc359830f5bb3746da526dfb34a395f1046c5a650e	1
ipc_app/tuya_ipc/tuya_sdk_c302b_5_x_sdk/include/tstool/nalunit_defns.h	9525	271	662e3df59c1d30d48d339388c1e004a48ef91ba4f69d27b03d3bc7df025cbe00	1
ipc_app/tuya_ipc/tuya_sdk_c302b_5_x_sdk/include/tstool/nalunit_fns.h	12153	353	4ad7506a0b5841859a14bc6ea1259e81cde1d53b6041e4210075f779f3a1ded8	1
ipc_app/tuya_ipc/tuya_sdk_c302b_5_x_sdk/include/tstool/pcap.h	3422	146	5f814975ca3dfd094f1d22c56cbad59f339a6503aaa00d1db30933f414ee461d	1
ipc_app/tuya_ipc/tuya_sdk_c302b_5_x_sdk/include/tstool/pes_defns.h	10441	235	b59884fffb55c84aabb76165a6c43e1d6b843a4917ff5f6cb7ff588b40dc0060	1
ipc_app/tuya_ipc/tuya_sdk_c302b_5_x_sdk/include/tstool/pes_fns.h	21316	553	f45028ec45211a7c4b1cf1f75bfe54f27d6d0695a459be5dc24d6ba19d94aa4c	1
ipc_app/tuya_ipc/tuya_sdk_c302b_5_x_sdk/include/tstool/pidint_defns.h	2975	94	eec19491446d4131a5dd7590c66a2063964a32ca57c423698cbeaaa411cca85c	1
ipc_app/tuya_ipc/tuya_sdk_c302b_5_x_sdk/include/tstool/pidint_fns.h	8252	247	f3ba6546aca69426d944f035ea2042c5e3b27da9b3cc04726599b2a19ca359b2	1
ipc_app/tuya_ipc/tuya_sdk_c302b_5_x_sdk/include/tstool/ps_defns.h	5587	144	7edd5d11afd4057fdc1ea37ee9fca43dabd61d08de2e5411875a380ea4e5f395	1
ipc_app/tuya_ipc/tuya_sdk_c302b_5_x_sdk/include/tstool/ps_fns.h	13753	358	d75d85f445a8aef37d8cb8fde51d43e84e0c012928da99749a147c61df40abd2	1
ipc_app/tuya_ipc/tuya_sdk_c302b_5_x_sdk/include/tstool/reverse_defns.h	5904	134	243533ea3b02779b7ccfc9ea606f93919dd2d730ed2642ddefc65d108fe1db37	1
ipc_app/tuya_ipc/tuya_sdk_c302b_5_x_sdk/include/tstool/reverse_fns.h	15463	340	58e95323ed2dbf4ca9a0dc6d0a49b33f32c41ba251d1ff26f25392a39e8ac9e2	1
ipc_app/tuya_ipc/tuya_sdk_c302b_5_x_sdk/include/tstool/ts_defns.h	2756	77	4d0959de286935db71a62316480fc1d3960a9b7cceb030bae3c1d65569cf2b47	1
ipc_app/tuya_ipc/tuya_sdk_c302b_5_x_sdk/include/tstool/ts_fns.h	33532	782	78d50212d5ab36116cceff21b6473f291ecbf92c9bc683b443301fed038ab34e	1
ipc_app/tuya_ipc/tuya_sdk_c302b_5_x_sdk/include/tstool/tswrite_defns.h	14080	343	3e0d852dfb8031d3fd9585b32b56e8149e548035cd1e67bda688945a314a8f0f	1
ipc_app/tuya_ipc/tuya_sdk_c302b_5_x_sdk/include/tstool/tswrite_fns.h	14345	352	52e52cb7a47336940cd11d76c1fbe4ea0503fd84ccd91a5079618f4fbbb00f4d	1
ipc_app/tuya_ipc/tuya_sdk_c302b_5_x_sdk/include/tstool/version.h	1505	48	72d9f7ac81f351d3719e0328d73956527abdde3a9328b0f9323b533e5f5e8d62	1
ipc_app/tuya_ipc/tuya_sdk_c302b_5_x_sdk/include/tstool/video_defns.h	1571	49	d4c62541c6676cc7c542831940a965d09bafc3e11d2363a24b2e3bc70777bd87	1
ipc_app/tuya_ipc/tuya_sdk_c302b_5_x_sdk/include/tuya_adc.h	2618	115	081e5c5b39bad18bd055a25995c9316656ab4ec72e8c5119efbd9f5091260091	1
ipc_app/tuya_ipc/tuya_sdk_c302b_5_x_sdk/include/tuya_base_utilities.h	771	46	678a2d27f3f094f671656c1546bb33c529123d87a9f86ff093ab286c365b0ce2	1
ipc_app/tuya_ipc/tuya_sdk_c302b_5_x_sdk/include/tuya_bt.h	6887	266	b206d91dd8b8347f72a6bb32efbbeeea252d772297d9caf771bae09ca9e988b6	1
ipc_app/tuya_ipc/tuya_sdk_c302b_5_x_sdk/include/tuya_cli.h	1374	72	a5b4ec0532d53e938a0bb7a924439cf16deab95bd04fce651f4c7295a826a26c	1
ipc_app/tuya_ipc/tuya_sdk_c302b_5_x_sdk/include/tuya_cloud_base_defs.h	1700	71	4543dcce5d7684eabe291ef7b18b384e9b7f2f2a62575afccd8bea33ee190ca6	1
ipc_app/tuya_ipc/tuya_sdk_c302b_5_x_sdk/include/tuya_cloud_com_defs.h	23863	836	3507f51904b3a497c2e8c0c2c95daf6e4c242f1bccdb9d42d78c8a85fa625357	1
ipc_app/tuya_ipc/tuya_sdk_c302b_5_x_sdk/include/tuya_cloud_error_code.h	10332	249	cf3558a1c36c615f790abfc3ef501cda7c1e5154f42584c1bda60ec6331c2fc1	1
ipc_app/tuya_ipc/tuya_sdk_c302b_5_x_sdk/include/tuya_cloud_types.h	3946	200	2c1c25d1863c04809a3f33f65d51b561196ed77e4b387af2ba359b8a8858eb36	1
ipc_app/tuya_ipc/tuya_sdk_c302b_5_x_sdk/include/tuya_cloud_wifi_defs.h	5449	133	d268b2a4cfd27b9428e5ad5d5144d77a1d5f0798e07c5b9d554d150d0348b878	1
ipc_app/tuya_ipc/tuya_sdk_c302b_5_x_sdk/include/tuya_coap_helper.h	2580	87	e9b6f2a91593662102559bcd5d3de177dae88fe06f516774781df4d7c55f97dd	1
ipc_app/tuya_ipc/tuya_sdk_c302b_5_x_sdk/include/tuya_devos.h	2106	89	c4a99f40f6e5f9668c8acc6ab3d00ddb3d079f59b9a2dcf546db117f8173789d	1
ipc_app/tuya_ipc/tuya_sdk_c302b_5_x_sdk/include/tuya_devos_activate.h	2658	122	de406c698badba41de65364c45e59e91b971353fa19f5f90f7d0ae998fc079f1	1
ipc_app/tuya_ipc/tuya_sdk_c302b_5_x_sdk/include/tuya_devos_entry.h	2675	114	3f0a86a53b8c6bf185ddcaca379bc5dc74add302aadf6898c09bc6afb832ec0a	1
ipc_app/tuya_ipc/tuya_sdk_c302b_5_x_sdk/include/tuya_devos_netcfg.h	5102	193	27f1660e0a3580eca24d71ece3a3987ad05dbc3d74b8e59b46e28d5306fcf926	1
ipc_app/tuya_ipc/tuya_sdk_c302b_5_x_sdk/include/tuya_devos_netlink.h	4504	172	f116ed137c2e6bf052b4d5d0468f5e0227f17edb5191e5f221d25dbda7babe78	1
ipc_app/tuya_ipc/tuya_sdk_c302b_5_x_sdk/include/tuya_devos_reset.h	1757	75	c55dc444105cd289ce4688ac4b101737028ca7797d7b3efff78e5a407ba2a315	1
ipc_app/tuya_ipc/tuya_sdk_c302b_5_x_sdk/include/tuya_devos_utils.h	2316	113	14e543c9d7ebb55badc65aae2f7176045e43a33c54db411c0822f224631d8218	1
ipc_app/tuya_ipc/tuya_sdk_c302b_5_x_sdk/include/tuya_driver.h	2219	105	ef35d90b8136579b8f09425787b42a3f61b38d4e05fc9783c68dc63790e8ce3b	1
ipc_app/tuya_ipc/tuya_sdk_c302b_5_x_sdk/include/tuya_error_code.h	26055	459	cbdac15e4caa03450fc819dc7a46747cd1d03db15e5308c36eb4c1d419216bb3	1
ipc_app/tuya_ipc/tuya_sdk_c302b_5_x_sdk/include/tuya_ffs.h	1853	75	e85ee3560fc4c5c83b2f76b58cea9b87ba30674cbfbfba32c20e5779531b0680	1
ipc_app/tuya_ipc/tuya_sdk_c302b_5_x_sdk/include/tuya_ffs_adapter.h	1241	38	70cfea52f7feb041da213741d5831a27a07c749aee3fdcea52299ee5f5dad60f	1
ipc_app/tuya_ipc/tuya_sdk_c302b_5_x_sdk/include/tuya_ffs_config.h	1544	56	79e23aaee278784b6bc7eabd606d28bb99c076dd210bc2bf7c7ff7f5209ee6a3	1
ipc_app/tuya_ipc/tuya_sdk_c302b_5_x_sdk/include/tuya_ffs_dss.h	1018	47	e21ca242444f630caf887ae360ab66eea10b4aeec8900d7016a06eda8032847b	1
ipc_app/tuya_ipc/tuya_sdk_c302b_5_x_sdk/include/tuya_ffs_inc.h	1127	67	f21af81e44ec59fbf22a72e89247caf17a0c1b00868f4897d5bd3bde35cc895d	1
ipc_app/tuya_ipc/tuya_sdk_c302b_5_x_sdk/include/tuya_ffs_stream.h	1138	48	398f76ba00d0ea8aa19055d983e83b81d7f26cf6883cac9537fed3298ff0aaec	1
ipc_app/tuya_ipc/tuya_sdk_c302b_5_x_sdk/include/tuya_gpio.h	4057	182	3be4bd495a166a70df1b6fb3cfd2d65fcbe8f661b4a36e2677acd29f1f3c4361	1
ipc_app/tuya_ipc/tuya_sdk_c302b_5_x_sdk/include/tuya_hal_ble_mesh_prov.h	1071	45	9d6d8558ab9dd5b7926000c7f4c1954ece82944b37395d8eae3ebde52859130b	1
ipc_app/tuya_ipc/tuya_sdk_c302b_5_x_sdk/include/tuya_hal_bt.h	5579	220	8d6e76cdf006cbe09d5a4b0e7fe3abe0fa267acb7268e6bc449629fe4b8b3e6d	1
ipc_app/tuya_ipc/tuya_sdk_c302b_5_x_sdk/include/tuya_hal_cellular.h	981	36	792f8d1649979c118e9420a0013d3ab1476fb7d66f017c7f818ef38225009085	1
ipc_app/tuya_ipc/tuya_sdk_c302b_5_x_sdk/include/tuya_hal_fs.h	6841	278	6dd6cdc2faaac38682ed38b0b9e05a1adafff9fd5293e6ecbc36332db8ac676b	1
ipc_app/tuya_ipc/tuya_sdk_c302b_5_x_sdk/include/tuya_hal_memory.h	1512	68	3c46940536724f2801d1bc6ba9aa88c3b1126e0abd971df5fe3828dc4754cb81	1
ipc_app/tuya_ipc/tuya_sdk_c302b_5_x_sdk/include/tuya_hal_mutex.h	1609	80	244b8a841aa3a377350e517818dae080d014144d2a5bd1264da94559b6d9d99f	1
ipc_app/tuya_ipc/tuya_sdk_c302b_5_x_sdk/include/tuya_hal_network.h	13808	485	3260833b0776ff0e6b65852475f8f92b82ca4dc02b2235e71017a58a17759555	1
ipc_app/tuya_ipc/tuya_sdk_c302b_5_x_sdk/include/tuya_hal_ota.h	1954	75	f24d0550161852af041655465875665709c6b5b58e0107c15ac51498ee16a3d8	1
ipc_app/tuya_ipc/tuya_sdk_c302b_5_x_sdk/include/tuya_hal_output.h	1256	68	259e5bb458bc4f6ec3233d04511ea7c2d9236490120a92fe4bfbc7c07dd7e994	1
ipc_app/tuya_ipc/tuya_sdk_c302b_5_x_sdk/include/tuya_hal_queue.h	1719	69	34f4ae33a75f13e42ce9f56664c141cb7b9793715dac408d852875a4303c3fda	1
ipc_app/tuya_ipc/tuya_sdk_c302b_5_x_sdk/include/tuya_hal_semaphore.h	2160	95	d8d7a33fa7bb0cbef4f5e158c07c27572bbf1745121516b0dc2d539d6bed80f8	1
ipc_app/tuya_ipc/tuya_sdk_c302b_5_x_sdk/include/tuya_hal_storage.h	2643	121	e9a0f394e3b73835adf0ed3231c2c9fb6795c85dd124713b309b49ffe8d79627	1
ipc_app/tuya_ipc/tuya_sdk_c302b_5_x_sdk/include/tuya_hal_system.h	3214	169	5ea25f6021f870cbd98c5fd648443f4894689f57d7b414f449d6324c62bd41e7	1
ipc_app/tuya_ipc/tuya_sdk_c302b_5_x_sdk/include/tuya_hal_thread.h	2641	105	a0ddfc4aa38a0eb30bd5493654fd393c512cb7a6c85cde146bd425b2bc8fc059	1
ipc_app/tuya_ipc/tuya_sdk_c302b_5_x_sdk/include/tuya_hal_wifi.h	7497	272	5df17b831ef1b08b35ef98282de989d95ceedc8c3fdcf26107072ccb6b438ab8	1
ipc_app/tuya_ipc/tuya_sdk_c302b_5_x_sdk/include/tuya_hal_wired.h	3640	145	2dfe1db90d1ae6d2f6661bf424c110d815b23c7c72406feba6b790c7e1f16ec6	1
ipc_app/tuya_ipc/tuya_sdk_c302b_5_x_sdk/include/tuya_i2c.h	4471	162	acb9bf2bf5a810092986411d275528901b3cad817dd1032e05f12d9015965c59	1
ipc_app/tuya_ipc/tuya_sdk_c302b_5_x_sdk/include/tuya_i2s.h	4221	160	1417eea0f8ee1727c4c465edf07df141947b1239af9305e4c9c0543f3e5f19ec	1
ipc_app/tuya_ipc/tuya_sdk_c302b_5_x_sdk/include/tuya_iot_api_pre_handle.h	5499	127	c6644ccbc8cad488c766c4030e9eb12ceecb6c39c5209a790df2a0f1dcd82ba5	1
ipc_app/tuya_ipc/tuya_sdk_c302b_5_x_sdk/include/tuya_iot_base_api.h	3508	119	eb22ed3d78558a8337e27ea0de6ab9d05cb20088eccdc319beb1b46912596bf1	1
ipc_app/tuya_ipc/tuya_sdk_c302b_5_x_sdk/include/tuya_iot_com_api.h	19086	659	15fb9043694a6356a4797ea1d4d4d3bdbb7f3af238885fa576ddc9285ecede2a	1
ipc_app/tuya_ipc/tuya_sdk_c302b_5_x_sdk/include/tuya_iot_config.h	7472	396	a5f9ab86452a81a3cb145b9aa183fea9d359e3720bbcc23caeddcdd95e6204ff	1
ipc_app/tuya_ipc/tuya_sdk_c302b_5_x_sdk/include/tuya_iot_dev_check.h	3442	101	17b006e56b422986444d2a3ca02436785eac9902075340ceea68d0705f3b2d7f	1
ipc_app/tuya_ipc/tuya_sdk_c302b_5_x_sdk/include/tuya_iot_internal_api.h	11593	497	7e2123b46a73c3bb6676d0ee037bd6b414819219dad324044bfafa40643f7fd0	1
ipc_app/tuya_ipc/tuya_sdk_c302b_5_x_sdk/include/tuya_iot_wifi_api.h	6456	240	4e25a518722941506ca076ecd01830181d0bc2d73e4481827abc29d3edc3024d	1
ipc_app/tuya_ipc/tuya_sdk_c302b_5_x_sdk/include/tuya_iot_wired_wifi_api.h	7994	187	34d3664e97370b96049e356038da568014c3d08838fce2286b2694ad264a4a88	1
ipc_app/tuya_ipc/tuya_sdk_c302b_5_x_sdk/include/tuya_ipc_ai_detect_storage.h	1797	66	92d4f65f88b2c334b8398db1234ffb679e8b22657a14e396741a24ad49681c3d	1
ipc_app/tuya_ipc/tuya_sdk_c302b_5_x_sdk/include/tuya_ipc_ai_face_db.h	1536	74	9f632db88b086a416bf95db6f144e7ce2c586864af6b83aa337933a53ab64131	1
ipc_app/tuya_ipc/tuya_sdk_c302b_5_x_sdk/include/tuya_ipc_ai_face_detect.h	3122	94	023405c91534e8b7560e21b7da2a8e86fb813ba752124f49ecc878a14f448962	1
ipc_app/tuya_ipc/tuya_sdk_c302b_5_x_sdk/include/tuya_ipc_api.h	570	27	bed9a545bb406ccb2c7a4d6067631ff4a1d83eadc979c1dbfd8d750a02c8a14b	1
ipc_app/tuya_ipc/tuya_sdk_c302b_5_x_sdk/include/tuya_ipc_cloud_storage.h	6940	207	c312898c3e1bbe2b492ae46e168cba5c549a133f3f82f3476a9ae8d9b51c7dc5	1
ipc_app/tuya_ipc/tuya_sdk_c302b_5_x_sdk/include/tuya_ipc_doorbell.h	1892	58	10383d2ba5487ff6931e144d0228d0a57569698fe0e45c77867e0910194f3db4	1
ipc_app/tuya_ipc/tuya_sdk_c302b_5_x_sdk/include/tuya_ipc_dp.h	1587	45	af3bb83ef1e2cb0e675c2fc40697a4d041cb449395c26ce01851f5bdaa02826c	1
ipc_app/tuya_ipc/tuya_sdk_c302b_5_x_sdk/include/tuya_ipc_event.h	5146	129	c94d75084466d30e7ceca0448040d30dd09be31b0dd26db33df8f5f39c1add90	1
ipc_app/tuya_ipc/tuya_sdk_c302b_5_x_sdk/include/tuya_ipc_img_defs.h	2474	97	c17a1bd6a0854c21f4ba63c42d170d330a843b81cb7cb4307ce4be7297567c87	1
ipc_app/tuya_ipc/tuya_sdk_c302b_5_x_sdk/include/tuya_ipc_img_proc.h	3759	106	4fc32431ea3d1d1f50dfe6afb4637a61c35c3e9ce22940bc4925ccdb6733dc19	1
ipc_app/tuya_ipc/tuya_sdk_c302b_5_x_sdk/include/tuya_ipc_log.h	842	30	a0ea738f51dae56d9811ccc645b8aa17203513b6a06fdedb8928ef48cb005bc0	1
ipc_app/tuya_ipc/tuya_sdk_c302b_5_x_sdk/include/tuya_ipc_log_seq.h	1792	26	c5628464f6be1d37bff5ced30975214b3506da3ecd293a68dce70a0bc59c2ded	1
ipc_app/tuya_ipc/tuya_sdk_c302b_5_x_sdk/include/tuya_ipc_low_power_api.h	1184	38	8863913f6c99f581b9f49b73fab41a83151c5d80857c6a20d938e212b2767654	1
ipc_app/tuya_ipc/tuya_sdk_c302b_5_x_sdk/include/tuya_ipc_media.h	3431	147	a2fd2b4e580596a13bc78714d7bed98694a1fb798a85b9de02c760db5fe1730a	1
ipc_app/tuya_ipc/tuya_sdk_c302b_5_x_sdk/include/tuya_ipc_moto_mqtt.h	934	50	c833bdb7fba95d85d8d7a5e95ab408fd8f0fe1444e42db2ef347c6330bd4515e	1
ipc_app/tuya_ipc/tuya_sdk_c302b_5_x_sdk/include/tuya_ipc_mqtt_subscribe.h	1328	44	939a62876400ea96272509ea7414c24d5d52d03d6893cd282bbf9f20eae61622	1
ipc_app/tuya_ipc/tuya_sdk_c302b_5_x_sdk/include/tuya_ipc_notify.h	8094	216	d9c90cb38058e4a0bc2a2b5f54a0dd6d4ab53e05116e2d4b110690c4f49d7098	1
ipc_app/tuya_ipc/tuya_sdk_c302b_5_x_sdk/include/tuya_ipc_p2p.h	18159	553	cfabc728595ada4a119fc953310f2c148409e8e7672a862667e7837f0280dc0e	1
ipc_app/tuya_ipc/tuya_sdk_c302b_5_x_sdk/include/tuya_ipc_p2p_common.h	3112	121	4810724a76eb2fb68514346cf7de2ac6fcd8aa99da7313d01aea7a9e44925cc2	1
ipc_app/tuya_ipc/tuya_sdk_c302b_5_x_sdk/include/tuya_ipc_p2p_error.h	1366	29	b38de8479a3646130accb42a50fce5fbc1a4b404879cbe68de23849510c28db0	1
ipc_app/tuya_ipc/tuya_sdk_c302b_5_x_sdk/include/tuya_ipc_ptz.h	1567	59	b13c7878736ac3d1d874fb2e448a516ea8b4f8af435472a2993c58bbcdb94a3b	1
ipc_app/tuya_ipc/tuya_sdk_c302b_5_x_sdk/include/tuya_ipc_qrcode_proc.h	1665	43	941eca34dac91da0bd5046eeb5b5fcb47cdeca63b4067ffcaf1a35ceb77bcb8b	1
ipc_app/tuya_ipc/tuya_sdk_c302b_5_x_sdk/include/tuya_ipc_sdk_info.h	4268	156	7eeac999f373c0e55d9f8d295404295a4d29997a4c757d714c0373d39ce3d2c7	1
ipc_app/tuya_ipc/tuya_sdk_c302b_5_x_sdk/include/tuya_ipc_sdk_init.h	6714	199	730e2e4591c6724d1ae2d2f55703693fd193b49f80d87cee70966ea43bacd485	1
ipc_app/tuya_ipc/tuya_sdk_c302b_5_x_sdk/include/tuya_ipc_skill.h	862	43	eaabf02a3e43d49d7b6dfda26f7e9b88403abf6e2a90d149d4688dcee661d045	1
ipc_app/tuya_ipc/tuya_sdk_c302b_5_x_sdk/include/tuya_ipc_stream_storage.h	15966	470	04428d80368581d912e16218fdfee928912d75486032b1c21dbd4d1c76fea9d8	1
ipc_app/tuya_ipc/tuya_sdk_c302b_5_x_sdk/include/tuya_ipc_upgrade.h	2569	77	449479d7612a78e1bfe2454d2c56c38a2e072d0ed6f6f7d3a177732c499e9c01	1
ipc_app/tuya_ipc/tuya_sdk_c302b_5_x_sdk/include/tuya_ipc_video_msg.h	1769	73	87ef64a11fb19ae9187372994e4bac0ac442cb72acdec7a7042c4a2a83f7c00d	1
ipc_app/tuya_ipc/tuya_sdk_c302b_5_x_sdk/include/tuya_ipc_video_proc.h	4707	126	d15a0ce1798d6e0eb5db0f8fb3c3f523b6697ec7260b010dcef0f0a29f5970f0	1
ipc_app/tuya_ipc/tuya_sdk_c302b_5_x_sdk/include/tuya_ipc_voice.h	2958	96	aa6d095ba70d4adf3edeab891ffd24372ef66d08ade97a4e2d7a969c47e7bbf9	1
ipc_app/tuya_ipc/tuya_sdk_c302b_5_x_sdk/include/tuya_ipc_webrtc.h	2506	113	0d738e4d184e28cc4b8450075f4963ac623518dea5ca5ae69e5a325f58cc300c	1
ipc_app/tuya_ipc/tuya_sdk_c302b_5_x_sdk/include/tuya_ir_code.h	1541	83	6d5da27ace28df06d1200071d8132530e3c7ca661d73fbd6473b89112939896f	1
ipc_app/tuya_ipc/tuya_sdk_c302b_5_x_sdk/include/tuya_ir_control.h	8805	357	6d5a1326266c8c70b1eca96a49fd54e20e306ee783187b167748a9a2281329ef	1
ipc_app/tuya_ipc/tuya_sdk_c302b_5_x_sdk/include/tuya_ir_ws_db.h	1001	62	00bd72eadbf4fda9e76d35a13b177f98562a2f489b705ee738f75e53aee3cd05	1
ipc_app/tuya_ipc/tuya_sdk_c302b_5_x_sdk/include/tuya_key.h	2573	106	06b49cc4579936ba08f774bb06f700bcd1bd3a1347d1ddca380ff6a6d8d658b4	1
ipc_app/tuya_ipc/tuya_sdk_c302b_5_x_sdk/include/tuya_led.h	2158	76	de3fbd7afdf749b144abc50c86748f22e49e369efe2e72cbdb564a87e6e9762e	1
ipc_app/tuya_ipc/tuya_sdk_c302b_5_x_sdk/include/tuya_liteos_uv.h	19655	509	5a2485d269b942e6e907664f0982c5656de0318a476babf2defb1cc8c7ce406b	1
ipc_app/tuya_ipc/tuya_sdk_c302b_5_x_sdk/include/tuya_media_service_rtc.h	14664	324	ccd85ecd0eb7abcfd7da256784dd0548f93196c721c0aa65a8333def3b24bae1	1
ipc_app/tuya_ipc/tuya_sdk_c302b_5_x_sdk/include/tuya_memory_heap.h	1083	41	b82e26e313caf5c8e56f25435f808a49786d051c92871e69034cdec2f1f13d9b	1
ipc_app/tuya_ipc/tuya_sdk_c302b_5_x_sdk/include/tuya_os_adapter.h	41354	1082	9116218bea9a0bbec6aeda55c9ad728a6bbe902fc63233c6963db24c8662d3dd	1
ipc_app/tuya_ipc/tuya_sdk_c302b_5_x_sdk/include/tuya_os_adapter_error_code.h	9091	221	35975ce6dd7e020b052c6fd35ba4fadef9ca7e08abcef7c88e19f79d39002112	1
ipc_app/tuya_ipc/tuya_sdk_c302b_5_x_sdk/include/tuya_pin.h	7097	214	102fa638e7b0b9aef24e2a3e3f2ba29aa7bf56818f51d730d403d46d60e81454	1
ipc_app/tuya_ipc/tuya_sdk_c302b_5_x_sdk/include/tuya_pwm.h	4135	171	d69482db305923c5a10a2f0972c126fc9388fcc85a85a873014e988543dd2e6d	1
ipc_app/tuya_ipc/tuya_sdk_c302b_5_x_sdk/include/tuya_ring_buffer.h	7571	194	7e8d250d8e5f0cc01ac30b09d0b8b1feaf136430772f962c7f45c7d14344ee5b	1
ipc_app/tuya_ipc/tuya_sdk_c302b_5_x_sdk/include/tuya_rtc.h	1534	75	85f143c288de589e308ffdd4757b0073a8c24ecec79f34ff06814222d0b711dd	1
ipc_app/tuya_ipc/tuya_sdk_c302b_5_x_sdk/include/tuya_sha256.h	4595	163	7bb9620634a243d9d93af6eddc75f8998ab2a8360d998f598604f8f7d11afb4d	1
ipc_app/tuya_ipc/tuya_sdk_c302b_5_x_sdk/include/tuya_spi.h	6009	188	26cf0679230ab9d49e5679f9a9e8e2106d1e17b47b74daf57ed7f1d8e516d664	1
ipc_app/tuya_ipc/tuya_sdk_c302b_5_x_sdk/include/tuya_svc_online_log.h	1628	65	804ac834c196ba3d1b124b8e569dfe14f849b8d7dee7f824b0f93bf67b152e21	1
ipc_app/tuya_ipc/tuya_sdk_c302b_5_x_sdk/include/tuya_svc_schema_upgrade.h	1934	81	033131f9c9ee5165e4252604330af917aad8ae70bd14cf68c9568ed53989fe26	1
ipc_app/tuya_ipc/tuya_sdk_c302b_5_x_sdk/include/tuya_svc_timer_task.h	1652	67	c46a04637a138058ff5b1b21f1b9eac51d2c28aff41fefbc04e019da91182e47	1
ipc_app/tuya_ipc/tuya_sdk_c302b_5_x_sdk/include/tuya_svc_upgrade.h	6871	208	983be5383b7e2d465a362f05d03a938b326d8ca9d3e6825c381508e1fe03dde8	1
ipc_app/tuya_ipc/tuya_sdk_c302b_5_x_sdk/include/tuya_svc_upgrade_http.h	2561	85	9a3d5340c3c1993883b71c9914cf63f42cd6a1427b842d3b414cf18446023d10	1
ipc_app/tuya_ipc/tuya_sdk_c302b_5_x_sdk/include/tuya_system_dp.h	331	23	4df014f3735ac0a66a69b88166b6c4912b35a262fa612686dfb0c66edb8cecb0	1
ipc_app/tuya_ipc/tuya_sdk_c302b_5_x_sdk/include/tuya_timer.h	2915	124	2e7cb7fd201feab13e3f073612467f93eb5daa3dd6852311c94b3a55b6ef37ca	1
ipc_app/tuya_ipc/tuya_sdk_c302b_5_x_sdk/include/tuya_tls.h	4542	181	2e84122865c90ce5eef567551605587847ff30b009d7dc5e95205e1ca7d7e4c4	1
ipc_app/tuya_ipc/tuya_sdk_c302b_5_x_sdk/include/tuya_tls_config_disable.h	171	6	896eb10c8d9925c2291e11a2e7705ad3f3fa44962b6d6d4346d0739b45b896ad	1
ipc_app/tuya_ipc/tuya_sdk_c302b_5_x_sdk/include/tuya_tls_config_ecc_client_auth.h	108690	3274	3387e96f2f0358c20977b5ff975f2cb9d87408df1ea907187bb6b56115cd28d9	1
ipc_app/tuya_ipc/tuya_sdk_c302b_5_x_sdk/include/tuya_tls_config_ecc_only.h	110668	3306	1caaa603336b264ab23fbec2ab58a45f04c5531b4223af3e59072e0d2caa5b72	1
ipc_app/tuya_ipc/tuya_sdk_c302b_5_x_sdk/include/tuya_tls_config_ecc_only_homekit.h	110716	3307	de9fa1987ef88d694f55b944467a1bacb67d20679464119315e0d84116243fbb	1
ipc_app/tuya_ipc/tuya_sdk_c302b_5_x_sdk/include/tuya_tls_config_ecc_only_ipc.h	110976	3321	adb317b8fcbcc479cdba8bb7fbe17d0503c76f2f61d69264824053b63ec7ffaf	1
ipc_app/tuya_ipc/tuya_sdk_c302b_5_x_sdk/include/tuya_tls_config_ecc_only_nxp_se050.h	111257	3332	da7da5ca1f84c833bd190a7b7be4785d9a04c8b1c37d312d45bad10446ccc859	1
ipc_app/tuya_ipc/tuya_sdk_c302b_5_x_sdk/include/tuya_tls_config_ecc_psk.h	108959	3280	9079eeb8501a70a2a05d5b897cb710d6aa11fddb48e9c51a74ac2ecb624b03da	1
ipc_app/tuya_ipc/tuya_sdk_c302b_5_x_sdk/include/tuya_tls_config_ecc_psk_cat1.h	108441	3271	2f0dfd2c5fd0964393af91b176d46d317993254b46197cf1eeacf8da177102d4	1
ipc_app/tuya_ipc/tuya_sdk_c302b_5_x_sdk/include/tuya_tls_config_no_strip.h	110714	3309	cf37f75344bd16db44b6f2d2c030094d77c2bf083d32fc74431e5a6bed83c7a9	1
ipc_app/tuya_ipc/tuya_sdk_c302b_5_x_sdk/include/tuya_tls_config_psk_only.h	111072	3327	5af607fce46d9c38c1d2ee65a7acef07d380fbd3ae6e87110693c6413ce7bd9f	1
ipc_app/tuya_ipc/tuya_sdk_c302b_5_x_sdk/include/tuya_uart.h	6320	216	4b407058f31321e3365c0636b01202b33ccc409e2d6c8ac6be7dc808a35172a5	1
ipc_app/tuya_ipc/tuya_sdk_c302b_5_x_sdk/include/tuya_uart_legacy.h	3821	145	c19d068a64c6b7055f1af9634586a7b6ea67894364c3c0009df97e227eab9ce0	1
ipc_app/tuya_ipc/tuya_sdk_c302b_5_x_sdk/include/tuya_uf_db.h	6915	258	3d472c0381cdede8682bfb9d8f24cc8516796fa03cb7e464afcf84b167dcb639	1
ipc_app/tuya_ipc/tuya_sdk_c302b_5_x_sdk/include/tuya_upnp_module_mg.h	5351	140	7c5c3b350a68a1d0eb886b9f89e15261a8206daabb5f01c124884035a048cac7	1
ipc_app/tuya_ipc/tuya_sdk_c302b_5_x_sdk/include/tuya_uv_errno.h	10491	454	8ff8d7afde3e70ec54d7093683dd85554ca61e738b70a527cc7d8421c3c2d665	1
ipc_app/tuya_ipc/tuya_sdk_c302b_5_x_sdk/include/tuya_ws_db.h	10262	287	a45c4ee5a9c893bb92b50350a743cc98abd74496b6cdd00c2dc34c7997238be5	1
ipc_app/tuya_ipc/tuya_sdk_c302b_5_x_sdk/include/ty_cJSON.h	7606	150	50d2aca0c62438f8b5f3cb03967919c6c3c85c97fc046f6a0ebf2b072b47ffc7	1
ipc_app/tuya_ipc/tuya_sdk_c302b_5_x_sdk/include/ty_monitor.h	909	61	2dd147759e623309e84a095ee2a9cf72ad6393bca24018a5bdce3a488610c6f9	1
ipc_app/tuya_ipc/tuya_sdk_c302b_5_x_sdk/include/ty_wifi_mgnt.h	4028	143	0037065f78a053616a4bb2a62c344e3912205692c4b5ec66daeaa9a5635e213b	1
ipc_app/tuya_ipc/tuya_sdk_c302b_5_x_sdk/include/ty_work_queue.h	1236	63	06ab33dfd5c0069b0ab0a5cfb63015d8a7d0912a78889349067486af19617d7d	1
ipc_app/tuya_ipc/tuya_sdk_c302b_5_x_sdk/include/uni_base64.h	604	40	5e8a027b3143de127a60369c70a25b6692efd1d0c219edf4e25af7371dc0869b	1
ipc_app/tuya_ipc/tuya_sdk_c302b_5_x_sdk/include/uni_fs.h	1920	85	5389fa642cbde6fa7964b643a90988e571fe7bbce5f51d1e14d608a948fa1da6	1
ipc_app/tuya_ipc/tuya_sdk_c302b_5_x_sdk/include/uni_hlist.h	5326	238	a88a201a7f86ab99db35c05455b40cbc1fae5632157af6e950e842cd327b719e	1
ipc_app/tuya_ipc/tuya_sdk_c302b_5_x_sdk/include/uni_log.h	12165	438	bbd6c34faf9af23113c5c279cbb60b1fcf47037eb43946f6e69fae65b6bd5fb7	1
ipc_app/tuya_ipc/tuya_sdk_c302b_5_x_sdk/include/uni_md5.h	759	46	809534d124c8b6074ad4dcb12d4b4bf953fa0b7f5c64073aab8f69e8ac4399c0	1
ipc_app/tuya_ipc/tuya_sdk_c302b_5_x_sdk/include/uni_module.h	7192	216	abd4e0acb0a74f0157b89cf203eb05b60e05350056887815f24c15504c2c3867	1
ipc_app/tuya_ipc/tuya_sdk_c302b_5_x_sdk/include/uni_msg_queue.h	9640	325	6929a1b5a78d220674e8a65e750d88bd273972a418313821a3429bd64bf467ba	1
ipc_app/tuya_ipc/tuya_sdk_c302b_5_x_sdk/include/uni_network.h	5849	190	0b041be979d4ce578d970af911e4de159ff4351432e1d42f332f0a64e8191478	1
ipc_app/tuya_ipc/tuya_sdk_c302b_5_x_sdk/include/uni_pointer.h	3992	186	5e62966d8ef6294977a28b1c9750e514312ebaa2656900ee20bf4e02b1f1844c	1
ipc_app/tuya_ipc/tuya_sdk_c302b_5_x_sdk/include/uni_queue.h	3875	143	b30db99d758539f7fac2ad2942651521f92f5ab2d69dc9b079d6505542f19428	1
ipc_app/tuya_ipc/tuya_sdk_c302b_5_x_sdk/include/uni_random.h	706	44	63d7f92a8d6f3185bd09862c1a9fd77f9f0128283bd1b52c8fbac7ef635ba9db	1
ipc_app/tuya_ipc/tuya_sdk_c302b_5_x_sdk/include/uni_rfc.h	1487	73	d03742193d8058ec35ef9fbf707ecd9d817b7431c3e65346784053a8fbad01ca	1
ipc_app/tuya_ipc/tuya_sdk_c302b_5_x_sdk/include/uni_slist.h	4105	189	0fcfcb9664433f4d71106c2deaf4ba9faad6a6ffe9199094db18e9b8888bb57c	1
ipc_app/tuya_ipc/tuya_sdk_c302b_5_x_sdk/include/uni_thread.h	3368	138	22408acdb508536aca473353dc85a15c441ee435e2df29f80e246936ee31a45f	1
ipc_app/tuya_ipc/tuya_sdk_c302b_5_x_sdk/include/uni_time.h	7445	273	83d5f2c4ce9bd3d908b09e24be2246a98e20e06a832a3ccd6612aafbd352f4e8	1
ipc_app/tuya_ipc/tuya_sdk_c302b_5_x_sdk/include/uni_time_queue.h	5428	181	26053b35c7479b861596e476c45debd73d48aed0d7f8bcdc8655b613cc2a3d9f	1
ipc_app/tuya_ipc/tuya_sdk_c302b_5_x_sdk/include/uni_work_queue.h	2709	102	7e8e682be58856520342d3582a4cdc8a41fdece0e36055335b448e233337dc00	1
ipc_app/tuya_ipc/tuya_sdk_c302b_5_x_sdk/include/unix.h	3019	113	a0299a118bddf0483a04ffa77b3c7606aaa13f0775d6ad10dd94de901d0d99a7	1
ipc_app/tuya_ipc/tuya_sdk_c302b_5_x_sdk/include/upload_notification.h	3634	68	04967513797d7586d4f3340fc4bf29a8e7a4810bb27e19d12bd1b1b6fec3318f	1
ipc_app/tuya_ipc/tuya_sdk_c302b_5_x_sdk/include/user_netcfg.h	178	8	f83994156415da63a5469eed75f2452583723e2758d819b89fa46f87c094bc69	1
ipc_app/tuya_ipc/tuya_sdk_c302b_5_x_sdk/include/uv.h	188	18	dcd61ed1937c14a67ce96691166a8b18c898af81d0c1f7e68a357e8c2067e216	1
ipc_app/tuya_ipc/tuya_sdk_c302b_5_x_sdk/include/wf_basic_intf.h	9476	382	a212e28123a32f9842765c27c402b9f99b2a4da40523bd1a2911d83857dacbcb	1
ipc_app/tuya_ipc/tuya_sdk_c302b_5_x_sdk/include/wf_nw_cfg.h	961	41	e5cdb78821d9e33da1047f20dc7b54b3ba1015809576f3308adb0157fbdab231	1
ipc_app/tuya_ipc/tuya_sdk_c302b_5_x_sdk/include/wifi_netcfg_frame_sniffer.h	2773	82	2653de2b3d4872fba0d476363fc2a20132be895e5193e9b01f9d5e8ba5609f21	1
ipc_app/tuya_ipc/tuya_sdk_c302b_5_x_sdk/include/wifi_netcfg_frame_transporter.h	3160	91	c7905b3964abcbfad5dcda091f7fda0b3ceb4dc4780c50fa6631e4e6cec38b9a	1
ipc_app/tuya_ipc/tuya_sdk_c302b_5_x_sdk/include/wl_cfg_com.h	1852	63	31883775b267f2dba239315002c159757efa130d8abaa8d295a3595ca07be585	1
ipc_app/tuya_ipc/tuya_sdk_c302b_5_x_sdk/include/ws_db_gw.h	4025	157	07be52fe6a7c7b8c058e3ecb2d1137dfdcb528797a445b541cf9d5d6d93bac1c	1
ipc_app/tuya_ipc/tuya_sdk_c5/include/base_hwl.h	3056	85	dbc6bd837869b2497cbbbe861d0d20464a7fb2e2e32bcf1f51f30c197fbba366	1
ipc_app/tuya_ipc/tuya_sdk_c5/include/cJSON.h	7005	149	a89ead7212f33c4b20f357557cdb24b21d52549ae173e4ef577e4631e891147f	1
ipc_app/tuya_ipc/tuya_sdk_c5/include/tuya_cloud_base_defs.h	1252	48	cb8782edf7e7f4ca78a981747133de389bc15ecc1adc298ce01a7a043b82fe50	1
ipc_app/tuya_ipc/tuya_sdk_c5/include/tuya_cloud_com_defs.h	18514	526	09e1867114de67010191c08f97c786f446dfc8eb70352df209b0a0e033103d15	1
ipc_app/tuya_ipc/tuya_sdk_c5/include/tuya_cloud_error_code.h	8328	201	9f594cbd4dda1968dd298d1395334133e4690ab2a2382d6c2fd641e641c24209	1
ipc_app/tuya_ipc/tuya_sdk_c5/include/tuya_cloud_types.h	3983	197	7622e8ec93c13d86db8a3d62a91debf2cf7361de1c4cb6458cd40fd30bc3715c	1
ipc_app/tuya_ipc/tuya_sdk_c5/include/tuya_cloud_wifi_defs.h	4212	98	7dfa82d80557043fe2e32da0b3b235ad55f51dedf46ccc0e302befae928c44ff	1
ipc_app/tuya_ipc/tuya_sdk_c5/include/tuya_g711_utils.h	1075	30	4599188b9e0731b19e7d8eab755afba4cc782d9b75cafb77e789a2035650d257	1
ipc_app/tuya_ipc/tuya_sdk_c5/include/tuya_iot_config.h	4119	213	cbeb7df49b9f6c717a8f12534c347eeda0739194112dee065b1eee85eab9e6e7	1
ipc_app/tuya_ipc/tuya_sdk_c5/include/tuya_ipc_ai_detect_storage.h	2389	80	c493abb77b541f3bbf4be7b963656b7d8339eb1c322a1de2f79efc1bda9371d9	1
ipc_app/tuya_ipc/tuya_sdk_c5/include/tuya_ipc_ai_face_db.h	1463	74	7fe75d5759faafe50e94232600f16749c43152901e55a13220586443f8e34b03	1
ipc_app/tuya_ipc/tuya_sdk_c5/include/tuya_ipc_ai_face_detect.h	3028	94	a906cf4a1534b2ef37e0d44dbbde914d25e92bd6db06f0be1a2d0f6780a1f0ec	1
ipc_app/tuya_ipc/tuya_sdk_c5/include/tuya_ipc_api.h	23367	653	9653a6e250f18e03b9a6f2844e620968e07891b9d469cc9a8fd45e653ef83177	1
ipc_app/tuya_ipc/tuya_sdk_c5/include/tuya_ipc_chromecast.h	2111	81	d23452c4f9b608f1eeae6b0102f7d9edaf6fdaeef10ba41013c0322c9d9d3462	1
ipc_app/tuya_ipc/tuya_sdk_c5/include/tuya_ipc_cloud_storage.h	7165	194	fdbff8f715a292e0cbda31b4b710b3fae05448d9e630e40957d864286a341ce9	1
ipc_app/tuya_ipc/tuya_sdk_c5/include/tuya_ipc_echo_show.h	1193	54	b0f22b0bd87a5b6e296b334b51b183e441cdeafd9360354e35969c1aba7e465b	1
ipc_app/tuya_ipc/tuya_sdk_c5/include/tuya_ipc_img_defs.h	1889	77	7880cccee45e7fd97d82ba694a86bb0b1619acce501c0931f65cacff30a97e86	1
ipc_app/tuya_ipc/tuya_sdk_c5/include/tuya_ipc_img_proc.h	3623	106	1112e649b7955a4cdab8299fefecbc41b61374366268438ef9d68177b3ed7050	1
ipc_app/tuya_ipc/tuya_sdk_c5/include/tuya_ipc_media.h	5219	172	4a71795dec835f553369d762ac742b5f35665759ec5efee857c39737547d8272	1
ipc_app/tuya_ipc/tuya_sdk_c5/include/tuya_ipc_mqt_proccess.h	3951	111	f4e0ea12652a50cfbc12608885d2d5f87c20fc32e3ddfca3068137d0944eb373	1
ipc_app/tuya_ipc/tuya_sdk_c5/include/tuya_ipc_p2p.h	16701	522	a5a27098ab702b94ad9d3cec6fc9818d1f92b03508805889630159c0a29eb39a	1
ipc_app/tuya_ipc/tuya_sdk_c5/include/tuya_ipc_ptz.h	1567	59	b13c7878736ac3d1d874fb2e448a516ea8b4f8af435472a2993c58bbcdb94a3b	1
ipc_app/tuya_ipc/tuya_sdk_c5/include/tuya_ipc_qrcode_proc.h	1512	43	2204159a4cff2e99eeca7c8648c8a0a6b1e1f83773d21ec9395f9a4e47a72610	1
ipc_app/tuya_ipc/tuya_sdk_c5/include/tuya_ipc_skill.h	751	38	ffeccf4298206593fd29cf18c01ecc0357037e249dee8344b455fe3e6b71b958	1
ipc_app/tuya_ipc/tuya_sdk_c5/include/tuya_ipc_stream_storage.h	12640	378	505a01231ea42c54e7cf99165007261cf11ca28755ff848e8fe7b8985b271d29	1
ipc_app/tuya_ipc/tuya_sdk_c5/include/tuya_ipc_video_msg.h	1988	75	787221098daffd2d557f2b7d990264ae38ce679d1c6bb141089b2e9b8487b459	1
ipc_app/tuya_ipc/tuya_sdk_c5/include/tuya_ipc_video_proc.h	3361	92	b17a9568b6d47e5cc5d39abed25c7f6f79084850ae78a4629b1f287b42d8df7a	1
ipc_app/tuya_ipc/tuya_sdk_c5/include/tuya_ipc_voice.h	2139	72	d3bc2359808a0e826dca8656b4e32e943bf4a25bca83cbc0ee3d45922b682cb6	1
ipc_app/tuya_ipc/tuya_sdk_c5/include/tuya_ipc_webrtc.h	2500	109	d104a51e93ca34bbdc795a3f6911b75c9016a7578c7af74a915a0f207eef2d75	1
ipc_app/tuya_ipc/tuya_sdk_c5/include/tuya_ipc_wifi_migrate.h	2589	74	9463e781b9bb84f5d06a1a8dd7dd42d50b9689974d769c3c84fc858329d963ad	1
ipc_app/tuya_ipc/tuya_sdk_c5/include/tuya_ring_buffer.h	5403	136	0486ca6621b2e59c01b74d873af8d921ee080d986b5321fcb1e9e62655a28e2a	1
ipc_app/tuya_ipc/tuya_sdk_c5/include/uni_network.h	14597	403	4d3d6fbcf986ed1220508417c489bf73b1af2fddcb40ebed83be93e85ae89242	1
ipc_app/tuya_ipc/tuya_sdk_c5/include/wifi_hwl.h	10532	275	f87f9a7f1bfa25310a3a1e6acedcaa63d642ce07e49775d87b1d8c49c3728481	1
ipc_app/tuya_ipc/tuya_sdk_c7/include/base_hwl.h	3056	85	dbc6bd837869b2497cbbbe861d0d20464a7fb2e2e32bcf1f51f30c197fbba366	1
ipc_app/tuya_ipc/tuya_sdk_c7/include/cJSON.h	7005	149	a89ead7212f33c4b20f357557cdb24b21d52549ae173e4ef577e4631e891147f	1
ipc_app/tuya_ipc/tuya_sdk_c7/include/tuya_cloud_base_defs.h	1252	48	cb8782edf7e7f4ca78a981747133de389bc15ecc1adc298ce01a7a043b82fe50	1
ipc_app/tuya_ipc/tuya_sdk_c7/include/tuya_cloud_com_defs.h	18514	526	09e1867114de67010191c08f97c786f446dfc8eb70352df209b0a0e033103d15	1
ipc_app/tuya_ipc/tuya_sdk_c7/include/tuya_cloud_error_code.h	8328	201	9f594cbd4dda1968dd298d1395334133e4690ab2a2382d6c2fd641e641c24209	1
ipc_app/tuya_ipc/tuya_sdk_c7/include/tuya_cloud_types.h	3983	197	7622e8ec93c13d86db8a3d62a91debf2cf7361de1c4cb6458cd40fd30bc3715c	1
ipc_app/tuya_ipc/tuya_sdk_c7/include/tuya_cloud_wifi_defs.h	4212	98	7dfa82d80557043fe2e32da0b3b235ad55f51dedf46ccc0e302befae928c44ff	1
ipc_app/tuya_ipc/tuya_sdk_c7/include/tuya_g711_utils.h	1075	30	4599188b9e0731b19e7d8eab755afba4cc782d9b75cafb77e789a2035650d257	1
ipc_app/tuya_ipc/tuya_sdk_c7/include/tuya_iot_config.h	4141	213	4a2040184291dab5d1cd6d75631d97a97662f1e5dca0b45915952f9bd31553b7	1
ipc_app/tuya_ipc/tuya_sdk_c7/include/tuya_ipc_ai_detect_storage.h	2389	80	c493abb77b541f3bbf4be7b963656b7d8339eb1c322a1de2f79efc1bda9371d9	1
ipc_app/tuya_ipc/tuya_sdk_c7/include/tuya_ipc_ai_face_db.h	1463	74	7fe75d5759faafe50e94232600f16749c43152901e55a13220586443f8e34b03	1
ipc_app/tuya_ipc/tuya_sdk_c7/include/tuya_ipc_ai_face_detect.h	3028	94	a906cf4a1534b2ef37e0d44dbbde914d25e92bd6db06f0be1a2d0f6780a1f0ec	1
ipc_app/tuya_ipc/tuya_sdk_c7/include/tuya_ipc_api.h	23367	653	9653a6e250f18e03b9a6f2844e620968e07891b9d469cc9a8fd45e653ef83177	1
ipc_app/tuya_ipc/tuya_sdk_c7/include/tuya_ipc_chromecast.h	2111	81	d23452c4f9b608f1eeae6b0102f7d9edaf6fdaeef10ba41013c0322c9d9d3462	1
ipc_app/tuya_ipc/tuya_sdk_c7/include/tuya_ipc_cloud_storage.h	7165	194	fdbff8f715a292e0cbda31b4b710b3fae05448d9e630e40957d864286a341ce9	1
ipc_app/tuya_ipc/tuya_sdk_c7/include/tuya_ipc_echo_show.h	1193	54	b0f22b0bd87a5b6e296b334b51b183e441cdeafd9360354e35969c1aba7e465b	1
ipc_app/tuya_ipc/tuya_sdk_c7/include/tuya_ipc_img_defs.h	1889	77	7880cccee45e7fd97d82ba694a86bb0b1619acce501c0931f65cacff30a97e86	1
ipc_app/tuya_ipc/tuya_sdk_c7/include/tuya_ipc_img_proc.h	3623	106	1112e649b7955a4cdab8299fefecbc41b61374366268438ef9d68177b3ed7050	1
ipc_app/tuya_ipc/tuya_sdk_c7/include/tuya_ipc_media.h	5219	172	4a71795dec835f553369d762ac742b5f35665759ec5efee857c39737547d8272	1
ipc_app/tuya_ipc/tuya_sdk_c7/include/tuya_ipc_mqt_proccess.h	3951	111	f4e0ea12652a50cfbc12608885d2d5f87c20fc32e3ddfca3068137d0944eb373	1
ipc_app/tuya_ipc/tuya_sdk_c7/include/tuya_ipc_p2p.h	16701	522	a5a27098ab702b94ad9d3cec6fc9818d1f92b03508805889630159c0a29eb39a	1
ipc_app/tuya_ipc/tuya_sdk_c7/include/tuya_ipc_ptz.h	1567	59	b13c7878736ac3d1d874fb2e448a516ea8b4f8af435472a2993c58bbcdb94a3b	1
ipc_app/tuya_ipc/tuya_sdk_c7/include/tuya_ipc_qrcode_proc.h	1512	43	2204159a4cff2e99eeca7c8648c8a0a6b1e1f83773d21ec9395f9a4e47a72610	1
ipc_app/tuya_ipc/tuya_sdk_c7/include/tuya_ipc_skill.h	751	38	ffeccf4298206593fd29cf18c01ecc0357037e249dee8344b455fe3e6b71b958	1
ipc_app/tuya_ipc/tuya_sdk_c7/include/tuya_ipc_stream_storage.h	12640	378	505a01231ea42c54e7cf99165007261cf11ca28755ff848e8fe7b8985b271d29	1
ipc_app/tuya_ipc/tuya_sdk_c7/include/tuya_ipc_video_msg.h	1988	75	787221098daffd2d557f2b7d990264ae38ce679d1c6bb141089b2e9b8487b459	1
ipc_app/tuya_ipc/tuya_sdk_c7/include/tuya_ipc_video_proc.h	3361	92	b17a9568b6d47e5cc5d39abed25c7f6f79084850ae78a4629b1f287b42d8df7a	1
ipc_app/tuya_ipc/tuya_sdk_c7/include/tuya_ipc_voice.h	2139	72	d3bc2359808a0e826dca8656b4e32e943bf4a25bca83cbc0ee3d45922b682cb6	1
ipc_app/tuya_ipc/tuya_sdk_c7/include/tuya_ipc_webrtc.h	2500	109	d104a51e93ca34bbdc795a3f6911b75c9016a7578c7af74a915a0f207eef2d75	1
ipc_app/tuya_ipc/tuya_sdk_c7/include/tuya_ipc_wifi_migrate.h	2589	74	9463e781b9bb84f5d06a1a8dd7dd42d50b9689974d769c3c84fc858329d963ad	1
ipc_app/tuya_ipc/tuya_sdk_c7/include/tuya_ring_buffer.h	5403	136	0486ca6621b2e59c01b74d873af8d921ee080d986b5321fcb1e9e62655a28e2a	1
ipc_app/tuya_ipc/tuya_sdk_c7/include/uni_network.h	14597	403	4d3d6fbcf986ed1220508417c489bf73b1af2fddcb40ebed83be93e85ae89242	1
ipc_app/tuya_ipc/tuya_sdk_c7/include/wifi_hwl.h	10532	275	f87f9a7f1bfa25310a3a1e6acedcaa63d642ce07e49775d87b1d8c49c3728481	1
ipc_app/tuya_ipc/tuya_sdk_c9/include/base_hwl.h	3056	85	dbc6bd837869b2497cbbbe861d0d20464a7fb2e2e32bcf1f51f30c197fbba366	1
ipc_app/tuya_ipc/tuya_sdk_c9/include/cJSON.h	7005	149	a89ead7212f33c4b20f357557cdb24b21d52549ae173e4ef577e4631e891147f	1
ipc_app/tuya_ipc/tuya_sdk_c9/include/tuya_cloud_base_defs.h	1252	48	cb8782edf7e7f4ca78a981747133de389bc15ecc1adc298ce01a7a043b82fe50	1
ipc_app/tuya_ipc/tuya_sdk_c9/include/tuya_cloud_com_defs.h	18514	526	09e1867114de67010191c08f97c786f446dfc8eb70352df209b0a0e033103d15	1
ipc_app/tuya_ipc/tuya_sdk_c9/include/tuya_cloud_error_code.h	8328	201	9f594cbd4dda1968dd298d1395334133e4690ab2a2382d6c2fd641e641c24209	1
ipc_app/tuya_ipc/tuya_sdk_c9/include/tuya_cloud_types.h	3983	197	7622e8ec93c13d86db8a3d62a91debf2cf7361de1c4cb6458cd40fd30bc3715c	1
ipc_app/tuya_ipc/tuya_sdk_c9/include/tuya_cloud_wifi_defs.h	4212	98	7dfa82d80557043fe2e32da0b3b235ad55f51dedf46ccc0e302befae928c44ff	1
ipc_app/tuya_ipc/tuya_sdk_c9/include/tuya_g711_utils.h	1075	30	4599188b9e0731b19e7d8eab755afba4cc782d9b75cafb77e789a2035650d257	1
ipc_app/tuya_ipc/tuya_sdk_c9/include/tuya_iot_config.h	4129	213	f1fcbe5289381c50afbf3605b40c685b746e98286877f0315733164b5f79438f	1
ipc_app/tuya_ipc/tuya_sdk_c9/include/tuya_ipc_ai_detect_storage.h	2389	80	c493abb77b541f3bbf4be7b963656b7d8339eb1c322a1de2f79efc1bda9371d9	1
ipc_app/tuya_ipc/tuya_sdk_c9/include/tuya_ipc_ai_face_db.h	1463	74	7fe75d5759faafe50e94232600f16749c43152901e55a13220586443f8e34b03	1
ipc_app/tuya_ipc/tuya_sdk_c9/include/tuya_ipc_ai_face_detect.h	3028	94	a906cf4a1534b2ef37e0d44dbbde914d25e92bd6db06f0be1a2d0f6780a1f0ec	1
ipc_app/tuya_ipc/tuya_sdk_c9/include/tuya_ipc_api.h	23367	653	9653a6e250f18e03b9a6f2844e620968e07891b9d469cc9a8fd45e653ef83177	1
ipc_app/tuya_ipc/tuya_sdk_c9/include/tuya_ipc_chromecast.h	2111	81	d23452c4f9b608f1eeae6b0102f7d9edaf6fdaeef10ba41013c0322c9d9d3462	1
ipc_app/tuya_ipc/tuya_sdk_c9/include/tuya_ipc_cloud_storage.h	7165	194	fdbff8f715a292e0cbda31b4b710b3fae05448d9e630e40957d864286a341ce9	1
ipc_app/tuya_ipc/tuya_sdk_c9/include/tuya_ipc_echo_show.h	1193	54	b0f22b0bd87a5b6e296b334b51b183e441cdeafd9360354e35969c1aba7e465b	1
ipc_app/tuya_ipc/tuya_sdk_c9/include/tuya_ipc_img_defs.h	1889	77	7880cccee45e7fd97d82ba694a86bb0b1619acce501c0931f65cacff30a97e86	1
ipc_app/tuya_ipc/tuya_sdk_c9/include/tuya_ipc_img_proc.h	3623	106	1112e649b7955a4cdab8299fefecbc41b61374366268438ef9d68177b3ed7050	1
ipc_app/tuya_ipc/tuya_sdk_c9/include/tuya_ipc_media.h	5219	172	4a71795dec835f553369d762ac742b5f35665759ec5efee857c39737547d8272	1
ipc_app/tuya_ipc/tuya_sdk_c9/include/tuya_ipc_mqt_proccess.h	3951	111	f4e0ea12652a50cfbc12608885d2d5f87c20fc32e3ddfca3068137d0944eb373	1
ipc_app/tuya_ipc/tuya_sdk_c9/include/tuya_ipc_p2p.h	16701	522	a5a27098ab702b94ad9d3cec6fc9818d1f92b03508805889630159c0a29eb39a	1
ipc_app/tuya_ipc/tuya_sdk_c9/include/tuya_ipc_ptz.h	1567	59	b13c7878736ac3d1d874fb2e448a516ea8b4f8af435472a2993c58bbcdb94a3b	1
ipc_app/tuya_ipc/tuya_sdk_c9/include/tuya_ipc_qrcode_proc.h	1512	43	2204159a4cff2e99eeca7c8648c8a0a6b1e1f83773d21ec9395f9a4e47a72610	1
ipc_app/tuya_ipc/tuya_sdk_c9/include/tuya_ipc_skill.h	751	38	ffeccf4298206593fd29cf18c01ecc0357037e249dee8344b455fe3e6b71b958	1
ipc_app/tuya_ipc/tuya_sdk_c9/include/tuya_ipc_stream_storage.h	12640	378	505a01231ea42c54e7cf99165007261cf11ca28755ff848e8fe7b8985b271d29	1
ipc_app/tuya_ipc/tuya_sdk_c9/include/tuya_ipc_video_msg.h	1988	75	787221098daffd2d557f2b7d990264ae38ce679d1c6bb141089b2e9b8487b459	1
ipc_app/tuya_ipc/tuya_sdk_c9/include/tuya_ipc_video_proc.h	3361	92	b17a9568b6d47e5cc5d39abed25c7f6f79084850ae78a4629b1f287b42d8df7a	1
ipc_app/tuya_ipc/tuya_sdk_c9/include/tuya_ipc_voice.h	2139	72	d3bc2359808a0e826dca8656b4e32e943bf4a25bca83cbc0ee3d45922b682cb6	1
ipc_app/tuya_ipc/tuya_sdk_c9/include/tuya_ipc_webrtc.h	2500	109	d104a51e93ca34bbdc795a3f6911b75c9016a7578c7af74a915a0f207eef2d75	1
ipc_app/tuya_ipc/tuya_sdk_c9/include/tuya_ipc_wifi_migrate.h	2589	74	9463e781b9bb84f5d06a1a8dd7dd42d50b9689974d769c3c84fc858329d963ad	1
ipc_app/tuya_ipc/tuya_sdk_c9/include/tuya_ring_buffer.h	5403	136	0486ca6621b2e59c01b74d873af8d921ee080d986b5321fcb1e9e62655a28e2a	1
ipc_app/tuya_ipc/tuya_sdk_c9/include/uni_network.h	14597	403	4d3d6fbcf986ed1220508417c489bf73b1af2fddcb40ebed83be93e85ae89242	1
ipc_app/tuya_ipc/tuya_sdk_c9/include/wifi_hwl.h	10532	275	f87f9a7f1bfa25310a3a1e6acedcaa63d642ce07e49775d87b1d8c49c3728481	1
ipc_app/tuya_ipc/tuya_sdk_c9_5_x_bt/include/aes_inf.h	10496	399	feec25b1cc07a3b6917c32ef5c7cd3ec988e4a792436fcbf34eb705a609a7fa7	1
ipc_app/tuya_ipc/tuya_sdk_c9_5_x_bt/include/airkiss_bc.h	2826	92	a89686f6950674cce51baf0418d06fdfc5f845c1eac5857273e8c3deab0e0921	1
ipc_app/tuya_ipc/tuya_sdk_c9_5_x_bt/include/ak_lan_protocol.h	1244	64	0480484db5ae9592f83da84aa4602a4b7573b3355775cdea8c1d6e2151fef15d	1
ipc_app/tuya_ipc/tuya_sdk_c9_5_x_bt/include/ap_netcfg.h	1137	59	4c9277e219b79a4bbae6c28b8f683ff97526dbf5bdd49163b9abf47d95ea24ab	1
ipc_app/tuya_ipc/tuya_sdk_c9_5_x_bt/include/app_agent.h	7470	257	1697dd3f94a0a7f5221919139f9a399ae44572a9d294b07f777016fed0e3a392	1
ipc_app/tuya_ipc/tuya_sdk_c9_5_x_bt/include/apr_sha1.h	3117	107	c8353d15878ac0ab36ab415186fffa11223b579762119379c9ef390147060218	1
ipc_app/tuya_ipc/tuya_sdk_c9_5_x_bt/include/astro_timer.h	977	54	09977e92c19ad1e3f9e62898e9d56bff8ffe2f690a13d691cd5efea7e1648a7c	1
ipc_app/tuya_ipc/tuya_sdk_c9_5_x_bt/include/async_notify.h	3073	116	3cf27eecd38546a340ca9a528e424ff2dd95ab87d7b41a824c1723d6d4199aa5	1
ipc_app/tuya_ipc/tuya_sdk_c9_5_x_bt/include/base_event.h	3955	141	1f2a3f088cdb871b1167469c8bf3483ac3db378c0e8f03c36931987d0380c400	1
ipc_app/tuya_ipc/tuya_sdk_c9_5_x_bt/include/base_event_info.h	2398	58	3330c09c8948780aa6dbe21eaa1ebe246acc79e0c2a0ca4e6dfb9485b6eefe94	1
ipc_app/tuya_ipc/tuya_sdk_c9_5_x_bt/include/base_nw_intf.h	2881	117	83167e3a06bc8f02dcee52a8e8cb96c1c042f152e5abe2b2d66e398c29748f06	1
ipc_app/tuya_ipc/tuya_sdk_c9_5_x_bt/include/base_os_adapter.h	611	35	645d38c57fa5f28b924b43a67de8f6c45b8ad62b2999f65b9ef70796785d6add	1
ipc_app/tuya_ipc/tuya_sdk_c9_5_x_bt/include/base_rpc_com.h	4493	148	82915853db0f01810e9d99976975914c2928240755225693c8fc0c3dc7929beb	1
ipc_app/tuya_ipc/tuya_sdk_c9_5_x_bt/include/c-tlv.h	3770	153	4b43a5f931788da41957375d434fdcfdb49166698470729fda4e9a4820d77473	1
ipc_app/tuya_ipc/tuya_sdk_c9_5_x_bt/include/cJSON.h	3644	98	797c8427ce46e08ea56c0764900cb88adc952ce73e5da559db3021eca1e81e3d	1
ipc_app/tuya_ipc/tuya_sdk_c9_5_x_bt/include/cipher_wrapper.h	1392	46	f628643817596b4e4ffd92b32305d78813d9249ecf15dbd8def3293612d1f5f9	1
ipc_app/tuya_ipc/tuya_sdk_c9_5_x_bt/include/cloud_operation.h	5424	172	78733a666cb6269615521ddb7dc18483f6812e9313cd958d1cd26fe770345a4a	1
ipc_app/tuya_ipc/tuya_sdk_c9_5_x_bt/include/coap2/address.h	5811	200	5c686b2066affbfd0e39787fc3b368201d0a307fa5eb4ae906e9cb0735ea7900	1
ipc_app/tuya_ipc/tuya_sdk_c9_5_x_bt/include/coap2/async.h	5623	149	0f37838c2fc2b326d727585c10444ca34a66d193c15a4ad66d22bfd48cb35eb4	1
ipc_app/tuya_ipc/tuya_sdk_c9_5_x_bt/include/coap2/bits.h	2052	78	14c7e7df3d2212bd0b594b5db895dc2eb08edd44a2fce415171a9bff5502f8bc	1
ipc_app/tuya_ipc/tuya_sdk_c9_5_x_bt/include/coap2/block.h	6472	185	08330ffd5d7d4d3b535dfec81b73080e6f67c8e3b86f2a440459e16de09195df	1
ipc_app/tuya_ipc/tuya_sdk_c9_5_x_bt/include/coap2/coap.h	1455	66	60c5f88e9219a71f7cde97aa3b889426d71033732358d0333470420a94e0d8c5	1
ipc_app/tuya_ipc/tuya_sdk_c9_5_x_bt/include/coap2/coap_debug.h	5322	211	d6e399f6c013f76eda8c5d39b36c5c36c8ee771cab0195f9253be5fac8a65396	1
ipc_app/tuya_ipc/tuya_sdk_c9_5_x_bt/include/coap2/coap_dtls.h	20215	609	ae6fb3fd5e99483b43f5c4c1cc0d91278ad389f322a1696af97e2919641bdf0f	1
ipc_app/tuya_ipc/tuya_sdk_c9_5_x_bt/include/coap2/coap_event.h	3174	102	a057ead912d1c68c3f9004ff57fb8d6e2b4cb43702a2d341f5f1b0a45d165903	1
ipc_app/tuya_ipc/tuya_sdk_c9_5_x_bt/include/coap2/coap_hashkey.h	1644	59	36d2698f9dee91aa33f423684c94333d6bb2a8d756823ac23ee6a486450a4acf	1
ipc_app/tuya_ipc/tuya_sdk_c9_5_x_bt/include/coap2/coap_io.h	7310	213	b3dd46d1c2c03c2dc87a855b2fabbde9a4bc6195a6f8354b262177643924c252	1
ipc_app/tuya_ipc/tuya_sdk_c9_5_x_bt/include/coap2/coap_mem.h	3225	116	be66133e30ebe92714b804fee8c9ec7b6282314db95b3f0707b114973a57d206	1
ipc_app/tuya_ipc/tuya_sdk_c9_5_x_bt/include/coap2/coap_net.h	27190	742	9c61ce71ba332f0afda7a1c0b5bdc0e4617dfd7a1c20a1719849885056f8e903	1
ipc_app/tuya_ipc/tuya_sdk_c9_5_x_bt/include/coap2/coap_session.h	17419	493	04b84c90c583f8f71ac1a1c08b81653b1d7d790495ee3097668833f33ca5f52b	1
ipc_app/tuya_ipc/tuya_sdk_c9_5_x_bt/include/coap2/coap_time.h	3717	162	f23e2d4d7aef0827fa9150ef6ea717c64013abbfd20308b95a72b812a555bdb3	1
ipc_app/tuya_ipc/tuya_sdk_c9_5_x_bt/include/coap2/encode.h	3220	96	dad649515f29a4f010c4441d65655c4ddd964c0dc3790b411c435cf84617a397	1
ipc_app/tuya_ipc/tuya_sdk_c9_5_x_bt/include/coap2/libcoap.h	1852	74	c3c0db428e18e83b718491f9bcccbaee398e90eca52cb4a9e8feda0ec72d9426	1
ipc_app/tuya_ipc/tuya_sdk_c9_5_x_bt/include/coap2/lwippools.h	2541	81	dc2e36aaeb67424cbcc2caa57d04a457ca9a44b7d5186f2c4194cc64aedcf261	1
ipc_app/tuya_ipc/tuya_sdk_c9_5_x_bt/include/coap2/option.h	16490	461	a7cefe636259dc266c5581032ca304c1ccf7375a3967edf74682f82596c31374	1
ipc_app/tuya_ipc/tuya_sdk_c9_5_x_bt/include/coap2/pdu.h	22304	543	f83044949e5e7bdb306d9a2d24b27ce6c9ec82b54ad3fed1cf6481b971042979	1
ipc_app/tuya_ipc/tuya_sdk_c9_5_x_bt/include/coap2/prng.h	2939	126	82c74e4a63ce4a5b452affb57552262f04a77ef57d84ff942c0715b8b7f445f1	1
ipc_app/tuya_ipc/tuya_sdk_c9_5_x_bt/include/coap2/resource.h	19149	524	5bfcd395e9c36f6a0a17b4cfc49b72fc0c5d716924332ecec64522cc109d0817	1
ipc_app/tuya_ipc/tuya_sdk_c9_5_x_bt/include/coap2/str.h	3434	121	d11ad615f7bc2870cca9fa8357950e33143ab9441657ab7a74c2a1b2cb1d743d	1
ipc_app/tuya_ipc/tuya_sdk_c9_5_x_bt/include/coap2/subscribe.h	2414	76	3f863e5921135a5fc28d06eb0ad6e238f01a6cbbc7ed79a49b1e787d2a359382	1
ipc_app/tuya_ipc/tuya_sdk_c9_5_x_bt/include/coap2/uri.h	4831	147	cce1e8c5b4ccbf93bbc335a70ad7e0c9a40934b26615b216f30fc536a6d2dec4	1
ipc_app/tuya_ipc/tuya_sdk_c9_5_x_bt/include/coap2/uthash.h	71493	1108	a0b225d5988d69004e0489a6beebd7e317ee8fe3bc3cb5ccfdf68765307a2d0e	1
ipc_app/tuya_ipc/tuya_sdk_c9_5_x_bt/include/coap2/utlist.h	81494	1073	a2742794fa33ed713b09334af7aca3f8332bcc41fb9559298e0c7bd21081d285	1
ipc_app/tuya_ipc/tuya_sdk_c9_5_x_bt/include/coap_config.h	4674	166	b65920911c05781a86221291188221417d9724317df43b3b9fc0b142422a30e6	1
ipc_app/tuya_ipc/tuya_sdk_c9_5_x_bt/include/codec/tuya_g711_utils.h	1075	30	4599188b9e0731b19e7d8eab755afba4cc782d9b75cafb77e789a2035650d257	1
ipc_app/tuya_ipc/tuya_sdk_c9_5_x_bt/include/com_mmod.h	4986	180	3ed8428335677706692a3d7ab4337e896482133e2e757b639438b9e7ae75651f	1
ipc_app/tuya_ipc/tuya_sdk_c9_5_x_bt/include/com_protocol.h	2662	91	c8ef7ca0fc72d4c3fc67fecd5a425db7a925d11a012593b008dbb8eb453f308b	1
ipc_app/tuya_ipc/tuya_sdk_c9_5_x_bt/include/crc32i.h	1874	35	d1e360e09ef676115e35c2ca9de8c88f45fb59daf5ed86d700d147fad79e8f7f	1
ipc_app/tuya_ipc/tuya_sdk_c9_5_x_bt/include/crc_16.h	511	38	0b6dd7bb0ecba4131314c751f5018fe6af3e850fe1ef335c646e78fdaf64e09a	1
ipc_app/tuya_ipc/tuya_sdk_c9_5_x_bt/include/crc_8.h	1232	43	ae6ef3383d1fe7827c4b601d7e46944a228dc8905793bbc36a9e9221805ef89e	1
ipc_app/tuya_ipc/tuya_sdk_c9_5_x_bt/include/direct_connect_tuya.h	1533	73	2d891953fd38132249a93e2a01fa43576a811d9770506d54343f48d4e6a3aa6d	1
ipc_app/tuya_ipc/tuya_sdk_c9_5_x_bt/include/encrypt_pic.h	705	27	ca9413c558300dcd8eb64ffa82baa6d2ed7ad28c7977259f8e5b1f7278b4fb42	1
ipc_app/tuya_ipc/tuya_sdk_c9_5_x_bt/include/event_cloud.h	407	24	05775810d2bdd5cf45f31cda738861888b6c3aa3de4e21b9e2d0ef597a6c436f	1
ipc_app/tuya_ipc/tuya_sdk_c9_5_x_bt/include/ez_mc.h	1965	64	be90438fdbb6d186ae42cea7f2ee49ec440e11e6c7e5f05a7ae5b22755be53c2	1
ipc_app/tuya_ipc/tuya_sdk_c9_5_x_bt/include/ffc_app.h	3317	154	1ee029f6ff51a9fe84ce1c827ef28a8556da36e9c26908c3d4c592f06828f5f8	1
ipc_app/tuya_ipc/tuya_sdk_c9_5_x_bt/include/ffs_key.h	21044	365	a4379b84e94c18d5774e95cc067d44068693ee7c6dcdee85c47998cb4085be8a	1
ipc_app/tuya_ipc/tuya_sdk_c9_5_x_bt/include/ffs_netcfg.h	200	8	75e076e7b1123df2ee29a628ee8e456c22a27456e200022817de261cafd81ace	1
ipc_app/tuya_ipc/tuya_sdk_c9_5_x_bt/include/gpio_test.h	1294	73	6f62ed7684f47b3dd5707bf26d3ba27a2b0557fb443f1c657d1dc88b612b1c0d	1
ipc_app/tuya_ipc/tuya_sdk_c9_5_x_bt/include/gw_intf.h	21443	829	d8edd6a99061591cbe8d919372d01b4330e10c5a08324af6e651a9b67951e542	1
ipc_app/tuya_ipc/tuya_sdk_c9_5_x_bt/include/hashmap.h	3342	131	1e45a0e99f2f4dd19658498192d8d53ca423a381100671d32a8aea0033d15d13	1
ipc_app/tuya_ipc/tuya_sdk_c9_5_x_bt/include/http_inf.h	13732	376	081186743ff89f399016ecc25ad252a1d077d8732a208395975e0d2a15daad3c	1
ipc_app/tuya_ipc/tuya_sdk_c9_5_x_bt/include/http_manager.h	4983	156	cdebc38b945323d639abe7a263707398fc37313fb6753c0576f56dbdf59eb9b1	1
ipc_app/tuya_ipc/tuya_sdk_c9_5_x_bt/include/httpc.h	29863	755	fa245b4739a61585d07f31f1b693eaf1f3fffc2d5be1f93e8f0fc92f01cd0e40	1
ipc_app/tuya_ipc/tuya_sdk_c9_5_x_bt/include/iot_httpc.h	18329	556	cdbe36dd7149ac4fef6cbe28e77a8d5638dc0cb9b082440e6d134b470ba4e458	1
ipc_app/tuya_ipc/tuya_sdk_c9_5_x_bt/include/ipc_httpc.h	2941	99	2be837016d8282632df84456dd804382a13323d5a2c361014e0280f25930bebc	1
ipc_app/tuya_ipc/tuya_sdk_c9_5_x_bt/include/json_rpc.h	4795	187	17b69e9e3376b078e1f8f49a94e3795b00168b291c998223ef453f33c228323e	1
ipc_app/tuya_ipc/tuya_sdk_c9_5_x_bt/include/lan_protocol.h	3757	151	104e07bc0924fdad06162386affd928aa4df6e5db6d97764a9b39fa5cb9d7885	1
ipc_app/tuya_ipc/tuya_sdk_c9_5_x_bt/include/lan_rpc.h	4752	196	a28b8b945c627a60b490639c160265f111b3914a7b8d66e9e9f1b2ebc0d75de8	1
ipc_app/tuya_ipc/tuya_sdk_c9_5_x_bt/include/log_seq.h	5672	175	5fbe59a439fad675f2931c14906245ec3a1a4adaa8701a38696250b0a74a17b0	1
ipc_app/tuya_ipc/tuya_sdk_c9_5_x_bt/include/log_seq_http.h	2810	51	8cf13f655b8a71bf0f6212291bd35c2d99f7635e968b9292c746df2213a7d712	1
ipc_app/tuya_ipc/tuya_sdk_c9_5_x_bt/include/log_seq_mqtt.h	2578	57	3571bfa4b3b3c129a6a65d8703385fb4d8d5ea7c1ffaff28a38a3ce86bfe96e6	1
ipc_app/tuya_ipc/tuya_sdk_c9_5_x_bt/include/log_seq_netcfg.h	1486	39	c20354fbc55197636895d27d69a07088ed325a675f671cec9045f641ebcb505d	1
ipc_app/tuya_ipc/tuya_sdk_c9_5_x_bt/include/log_seq_timer_task.h	2451	46	b46f9a8327a8be5877df93a631271ed496c398b2390c0ddc14fee1aa81dfb976	1
ipc_app/tuya_ipc/tuya_sdk_c9_5_x_bt/include/mbedtls/aes.h	29438	674	983f414f97e5323188509c49e1cab50e061dba28bad9ae9919c3db1740fbef47	1
ipc_app/tuya_ipc/tuya_sdk_c9_5_x_bt/include/mbedtls/aes_alt.h	285	25	f4ee1aa0b9d03ff66b001c22f0a13214c77b6ef24c0566e68fbf97de89318184	1
ipc_app/tuya_ipc/tuya_sdk_c9_5_x_bt/include/mbedtls/aesni.h	4563	138	e89294867d2cfada004819f1922792836eba06645de42fb81ff961733f79b993	1
ipc_app/tuya_ipc/tuya_sdk_c9_5_x_bt/include/mbedtls/arc4.h	4129	146	87b2f54021f71e728352de6fb1facc9a954e35fcbf42c9995a359e94a52910e6	1
ipc_app/tuya_ipc/tuya_sdk_c9_5_x_bt/include/mbedtls/aria.h	16314	370	62a14f9896ac20f83252910aa02571f5f8a99d4ced385dbeeda34d79e1bf2c71	1
ipc_app/tuya_ipc/tuya_sdk_c9_5_x_bt/include/mbedtls/asn1.h	12232	358	1de3e2901d12396764d8edb984893eaf0f573cfe47f8b50beae3cf39a5b2654b	1
ipc_app/tuya_ipc/tuya_sdk_c9_5_x_bt/include/mbedtls/asn1write.h	13450	329	7301e721ace4ef944a69fe032ee25327ce06f78e865826af53723b6748e8fe3a	1
ipc_app/tuya_ipc/tuya_sdk_c9_5_x_bt/include/mbedtls/base64.h	3298	98	bf2d2c97254cd8fef66c4098029ba84ac8ca1bb1db7fb6e9d1e478aa92a148ba	1
ipc_app/tuya_ipc/tuya_sdk_c9_5_x_bt/include/mbedtls/bignum.h	40645	966	b37647684c7785c236438b63352c8abc431d68ced51988357233bcbdd3ac2d47	1
ipc_app/tuya_ipc/tuya_sdk_c9_5_x_bt/include/mbedtls/blowfish.h	12561	287	cfb03cf458a1b1be6b7fdf3fb471dd9f9d608712c456e27c9672a915a82c2728	1
ipc_app/tuya_ipc/tuya_sdk_c9_5_x_bt/include/mbedtls/bn_mul.h	36136	915	7b913a958ac76ab277759574d25cdf91075a3f9fe6e7628c610748a5d2071817	1
ipc_app/tuya_ipc/tuya_sdk_c9_5_x_bt/include/mbedtls/camellia.h	14090	326	d3fa98000180edf5f6482a25e088f5fe40fb1188c677a19c1d6651226c72d4ad	1
ipc_app/tuya_ipc/tuya_sdk_c9_5_x_bt/include/mbedtls/ccm.h	14060	310	f6054030aadd641e0aff5f0d8b9be326dd66ac39f25de0f80312499056934c11	1
ipc_app/tuya_ipc/tuya_sdk_c9_5_x_bt/include/mbedtls/certs.h	9405	252	aa7281ddf2887a4edc01883c5a8ee5cd9aaf830fabf7e05f9e64937a19732c72	1
ipc_app/tuya_ipc/tuya_sdk_c9_5_x_bt/include/mbedtls/chacha20.h	8816	226	1dceb8b451d3b5a380d84cc4fc8627e70cb09782b30f3245725bb671d48a147b	1
ipc_app/tuya_ipc/tuya_sdk_c9_5_x_bt/include/mbedtls/chachapoly.h	16194	358	21ae0895c196fe66f9b10ee0f2bbb89cc37398ca55ac42f4054ea62788eb92ef	1
ipc_app/tuya_ipc/tuya_sdk_c9_5_x_bt/include/mbedtls/check_config.h	27600	702	41978b7f48f78b36e983b3ec7e4dd6d60a3d94483dda4d7900844f5ac46756c9	1
ipc_app/tuya_ipc/tuya_sdk_c9_5_x_bt/include/mbedtls/cipher.h	39243	872	87072a82bcbea119279ec25fb535fa1db1d2e4888be6ab5b0dd14bfcb0f3ce55	1
ipc_app/tuya_ipc/tuya_sdk_c9_5_x_bt/include/mbedtls/cipher_internal.h	3829	125	aaa7c0786798a86474f719d073a940653e61734f0d136a4603321bf41290b0d8	1
ipc_app/tuya_ipc/tuya_sdk_c9_5_x_bt/include/mbedtls/cmac.h	7994	213	6b5b2adce10bdda600d2bc63545d8aef35e93e23c4b95951f8e01389dfdbcffe	1
ipc_app/tuya_ipc/tuya_sdk_c9_5_x_bt/include/mbedtls/compat-1.3.h	129770	2531	560336a241e8e8d51c43f1478e791784b388dbcdcb73346364ba8a289db93e9b	1
ipc_app/tuya_ipc/tuya_sdk_c9_5_x_bt/include/mbedtls/config.h	2248	79	cef338caace4f44f87194f4da2364e2d914f37e04f5fc15dee345cf3f319d191	1
ipc_app/tuya_ipc/tuya_sdk_c9_5_x_bt/include/mbedtls/ctr_drbg.h	14260	380	6d6cf411dba523412bb38b549ffe615321b6bdfe562fcf8b4ceaaf4d03a171ca	1
ipc_app/tuya_ipc/tuya_sdk_c9_5_x_bt/include/mbedtls/debug.h	10154	265	6b2cfab54ff48fbe39127efec01ac0b75820b11ab96c8341675fe2007659522c	1
ipc_app/tuya_ipc/tuya_sdk_c9_5_x_bt/include/mbedtls/des.h	11361	356	196dbbf13890b4040dcb2a8b2b2374c038c0504eb3dec9139d08514ff5a44324	1
ipc_app/tuya_ipc/tuya_sdk_c9_5_x_bt/include/mbedtls/dhm.h	54771	1096	23bd808aa77fecf1ad0dc61d4be05565c531a0a7fa37aaae8324b2b9b5a92fad	1
ipc_app/tuya_ipc/tuya_sdk_c9_5_x_bt/include/mbedtls/ecdh.h	18538	440	583e760d46455e3c7c4f32d5085f3374e2bcf75bf3a105413f2dc70255c27a42	1
ipc_app/tuya_ipc/tuya_sdk_c9_5_x_bt/include/mbedtls/ecdsa.h	24837	545	217df95a35e3deda341748049a1850cc93d354cdfc7ac193bc774eefdd5deb7e	1
ipc_app/tuya_ipc/tuya_sdk_c9_5_x_bt/include/mbedtls/ecjpake.h	11328	277	d95744cbc277598e10299016d1d7cad346962b33c1f32f541021e461b4c395f4	1
ipc_app/tuya_ipc/tuya_sdk_c9_5_x_bt/include/mbedtls/ecp.h	50692	1132	d3bef8ad124eacefab8ddf61ff826155fd7eef9170da0b40425da5e4ff91ecdb	1
ipc_app/tuya_ipc/tuya_sdk_c9_5_x_bt/include/mbedtls/ecp_internal.h	10633	299	84e94fa8d757ad8e3b7d9453aab635f28396b78134b1b10305c5ee425f52c855	1
ipc_app/tuya_ipc/tuya_sdk_c9_5_x_bt/include/mbedtls/entropy.h	9701	289	377d60374c275105b8c33362b26c5405eabe868f5e14ad0c3596b2ed7b023e69	1
ipc_app/tuya_ipc/tuya_sdk_c9_5_x_bt/include/mbedtls/entropy_poll.h	3308	110	e1b77dd92b244e09064923aae8f31fdd334b158a3c15b0df5bdcabe3a9fce3d9	1
ipc_app/tuya_ipc/tuya_sdk_c9_5_x_bt/include/mbedtls/error.h	4051	129	e945998991d14775c81b4a063bdffda418d87e5707b7de1245abaf04cce17689	1
ipc_app/tuya_ipc/tuya_sdk_c9_5_x_bt/include/mbedtls/gcm.h	13916	326	d581d70ed13b3f6d4d44be682d7d05522957eabce7ebdd407ff35e8a732f2bc2	1
ipc_app/tuya_ipc/tuya_sdk_c9_5_x_bt/include/mbedtls/havege.h	1900	81	3752dc40dffb17b92ff2917838a4e8b973d95654892422be234f6b0f5779e424	1
ipc_app/tuya_ipc/tuya_sdk_c9_5_x_bt/include/mbedtls/hkdf.h	5894	141	ee4738accecd52b8ad0efeb0c3ccb651cbf7d44cb5720af583213cab25d8f2e0	1
ipc_app/tuya_ipc/tuya_sdk_c9_5_x_bt/include/mbedtls/hmac_drbg.h	12231	334	41b320f8c8f5f5e0d836af953bbe9cfdc7ebdca622714e0e633f4e1cd865c6b6	1
ipc_app/tuya_ipc/tuya_sdk_c9_5_x_bt/include/mbedtls/md.h	18040	468	013d571eda06d5892094a2f343c2e6ec1328dcbe56a4027b51b7aa4f2f672457	1
ipc_app/tuya_ipc/tuya_sdk_c9_5_x_bt/include/mbedtls/md2.h	9297	306	52172a6e62193f32b266b42765f4816fda39ee17c163bfde1ff12c338654c03b	1
ipc_app/tuya_ipc/tuya_sdk_c9_5_x_bt/include/mbedtls/md4.h	9528	311	e1c65ca2154866241c56ea0862c901dbcbdeda1b07e55c0bc997da67b9e64500	1
ipc_app/tuya_ipc/tuya_sdk_c9_5_x_bt/include/mbedtls/md5.h	9534	311	ec3804391e062232dd6d517cd84c279aa6fc8596678767a686b6e1c63edcac6e	1
ipc_app/tuya_ipc/tuya_sdk_c9_5_x_bt/include/mbedtls/md_internal.h	3083	115	40f2ad9b420c61c093ee975ad5585703c9f077a194847facf58ab125fff0c889	1
ipc_app/tuya_ipc/tuya_sdk_c9_5_x_bt/include/mbedtls/memory_buffer_alloc.h	5140	151	cf6ec674bcb187bcdeb8e66efeeae783634ccf9663d6362224cc07341c788c1c	1
ipc_app/tuya_ipc/tuya_sdk_c9_5_x_bt/include/mbedtls/net.h	1228	37	61663663d87387ff208c521a74d12e2a7fbdab6ee94a94d0a3702f15dda3801c	1
ipc_app/tuya_ipc/tuya_sdk_c9_5_x_bt/include/mbedtls/net_sockets.h	10901	271	1876b5a4328f662e2a65a1f02f8fb6199628360e5fdd4f5e8bdec902f3419872	1
ipc_app/tuya_ipc/tuya_sdk_c9_5_x_bt/include/mbedtls/nist_kw.h	7639	184	6d0cae7531f709cffeaf11c8214178eb55fdbf7dd38232a1a70a5b3143a26075	1
ipc_app/tuya_ipc/tuya_sdk_c9_5_x_bt/include/mbedtls/oid.h	32100	605	25fbe809d3f5750f31e3e33691a8b09d58a2f970ca80c8f5a25c266344dfc429	1
ipc_app/tuya_ipc/tuya_sdk_c9_5_x_bt/include/mbedtls/padlock.h	3876	126	46fca610e7f534ba12873d66fc01256719ec7c7d4b02700951fc70a8784c3a67	1
ipc_app/tuya_ipc/tuya_sdk_c9_5_x_bt/include/mbedtls/pem.h	5032	136	96e463a11e87b34f4de0aa8a3e59549cd072c1b9ceeced67c553c67a390352cb	1
ipc_app/tuya_ipc/tuya_sdk_c9_5_x_bt/include/mbedtls/pk.h	28837	747	5781003304166d2765b5853a18fbc87410b17da2ee342517ac476d38788b3af0	1
ipc_app/tuya_ipc/tuya_sdk_c9_5_x_bt/include/mbedtls/pk_internal.h	4592	138	4a3be081a1a59ee9987bc869b6b262f13148ad8b9da96ade76fa07d223b72506	1
ipc_app/tuya_ipc/tuya_sdk_c9_5_x_bt/include/mbedtls/pkcs11.h	5640	175	16b650638120b4a732257a2a46c0ed666f1a53fdc643c201a324a08539015005	1
ipc_app/tuya_ipc/tuya_sdk_c9_5_x_bt/include/mbedtls/pkcs12.h	5186	130	4134aff453fe166011f01816580267f7cf9021a90e10dd309c6c72ced164efb0	1
ipc_app/tuya_ipc/tuya_sdk_c9_5_x_bt/include/mbedtls/pkcs5.h	3521	109	89ff27fdbe3fade722719f00f99a8616fcdcada6db01430cc044394acd027a87	1
ipc_app/tuya_ipc/tuya_sdk_c9_5_x_bt/include/mbedtls/platform.h	12818	367	535631375b86ebe52d60f7162b2a8bbe75bfd8ce377d8a8c6558bd641e920c2f	1
ipc_app/tuya_ipc/tuya_sdk_c9_5_x_bt/include/mbedtls/platform_time.h	2122	82	551d9aa3782cbe2142ba11f483f39c82596d1f14a941d181345d66bd9f1c10b2	1
ipc_app/tuya_ipc/tuya_sdk_c9_5_x_bt/include/mbedtls/platform_util.h	7436	185	5836ec658049b432aa79d6a622efd8d1255b56fb7684152e7047c30f038fe87d	1
ipc_app/tuya_ipc/tuya_sdk_c9_5_x_bt/include/mbedtls/poly1305.h	7051	192	ced871bc9402aa6a6a3aab9d6ef9185d58f4faf2ed641e7671ddd2ced1f7df88	1
ipc_app/tuya_ipc/tuya_sdk_c9_5_x_bt/include/mbedtls/ripemd160.h	6966	237	8d244288045f55435e4016dcec854b3b96133de0688b97ea5555ce0f6b272266	1
ipc_app/tuya_ipc/tuya_sdk_c9_5_x_bt/include/mbedtls/rsa.h	64358	1271	68ad45ffc1366710bfc3887d001a5ab19806821e9791645e870cd5410362a713	1
ipc_app/tuya_ipc/tuya_sdk_c9_5_x_bt/include/mbedtls/rsa_internal.h	9001	226	2b2f8229f76f319ee9105d03bc5c9ba9da596eb57e374fb83f7cc932f230f087	1
ipc_app/tuya_ipc/tuya_sdk_c9_5_x_bt/include/mbedtls/sha1.h	12882	352	8f7f5cd9d4f8790c59b4768c5d18104b8acd7f850b6077fb153390ed2bac5617	1
ipc_app/tuya_ipc/tuya_sdk_c9_5_x_bt/include/mbedtls/sha256.h	11082	297	9487dd34935a483a52a9f2b781b8c63a3f477618aa3d8c76ac6d3d6cea9bd09b	1
ipc_app/tuya_ipc/tuya_sdk_c9_5_x_bt/include/mbedtls/sha512.h	11231	300	39d7989b4be27dce0183e47820113f2cd183fc1238ac4c4d27c1d55f096c4403	1
ipc_app/tuya_ipc/tuya_sdk_c9_5_x_bt/include/mbedtls/ssl.h	159204	3448	ebacbb738910f9074bdf4856c5d5abee7fdf930b2ce8737c5d9a92052b3dc19b	1
ipc_app/tuya_ipc/tuya_sdk_c9_5_x_bt/include/mbedtls/ssl_cache.h	4291	150	048f660f70f8cbfcdaab140180bdac3f1f72e6153ecc12a8867de9389d5da5d4	1
ipc_app/tuya_ipc/tuya_sdk_c9_5_x_bt/include/mbedtls/ssl_ciphersuites.h	26037	540	f4bab53796aa443ed5048fae1d3351e05d5492b9255abd492b1521bdea41e63f	1
ipc_app/tuya_ipc/tuya_sdk_c9_5_x_bt/include/mbedtls/ssl_cookie.h	3272	115	80cc1811e01301e3ae010e186a0a4d0272a941bfc269ce85b172d913d005618a	1
ipc_app/tuya_ipc/tuya_sdk_c9_5_x_bt/include/mbedtls/ssl_internal.h	30959	786	4e560d017f227027aa24f51dc2337048bff730e6c1762cf9a0d6b55b088fb839	1
ipc_app/tuya_ipc/tuya_sdk_c9_5_x_bt/include/mbedtls/ssl_ticket.h	4426	142	e8411f87c83ded66184e4d4fef6812c0e930d1512cdee0426e7553acb03aa38c	1
ipc_app/tuya_ipc/tuya_sdk_c9_5_x_bt/include/mbedtls/threading.h	4460	122	696ea6ca05c60daf4c55403be67c4f6c5f3263eeda9033f72b76a99194f88a99	1
ipc_app/tuya_ipc/tuya_sdk_c9_5_x_bt/include/mbedtls/timing.h	4698	153	64c2b3b1d9c788530eea5377ba1aa4ecb795623be51257c036145249097643ba	1
ipc_app/tuya_ipc/tuya_sdk_c9_5_x_bt/include/mbedtls/version.h	3391	112	dcd3cafe0bed96ab2cee4de76780f43942851f7a8743427cdafb7b80c884b283	1
ipc_app/tuya_ipc/tuya_sdk_c9_5_x_bt/include/mbedtls/x509.h	15438	337	72ce7703f99a0da13e665ba75bfeb8efc5ea3dfc1783f649a66a31cb569d03ee	1
ipc_app/tuya_ipc/tuya_sdk_c9_5_x_bt/include/mbedtls/x509_crl.h	5312	174	c218c7b3b9a183ad8452eccc6c4cf565179a92471faa0907afe051f2e8667e57	1
ipc_app/tuya_ipc/tuya_sdk_c9_5_x_bt/include/mbedtls/x509_crt.h	31532	785	9b90126a74cd37cea0c1c2f4ef5f90f0ec2f524e73ee502f2f7b76e191d755af	1
ipc_app/tuya_ipc/tuya_sdk_c9_5_x_bt/include/mbedtls/x509_csr.h	10454	307	a2b104141e20dc41a60eadff453764d7fe2353480041648a16ac7720622b0272	1
ipc_app/tuya_ipc/tuya_sdk_c9_5_x_bt/include/mbedtls/xtea.h	3687	139	c0675e4ce88fdd328991971d6650d6142612b8e2048c41038c276d3f28483ec9	1
ipc_app/tuya_ipc/tuya_sdk_c9_5_x_bt/include/mem_pool.h	6305	227	3a90150ae18a1f09dc07650bb5760344412c3b51c0cdaea31fd4b21898582c54	1
ipc_app/tuya_ipc/tuya_sdk_c9_5_x_bt/include/mf_test.h	4922	214	b41ec8942948d145731d36827e44d8678602d0297609edcfd199037181cdd9ad	1
ipc_app/tuya_ipc/tuya_sdk_c9_5_x_bt/include/mix_method.h	3266	124	6a4572a3c0be9ba2efe23e8a9f5a80e0d32128c661789de2c3047ad6913207b6	1
ipc_app/tuya_ipc/tuya_sdk_c9_5_x_bt/include/mqc_app.h	16844	476	ebea684b8c8615cdd3ed3684bc04a69538c03457ae10b733c27f881dc4d4b8b7	1
ipc_app/tuya_ipc/tuya_sdk_c9_5_x_bt/include/mqtt_client.h	9908	305	c9cd134df7a296d842a7fe02e782ac5dc3704c85d23acece8803f79defa7fd87	1
ipc_app/tuya_ipc/tuya_sdk_c9_5_x_bt/include/netcfg_module.h	8135	309	733db2f771621e2a78be1b6d4f38074e9fed80c66a9c13aede6494e7a701bc83	1
ipc_app/tuya_ipc/tuya_sdk_c9_5_x_bt/include/netif/bridgeif.h	5286	127	117fd9fc361fffb0a9eb35b2f4114c90039e09c90366fa2399428184e7211ea1	1
ipc_app/tuya_ipc/tuya_sdk_c9_5_x_bt/include/netif/bridgeif_opts.h	3546	90	ed95dc1ff51c74b57267ac619351df8bebf534f4cbb24bc5c416ccd924523491	1
ipc_app/tuya_ipc/tuya_sdk_c9_5_x_bt/include/netif/etharp.h	140	3	598f51cc6d1009880bd27d80d5c41ac0a64685b60bd5faff4677515317a8b015	1
ipc_app/tuya_ipc/tuya_sdk_c9_5_x_bt/include/netif/ethernet.h	2966	77	6c45b4855110f01cfb8a449ce195caaffa58652db918689d914e79246cbcae69	1
ipc_app/tuya_ipc/tuya_sdk_c9_5_x_bt/include/netif/ieee802154.h	5450	112	e90c1cc2b269a265c2f2320d8e1f062cb2fd1a0da072fb915b52e960e2056b5d	1
ipc_app/tuya_ipc/tuya_sdk_c9_5_x_bt/include/netif/lowpan6.h	3010	89	ed5b3401c22e18fd6e23e246b949568c62d8c28d00464e7a4e1f97ff97147f62	1
ipc_app/tuya_ipc/tuya_sdk_c9_5_x_bt/include/netif/lowpan6_ble.h	3192	78	9e2a7bbce1df7f0bae1639be59d6fe9ddd356603d9f6b2660f4289debea6e76a	1
ipc_app/tuya_ipc/tuya_sdk_c9_5_x_bt/include/netif/lowpan6_common.h	3194	82	e3d550248cbbc87e330f59c41ec6b612320242e6a4329820caf931accca6f80d	1
ipc_app/tuya_ipc/tuya_sdk_c9_5_x_bt/include/netif/lowpan6_opts.h	4389	122	a8cd5130120be7367f07faf9ea57681a34e49e01695fb5da73e232f705dcce0a	1
ipc_app/tuya_ipc/tuya_sdk_c9_5_x_bt/include/netif/ppp/ccp.h	5126	164	9629b99d93e3c7260c88675cc7351441178d5f336e5ba5b971d9d10243a20372	1
ipc_app/tuya_ipc/tuya_sdk_c9_5_x_bt/include/netif/ppp/chap-md5.h	1508	36	8bdeecfa0224223dabab2b8e6a5c04651eed5e6c80b979cc7b47f0e44ec2f99f	1
ipc_app/tuya_ipc/tuya_sdk_c9_5_x_bt/include/netif/ppp/chap-new.h	6386	200	f40a75b954e8479fd2696d187107b3a71ee9e6d2756fc73e979049da7b28d200	1
ipc_app/tuya_ipc/tuya_sdk_c9_5_x_bt/include/netif/ppp/chap_ms.h	1782	44	cb2eb95fe76e739049b3a2f3dcd041f1e9f348477d2388724959cf2885de728a	1
ipc_app/tuya_ipc/tuya_sdk_c9_5_x_bt/include/netif/ppp/eap.h	5741	169	f37bad779511372f8b398df2e459b081e13b761332e33f66bd09b7ee0c42f305	1
ipc_app/tuya_ipc/tuya_sdk_c9_5_x_bt/include/netif/ppp/ecp.h	2060	62	64f48a5301b09437df9d9270d59c1140cf32166b274e582f510aeff405d2222b	1
ipc_app/tuya_ipc/tuya_sdk_c9_5_x_bt/include/netif/ppp/eui64.h	3154	102	a7715aa16680379dfc62703112da1ca345e3bd219c1079ed2c0956f570c92070	1
ipc_app/tuya_ipc/tuya_sdk_c9_5_x_bt/include/netif/ppp/fsm.h	6567	182	3ee20821e270bee0ec4c807a03dc7fc0c395110122142310426d229a6735277a	1
ipc_app/tuya_ipc/tuya_sdk_c9_5_x_bt/include/netif/ppp/ipcp.h	5216	134	9100fe618f34fc2b9c31f462a36bdab00bdee3ab9bc0b1caba0a6f544b7eaa0e	1
ipc_app/tuya_ipc/tuya_sdk_c9_5_x_bt/include/netif/ppp/ipv6cp.h	7840	191	90a2b6e529467b24fb8b5c41cea5d20af5568ff535a6d40e6febd0a0918fee3d	1
ipc_app/tuya_ipc/tuya_sdk_c9_5_x_bt/include/netif/ppp/lcp.h	6989	179	bea16cac731fb7f0199269e30bbce0c896b2b680c966cef77b0ef6a27112d14f	1
ipc_app/tuya_ipc/tuya_sdk_c9_5_x_bt/include/netif/ppp/magic.h	4989	130	beb0d8c439f39d60af91429b6dd57b385860204b16910c653edd91df43986565	1
ipc_app/tuya_ipc/tuya_sdk_c9_5_x_bt/include/netif/ppp/mppe.h	6439	181	0dec116fbded31193275e5abc99d767278fe4dab35a25e2d77d71c9d9d035a0b	1
ipc_app/tuya_ipc/tuya_sdk_c9_5_x_bt/include/netif/ppp/polarssl/arc4.h	2857	81	0404bdb5bfa7b1ec28ccd1d62f2bce38b980c49659abca75f10779cbdd6ebd9a	1
ipc_app/tuya_ipc/tuya_sdk_c9_5_x_bt/include/netif/ppp/polarssl/des.h	3126	92	deb872305c3e0e097ac508706b6d158d8409c5075f0520620577e442b1f9db56	1
ipc_app/tuya_ipc/tuya_sdk_c9_5_x_bt/include/netif/ppp/polarssl/md4.h	3229	97	5c1fc263e83327de7bcc897287efde528f0f4bb786dafe31ae2ec5b454d0aac4	1
ipc_app/tuya_ipc/tuya_sdk_c9_5_x_bt/include/netif/ppp/polarssl/md5.h	3227	96	c8eca46bcdcb4745d5dcfdb6d73bf4efe9f74bd567abee46bf0217297133995b	1
ipc_app/tuya_ipc/tuya_sdk_c9_5_x_bt/include/netif/ppp/polarssl/sha1.h	3259	96	2800e8b2bdb15cfaaf3c2afeef947cec10b2ba78b7fced3fc5371b7b8c2311a8	1
ipc_app/tuya_ipc/tuya_sdk_c9_5_x_bt/include/netif/ppp/ppp.h	25648	698	3cea7154b66723c50abe749bda12821e0a95113dc23da08a13a95b603d1cc309	1
ipc_app/tuya_ipc/tuya_sdk_c9_5_x_bt/include/netif/ppp/ppp_impl.h	25615	722	c80ed8b4954bf86fd010253422086abe352ce35e52c556dfdd1056ef32e2271a	1
ipc_app/tuya_ipc/tuya_sdk_c9_5_x_bt/include/netif/ppp/ppp_opts.h	15960	610	62828d16862665bb58bd8f18816bc19fbeb57519cc184dd13dc498a338a36d7e	1
ipc_app/tuya_ipc/tuya_sdk_c9_5_x_bt/include/netif/ppp/pppapi.h	4584	137	63e8e37916f98c91fc8dd20460728fb571525e2310410c323810929f408746c8	1
ipc_app/tuya_ipc/tuya_sdk_c9_5_x_bt/include/netif/ppp/pppcrypt.h	4781	144	30b8d0e40bd366992a27800cb5139f5e116d7f346ae003cf945aac842d0a19db	1
ipc_app/tuya_ipc/tuya_sdk_c9_5_x_bt/include/netif/ppp/pppdebug.h	3317	88	8e1a9f01928b9c44ae283a2ae673fb80274c87edd471f8ec250bab8143722764	1
ipc_app/tuya_ipc/tuya_sdk_c9_5_x_bt/include/netif/ppp/pppoe.h	7585	187	97cc0a75fa633ccb9bf9765970fc3428b0c8099abb78228452756264c039d7d1	1
ipc_app/tuya_ipc/tuya_sdk_c9_5_x_bt/include/netif/ppp/pppol2tp.h	9073	209	e589e31b31bb3c8948e52f3a271ea72db8f56e5c24fb1a6ea1ca7e1c98c7c885	1
ipc_app/tuya_ipc/tuya_sdk_c9_5_x_bt/include/netif/ppp/pppos.h	4695	126	49e4472c077ae8f8b95a74d650f24567ad06a90e747b30c0ce0b4d9943764d4b	1
ipc_app/tuya_ipc/tuya_sdk_c9_5_x_bt/include/netif/ppp/upap.h	4270	131	52957fc1be26b98088b0cab3435772af73de1277b3b94f5099cbd529ae4a151b	1
ipc_app/tuya_ipc/tuya_sdk_c9_5_x_bt/include/netif/ppp/vj.h	6527	169	c9fbf250bf8ddc996a23f9d5c4556ba6e94dda9d228d1c691f50424095ef19a2	1
ipc_app/tuya_ipc/tuya_sdk_c9_5_x_bt/include/netif/slipif.h	3180	87	f9ec40aaca9ab54c04c8e70e8e50d689f22f762cbd57e4e09e5ec1f9fccaed6d	1
ipc_app/tuya_ipc/tuya_sdk_c9_5_x_bt/include/netif/zepif.h	2940	81	2f77f06432565dc13598c3717936d54dd7ebfd8cf66f52920d351dbe7544f4a7	1
ipc_app/tuya_ipc/tuya_sdk_c9_5_x_bt/include/openssl_encrypt.h	1927	55	1c5f91f1a32c582427ba9810258f48ba87cd4e02711a19201107528b4b9993f0	1
ipc_app/tuya_ipc/tuya_sdk_c9_5_x_bt/include/pegasus_frame.h	4172	97	ce5d07a3a144eacc5747a7ef43131a1c14dffcdda0cd96de6dee6ca346126d8e	1
ipc_app/tuya_ipc/tuya_sdk_c9_5_x_bt/include/pegasus_netcfg.h	90	6	a03d58256101b4e19ff3a90740dc841f220b34f46b3c037ffce8371af503e91d	1
ipc_app/tuya_ipc/tuya_sdk_c9_5_x_bt/include/prod_test.h	2157	60	03e7ec2729edacf3c67051caaa99f121ec962ac8bbae7606f39af3696af4f0a4	1
ipc_app/tuya_ipc/tuya_sdk_c9_5_x_bt/include/rpc_udp.h	3466	136	3d20b0e76172e4d167262e99c40e7b520f2b61defe7d3348846fbb32b0b09e1e	1
ipc_app/tuya_ipc/tuya_sdk_c9_5_x_bt/include/rtp/tuya_ipc_aac_rtp.h	3746	113	878c957b58b4c02de779081dccfce4919ce2f05d01fafc471f878b3f4feed1fe	1
ipc_app/tuya_ipc/tuya_sdk_c9_5_x_bt/include/rtp/tuya_ipc_g711_rtp.h	1022	41	45ff1e7abe5ab3a678c80f5817e9be9a4d9bf5d3ff3628516ae29b8f550aee81	1
ipc_app/tuya_ipc/tuya_sdk_c9_5_x_bt/include/rtp/tuya_ipc_h264_rtp.h	2840	93	da676456f0d230d1c35dbe8b134bfd8abe468e02f9bfd4e97b44de960b43ba18	1
ipc_app/tuya_ipc/tuya_sdk_c9_5_x_bt/include/rtp/tuya_ipc_rtp.h	3679	152	6bfeffc16d4ace856067eac180f858030eb9cc73f537aec45ac192ed8bb56f84	1
ipc_app/tuya_ipc/tuya_sdk_c9_5_x_bt/include/sdk_version.h	4040	137	0d22b88023591448338d3fdf31392dcca8500fb1952002522193152beab1c47a	1
ipc_app/tuya_ipc/tuya_sdk_c9_5_x_bt/include/smart_frame.h	10033	346	424c858531ef1bd117e567436001cdf56720a6cd34db501dbfd118f15efde9d9	1
ipc_app/tuya_ipc/tuya_sdk_c9_5_x_bt/include/srtp.h	71571	1759	b3599905264c9d333e34e42204ab9d2f75eaca14b6395c40bf0e946fd1addf63	1
ipc_app/tuya_ipc/tuya_sdk_c9_5_x_bt/include/storage_service.h	551	16	789e1fbbbbd11691498d7467e9a370392fd0473ee55257c0ef2f15d4dae7eaa4	1
ipc_app/tuya_ipc/tuya_sdk_c9_5_x_bt/include/svc_pegasus.h	3962	97	49bbbb5ce62712d220778c2738593eca7d2fc362b0f6a7d6d74fe752e14aa78b	1
ipc_app/tuya_ipc/tuya_sdk_c9_5_x_bt/include/sys_timer.h	3838	167	5dcd533f9b7b62728fe33437634c7f0a0fe3d8495a7ce931fa9c58e3d32ee38a	1
ipc_app/tuya_ipc/tuya_sdk_c9_5_x_bt/include/thing_config.h	530	21	bc9da056a3f53e527c07d9bd4046a817df0628537486e2d12197471b0369dc24	1
ipc_app/tuya_ipc/tuya_sdk_c9_5_x_bt/include/tlink_bc.h	2488	75	2ff471bb15e77b985da1acfaad663da55ffba948a28c1db1626eaf6214fe955c	1
ipc_app/tuya_ipc/tuya_sdk_c9_5_x_bt/include/tstool/ac3_fns.h	1687	59	78ac87fbc0966ee1dc3c0981e3493e09a5387cbf8ba7dc21e2a03a20c3a70251	1
ipc_app/tuya_ipc/tuya_sdk_c9_5_x_bt/include/tstool/accessunit_defns.h	5885	138	85215b4643d024e58bb7a6db9ff4dcb1a0f3d184939585164b39f512fb404ea4	1
ipc_app/tuya_ipc/tuya_sdk_c9_5_x_bt/include/tstool/accessunit_fns.h	11949	305	eb97c16fb7d5515250576058546279e3cc205033f7466e834d1999133ab5013e	1
ipc_app/tuya_ipc/tuya_sdk_c9_5_x_bt/include/tstool/adts_defns.h	1822	53	d74fb2da4827bde55048261f74d96fb96d053ae59f766c4344a8ec7230d8cb3d	1
ipc_app/tuya_ipc/tuya_sdk_c9_5_x_bt/include/tstool/adts_fns.h	2401	77	ad5ec271ef904066e1d56851bc455366713d4416c3f4d420ea0a1fff431c7603	1
ipc_app/tuya_ipc/tuya_sdk_c9_5_x_bt/include/tstool/audio_defns.h	2239	69	f1365b767009baec712a962596672d973bcdbdb756ba4089d379fcce0d5ce498	1
ipc_app/tuya_ipc/tuya_sdk_c9_5_x_bt/include/tstool/audio_fns.h	2234	73	bb2f044986171a1816e6f61b6c0e028d7434fc3f1bde8fa305382a793649765c	1
ipc_app/tuya_ipc/tuya_sdk_c9_5_x_bt/include/tstool/avs_defns.h	5429	139	31445eb4e27a3f15da2bf28031ad48bee99f192bc05523f44819c2051c886fde	1
ipc_app/tuya_ipc/tuya_sdk_c9_5_x_bt/include/tstool/avs_fns.h	7041	203	7d32ccd3d90a68da0e248ef3a09745c06c2d2fdf9588436e882eeb20ccece2d9	1
ipc_app/tuya_ipc/tuya_sdk_c9_5_x_bt/include/tstool/bitdata_defns.h	1574	54	baaf0ddc96b0881a31a261bf7b131747d5fe28ef3c230885a189794be86d4891	1
ipc_app/tuya_ipc/tuya_sdk_c9_5_x_bt/include/tstool/bitdata_fns.h	3551	123	382a52ae60f35337b5a2fe2913ea5a2bf17ea839bff089c3cc6781fe066f376c	1
ipc_app/tuya_ipc/tuya_sdk_c9_5_x_bt/include/tstool/compat.h	5315	163	bc734422014d2e81baec32c5398724ab46a72ccf92c2e4f8245b16843f20724b	1
ipc_app/tuya_ipc/tuya_sdk_c9_5_x_bt/include/tstool/es_defns.h	5838	151	868e917155f7e0aea879ca2c82183be29de2bf946eea82f110d8d4eec8ec96f5	1
ipc_app/tuya_ipc/tuya_sdk_c9_5_x_bt/include/tstool/es_fns.h	14989	434	b6d0dbc7975a36149355e0bb132ba9cf25a90742a12e16b6828e78f937734095	1
ipc_app/tuya_ipc/tuya_sdk_c9_5_x_bt/include/tstool/ethernet.h	1984	80	8ecfe7f3b99da4740bf509934a2bd8f235ade5ae37476dc6c8d66c55e6a33cf2	1
ipc_app/tuya_ipc/tuya_sdk_c9_5_x_bt/include/tstool/filter_defns.h	4276	113	81a8db39a2f401cd852452085774fce3095443f15a458b64904c2ff71605254b	1
ipc_app/tuya_ipc/tuya_sdk_c9_5_x_bt/include/tstool/filter_fns.h	10762	269	6914d8a98c293499069ccc808c7e6a4f7bfc57d3b52c9763c35784b2ed44e074	1
ipc_app/tuya_ipc/tuya_sdk_c9_5_x_bt/include/tstool/fmtx.h	1966	65	679fb2c5d56099d593039bfbe3fcfe5c879a175ad7ca695df2e956cdb82a2ff4	1
ipc_app/tuya_ipc/tuya_sdk_c9_5_x_bt/include/tstool/h222_defns.h	9519	216	4919a703e55b69708b9f0c139395624e14c02930c07200cdd83f4fc7f3cf8eab	1
ipc_app/tuya_ipc/tuya_sdk_c9_5_x_bt/include/tstool/h222_fns.h	1401	45	88edadfd1e9d02802115ce942dab4184c0856971181ab84c93808bcb411658d3	1
ipc_app/tuya_ipc/tuya_sdk_c9_5_x_bt/include/tstool/h262_defns.h	11169	255	b9ea6982b684359b7f95f98f829061189b6741c3329fa62a6408fc10307df6a2	1
ipc_app/tuya_ipc/tuya_sdk_c9_5_x_bt/include/tstool/h262_fns.h	8734	242	b1e08f1b2007b90a17e0d6d8772a5643654c2747b640f22dc958fdca7c9e9b10	1
ipc_app/tuya_ipc/tuya_sdk_c9_5_x_bt/include/tstool/ipv4.h	2629	131	3912d1665d8c20b482d08b84f2a0f60969e1b21ea4967d4954d9d9c837eb7821	1
ipc_app/tuya_ipc/tuya_sdk_c9_5_x_bt/include/tstool/l2audio_fns.h	2173	72	f312ae41967f7c0c8d165bce76910cdd785bb63419503db87e215e869e8e07ac	1
ipc_app/tuya_ipc/tuya_sdk_c9_5_x_bt/include/tstool/misc_defns.h	2193	65	78ef7714e300218799295770f4adca17041a4f65e01e40d8424d3d5bf276c88a	1
ipc_app/tuya_ipc/tuya_sdk_c9_5_x_bt/include/tstool/misc_fns.h	16171	468	d5423c90c7ab4d2fdc04c7bc359830f5bb3746da526dfb34a395f1046c5a650e	1
ipc_app/tuya_ipc/tuya_sdk_c9_5_x_bt/include/tstool/nalunit_defns.h	9525	271	662e3df59c1d30d48d339388c1e004a48ef91ba4f69d27b03d3bc7df025cbe00	1
ipc_app/tuya_ipc/tuya_sdk_c9_5_x_bt/include/tstool/nalunit_fns.h	12153	353	4ad7506a0b5841859a14bc6ea1259e81cde1d53b6041e4210075f779f3a1ded8	1
ipc_app/tuya_ipc/tuya_sdk_c9_5_x_bt/include/tstool/pcap.h	3422	146	5f814975ca3dfd094f1d22c56cbad59f339a6503aaa00d1db30933f414ee461d	1
ipc_app/tuya_ipc/tuya_sdk_c9_5_x_bt/include/tstool/pes_defns.h	10441	235	b59884fffb55c84aabb76165a6c43e1d6b843a4917ff5f6cb7ff588b40dc0060	1
ipc_app/tuya_ipc/tuya_sdk_c9_5_x_bt/include/tstool/pes_fns.h	21316	553	f45028ec45211a7c4b1cf1f75bfe54f27d6d0695a459be5dc24d6ba19d94aa4c	1
ipc_app/tuya_ipc/tuya_sdk_c9_5_x_bt/include/tstool/pidint_defns.h	2975	94	eec19491446d4131a5dd7590c66a2063964a32ca57c423698cbeaaa411cca85c	1
ipc_app/tuya_ipc/tuya_sdk_c9_5_x_bt/include/tstool/pidint_fns.h	8252	247	f3ba6546aca69426d944f035ea2042c5e3b27da9b3cc04726599b2a19ca359b2	1
ipc_app/tuya_ipc/tuya_sdk_c9_5_x_bt/include/tstool/ps_defns.h	5587	144	7edd5d11afd4057fdc1ea37ee9fca43dabd61d08de2e5411875a380ea4e5f395	1
ipc_app/tuya_ipc/tuya_sdk_c9_5_x_bt/include/tstool/ps_fns.h	13753	358	d75d85f445a8aef37d8cb8fde51d43e84e0c012928da99749a147c61df40abd2	1
ipc_app/tuya_ipc/tuya_sdk_c9_5_x_bt/include/tstool/reverse_defns.h	5904	134	243533ea3b02779b7ccfc9ea606f93919dd2d730ed2642ddefc65d108fe1db37	1
ipc_app/tuya_ipc/tuya_sdk_c9_5_x_bt/include/tstool/reverse_fns.h	15463	340	58e95323ed2dbf4ca9a0dc6d0a49b33f32c41ba251d1ff26f25392a39e8ac9e2	1
ipc_app/tuya_ipc/tuya_sdk_c9_5_x_bt/include/tstool/ts_defns.h	2756	77	4d0959de286935db71a62316480fc1d3960a9b7cceb030bae3c1d65569cf2b47	1
ipc_app/tuya_ipc/tuya_sdk_c9_5_x_bt/include/tstool/ts_fns.h	33532	782	78d50212d5ab36116cceff21b6473f291ecbf92c9bc683b443301fed038ab34e	1
ipc_app/tuya_ipc/tuya_sdk_c9_5_x_bt/include/tstool/tswrite_defns.h	14080	343	3e0d852dfb8031d3fd9585b32b56e8149e548035cd1e67bda688945a314a8f0f	1
ipc_app/tuya_ipc/tuya_sdk_c9_5_x_bt/include/tstool/tswrite_fns.h	14345	352	52e52cb7a47336940cd11d76c1fbe4ea0503fd84ccd91a5079618f4fbbb00f4d	1
ipc_app/tuya_ipc/tuya_sdk_c9_5_x_bt/include/tstool/version.h	1505	48	72d9f7ac81f351d3719e0328d73956527abdde3a9328b0f9323b533e5f5e8d62	1
ipc_app/tuya_ipc/tuya_sdk_c9_5_x_bt/include/tstool/video_defns.h	1571	49	d4c62541c6676cc7c542831940a965d09bafc3e11d2363a24b2e3bc70777bd87	1
ipc_app/tuya_ipc/tuya_sdk_c9_5_x_bt/include/tuya_adc.h	2618	115	081e5c5b39bad18bd055a25995c9316656ab4ec72e8c5119efbd9f5091260091	1
ipc_app/tuya_ipc/tuya_sdk_c9_5_x_bt/include/tuya_base_utilities.h	771	46	678a2d27f3f094f671656c1546bb33c529123d87a9f86ff093ab286c365b0ce2	1
ipc_app/tuya_ipc/tuya_sdk_c9_5_x_bt/include/tuya_bt.h	6887	266	b206d91dd8b8347f72a6bb32efbbeeea252d772297d9caf771bae09ca9e988b6	1
ipc_app/tuya_ipc/tuya_sdk_c9_5_x_bt/include/tuya_cli.h	1374	72	a5b4ec0532d53e938a0bb7a924439cf16deab95bd04fce651f4c7295a826a26c	1
ipc_app/tuya_ipc/tuya_sdk_c9_5_x_bt/include/tuya_cloud_base_defs.h	1700	71	4543dcce5d7684eabe291ef7b18b384e9b7f2f2a62575afccd8bea33ee190ca6	1
ipc_app/tuya_ipc/tuya_sdk_c9_5_x_bt/include/tuya_cloud_com_defs.h	23863	836	3507f51904b3a497c2e8c0c2c95daf6e4c242f1bccdb9d42d78c8a85fa625357	1
ipc_app/tuya_ipc/tuya_sdk_c9_5_x_bt/include/tuya_cloud_error_code.h	10332	249	cf3558a1c36c615f790abfc3ef501cda7c1e5154f42584c1bda60ec6331c2fc1	1
ipc_app/tuya_ipc/tuya_sdk_c9_5_x_bt/include/tuya_cloud_types.h	3946	200	2c1c25d1863c04809a3f33f65d51b561196ed77e4b387af2ba359b8a8858eb36	1
ipc_app/tuya_ipc/tuya_sdk_c9_5_x_bt/include/tuya_cloud_wifi_defs.h	5449	133	d268b2a4cfd27b9428e5ad5d5144d77a1d5f0798e07c5b9d554d150d0348b878	1
ipc_app/tuya_ipc/tuya_sdk_c9_5_x_bt/include/tuya_coap_helper.h	2580	87	e9b6f2a91593662102559bcd5d3de177dae88fe06f516774781df4d7c55f97dd	1
ipc_app/tuya_ipc/tuya_sdk_c9_5_x_bt/include/tuya_devos.h	2106	89	c4a99f40f6e5f9668c8acc6ab3d00ddb3d079f59b9a2dcf546db117f8173789d	1
ipc_app/tuya_ipc/tuya_sdk_c9_5_x_bt/include/tuya_devos_activate.h	2658	122	de406c698badba41de65364c45e59e91b971353fa19f5f90f7d0ae998fc079f1	1
ipc_app/tuya_ipc/tuya_sdk_c9_5_x_bt/include/tuya_devos_entry.h	2675	114	3f0a86a53b8c6bf185ddcaca379bc5dc74add302aadf6898c09bc6afb832ec0a	1
ipc_app/tuya_ipc/tuya_sdk_c9_5_x_bt/include/tuya_devos_netcfg.h	5102	193	27f1660e0a3580eca24d71ece3a3987ad05dbc3d74b8e59b46e28d5306fcf926	1
ipc_app/tuya_ipc/tuya_sdk_c9_5_x_bt/include/tuya_devos_netlink.h	4504	172	f116ed137c2e6bf052b4d5d0468f5e0227f17edb5191e5f221d25dbda7babe78	1
ipc_app/tuya_ipc/tuya_sdk_c9_5_x_bt/include/tuya_devos_reset.h	1757	75	c55dc444105cd289ce4688ac4b101737028ca7797d7b3efff78e5a407ba2a315	1
ipc_app/tuya_ipc/tuya_sdk_c9_5_x_bt/include/tuya_devos_utils.h	2316	113	14e543c9d7ebb55badc65aae2f7176045e43a33c54db411c0822f224631d8218	1
ipc_app/tuya_ipc/tuya_sdk_c9_5_x_bt/include/tuya_driver.h	2219	105	ef35d90b8136579b8f09425787b42a3f61b38d4e05fc9783c68dc63790e8ce3b	1
ipc_app/tuya_ipc/tuya_sdk_c9_5_x_bt/include/tuya_error_code.h	26055	459	eabac01ac71e3c35b4f635d1abbe6ec1df363372a84523b2a9cab9b3829cb0b0	1
ipc_app/tuya_ipc/tuya_sdk_c9_5_x_bt/include/tuya_ffs.h	1853	75	e85ee3560fc4c5c83b2f76b58cea9b87ba30674cbfbfba32c20e5779531b0680	1
ipc_app/tuya_ipc/tuya_sdk_c9_5_x_bt/include/tuya_ffs_adapter.h	1241	38	70cfea52f7feb041da213741d5831a27a07c749aee3fdcea52299ee5f5dad60f	1
ipc_app/tuya_ipc/tuya_sdk_c9_5_x_bt/include/tuya_ffs_config.h	1544	56	79e23aaee278784b6bc7eabd606d28bb99c076dd210bc2bf7c7ff7f5209ee6a3	1
ipc_app/tuya_ipc/tuya_sdk_c9_5_x_bt/include/tuya_ffs_dss.h	1018	47	e21ca242444f630caf887ae360ab66eea10b4aeec8900d7016a06eda8032847b	1
ipc_app/tuya_ipc/tuya_sdk_c9_5_x_bt/include/tuya_ffs_inc.h	1127	67	f21af81e44ec59fbf22a72e89247caf17a0c1b00868f4897d5bd3bde35cc895d	1
ipc_app/tuya_ipc/tuya_sdk_c9_5_x_bt/include/tuya_ffs_stream.h	1138	48	398f76ba00d0ea8aa19055d983e83b81d7f26cf6883cac9537fed3298ff0aaec	1
ipc_app/tuya_ipc/tuya_sdk_c9_5_x_bt/include/tuya_gpio.h	4057	182	3be4bd495a166a70df1b6fb3cfd2d65fcbe8f661b4a36e2677acd29f1f3c4361	1
ipc_app/tuya_ipc/tuya_sdk_c9_5_x_bt/include/tuya_hal_ble_mesh_prov.h	1071	45	9d6d8558ab9dd5b7926000c7f4c1954ece82944b37395d8eae3ebde52859130b	1
ipc_app/tuya_ipc/tuya_sdk_c9_5_x_bt/include/tuya_hal_bt.h	5579	220	8d6e76cdf006cbe09d5a4b0e7fe3abe0fa267acb7268e6bc449629fe4b8b3e6d	1
ipc_app/tuya_ipc/tuya_sdk_c9_5_x_bt/include/tuya_hal_cellular.h	981	36	792f8d1649979c118e9420a0013d3ab1476fb7d66f017c7f818ef38225009085	1
ipc_app/tuya_ipc/tuya_sdk_c9_5_x_bt/include/tuya_hal_fs.h	6841	278	6dd6cdc2faaac38682ed38b0b9e05a1adafff9fd5293e6ecbc36332db8ac676b	1
ipc_app/tuya_ipc/tuya_sdk_c9_5_x_bt/include/tuya_hal_memory.h	1512	68	3c46940536724f2801d1bc6ba9aa88c3b1126e0abd971df5fe3828dc4754cb81	1
ipc_app/tuya_ipc/tuya_sdk_c9_5_x_bt/include/tuya_hal_mutex.h	1609	80	244b8a841aa3a377350e517818dae080d014144d2a5bd1264da94559b6d9d99f	1
ipc_app/tuya_ipc/tuya_sdk_c9_5_x_bt/include/tuya_hal_network.h	13808	485	3260833b0776ff0e6b65852475f8f92b82ca4dc02b2235e71017a58a17759555	1
ipc_app/tuya_ipc/tuya_sdk_c9_5_x_bt/include/tuya_hal_ota.h	1954	75	f24d0550161852af041655465875665709c6b5b58e0107c15ac51498ee16a3d8	1
ipc_app/tuya_ipc/tuya_sdk_c9_5_x_bt/include/tuya_hal_output.h	1256	68	259e5bb458bc4f6ec3233d04511ea7c2d9236490120a92fe4bfbc7c07dd7e994	1
ipc_app/tuya_ipc/tuya_sdk_c9_5_x_bt/include/tuya_hal_queue.h	1719	69	34f4ae33a75f13e42ce9f56664c141cb7b9793715dac408d852875a4303c3fda	1
ipc_app/tuya_ipc/tuya_sdk_c9_5_x_bt/include/tuya_hal_semaphore.h	2160	95	d8d7a33fa7bb0cbef4f5e158c07c27572bbf1745121516b0dc2d539d6bed80f8	1
ipc_app/tuya_ipc/tuya_sdk_c9_5_x_bt/include/tuya_hal_storage.h	2643	121	e9a0f394e3b73835adf0ed3231c2c9fb6795c85dd124713b309b49ffe8d79627	1
ipc_app/tuya_ipc/tuya_sdk_c9_5_x_bt/include/tuya_hal_system.h	3214	169	5ea25f6021f870cbd98c5fd648443f4894689f57d7b414f449d6324c62bd41e7	1
ipc_app/tuya_ipc/tuya_sdk_c9_5_x_bt/include/tuya_hal_thread.h	2641	105	a0ddfc4aa38a0eb30bd5493654fd393c512cb7a6c85cde146bd425b2bc8fc059	1
ipc_app/tuya_ipc/tuya_sdk_c9_5_x_bt/include/tuya_hal_wifi.h	7497	272	5df17b831ef1b08b35ef98282de989d95ceedc8c3fdcf26107072ccb6b438ab8	1
ipc_app/tuya_ipc/tuya_sdk_c9_5_x_bt/include/tuya_hal_wired.h	3640	145	2dfe1db90d1ae6d2f6661bf424c110d815b23c7c72406feba6b790c7e1f16ec6	1
ipc_app/tuya_ipc/tuya_sdk_c9_5_x_bt/include/tuya_i2c.h	4471	162	acb9bf2bf5a810092986411d275528901b3cad817dd1032e05f12d9015965c59	1
ipc_app/tuya_ipc/tuya_sdk_c9_5_x_bt/include/tuya_i2s.h	4221	160	1417eea0f8ee1727c4c465edf07df141947b1239af9305e4c9c0543f3e5f19ec	1
ipc_app/tuya_ipc/tuya_sdk_c9_5_x_bt/include/tuya_iot_api_pre_handle.h	5499	127	c6644ccbc8cad488c766c4030e9eb12ceecb6c39c5209a790df2a0f1dcd82ba5	1
ipc_app/tuya_ipc/tuya_sdk_c9_5_x_bt/include/tuya_iot_base_api.h	3508	119	eb22ed3d78558a8337e27ea0de6ab9d05cb20088eccdc319beb1b46912596bf1	1
ipc_app/tuya_ipc/tuya_sdk_c9_5_x_bt/include/tuya_iot_com_api.h	19086	659	15fb9043694a6356a4797ea1d4d4d3bdbb7f3af238885fa576ddc9285ecede2a	1
ipc_app/tuya_ipc/tuya_sdk_c9_5_x_bt/include/tuya_iot_config.h	8465	531	5e3d919d8a47ab414afffe9bde6fff349278c1955333c1f8a2e4db55c330c80a	1
ipc_app/tuya_ipc/tuya_sdk_c9_5_x_bt/include/tuya_iot_dev_check.h	3442	101	17b006e56b422986444d2a3ca02436785eac9902075340ceea68d0705f3b2d7f	1
ipc_app/tuya_ipc/tuya_sdk_c9_5_x_bt/include/tuya_iot_internal_api.h	11593	497	7e2123b46a73c3bb6676d0ee037bd6b414819219dad324044bfafa40643f7fd0	1
ipc_app/tuya_ipc/tuya_sdk_c9_5_x_bt/include/tuya_iot_wifi_api.h	6456	240	4e25a518722941506ca076ecd01830181d0bc2d73e4481827abc29d3edc3024d	1
ipc_app/tuya_ipc/tuya_sdk_c9_5_x_bt/include/tuya_iot_wired_wifi_api.h	7994	187	34d3664e97370b96049e356038da568014c3d08838fce2286b2694ad264a4a88	1
ipc_app/tuya_ipc/tuya_sdk_c9_5_x_bt/include/tuya_ipc_ai_detect_storage.h	1797	66	92d4f65f88b2c334b8398db1234ffb679e8b22657a14e396741a24ad49681c3d	1
ipc_app/tuya_ipc/tuya_sdk_c9_5_x_bt/include/tuya_ipc_ai_face_db.h	1536	74	9f632db88b086a416bf95db6f144e7ce2c586864af6b83aa337933a53ab64131	1
ipc_app/tuya_ipc/tuya_sdk_c9_5_x_bt/include/tuya_ipc_ai_face_detect.h	3122	94	023405c91534e8b7560e21b7da2a8e86fb813ba752124f49ecc878a14f448962	1
ipc_app/tuya_ipc/tuya_sdk_c9_5_x_bt/include/tuya_ipc_api.h	570	27	bed9a545bb406ccb2c7a4d6067631ff4a1d83eadc979c1dbfd8d750a02c8a14b	1
ipc_app/tuya_ipc/tuya_sdk_c9_5_x_bt/include/tuya_ipc_cloud_storage.h	6940	207	c312898c3e1bbe2b492ae46e168cba5c549a133f3f82f3476a9ae8d9b51c7dc5	1
ipc_app/tuya_ipc/tuya_sdk_c9_5_x_bt/include/tuya_ipc_doorbell.h	1892	58	10383d2ba5487ff6931e144d0228d0a57569698fe0e45c77867e0910194f3db4	1
ipc_app/tuya_ipc/tuya_sdk_c9_5_x_bt/include/tuya_ipc_dp.h	1587	45	af3bb83ef1e2cb0e675c2fc40697a4d041cb449395c26ce01851f5bdaa02826c	1
ipc_app/tuya_ipc/tuya_sdk_c9_5_x_bt/include/tuya_ipc_event.h	5146	129	c94d75084466d30e7ceca0448040d30dd09be31b0dd26db33df8f5f39c1add90	1
ipc_app/tuya_ipc/tuya_sdk_c9_5_x_bt/include/tuya_ipc_img_defs.h	2474	97	c17a1bd6a0854c21f4ba63c42d170d330a843b81cb7cb4307ce4be7297567c87	1
ipc_app/tuya_ipc/tuya_sdk_c9_5_x_bt/include/tuya_ipc_img_proc.h	3759	106	4fc32431ea3d1d1f50dfe6afb4637a61c35c3e9ce22940bc4925ccdb6733dc19	1
ipc_app/tuya_ipc/tuya_sdk_c9_5_x_bt/include/tuya_ipc_log.h	842	30	a0ea738f51dae56d9811ccc645b8aa17203513b6a06fdedb8928ef48cb005bc0	1
ipc_app/tuya_ipc/tuya_sdk_c9_5_x_bt/include/tuya_ipc_log_seq.h	1792	26	c5628464f6be1d37bff5ced30975214b3506da3ecd293a68dce70a0bc59c2ded	1
ipc_app/tuya_ipc/tuya_sdk_c9_5_x_bt/include/tuya_ipc_low_power_api.h	1184	38	8863913f6c99f581b9f49b73fab41a83151c5d80857c6a20d938e212b2767654	1
ipc_app/tuya_ipc/tuya_sdk_c9_5_x_bt/include/tuya_ipc_media.h	3431	147	a2fd2b4e580596a13bc78714d7bed98694a1fb798a85b9de02c760db5fe1730a	1
ipc_app/tuya_ipc/tuya_sdk_c9_5_x_bt/include/tuya_ipc_moto_mqtt.h	934	50	c833bdb7fba95d85d8d7a5e95ab408fd8f0fe1444e42db2ef347c6330bd4515e	1
ipc_app/tuya_ipc/tuya_sdk_c9_5_x_bt/include/tuya_ipc_mqtt_subscribe.h	1328	44	939a62876400ea96272509ea7414c24d5d52d03d6893cd282bbf9f20eae61622	1
ipc_app/tuya_ipc/tuya_sdk_c9_5_x_bt/include/tuya_ipc_notify.h	8094	216	d9c90cb38058e4a0bc2a2b5f54a0dd6d4ab53e05116e2d4b110690c4f49d7098	1
ipc_app/tuya_ipc/tuya_sdk_c9_5_x_bt/include/tuya_ipc_p2p.h	18159	553	cfabc728595ada4a119fc953310f2c148409e8e7672a862667e7837f0280dc0e	1
ipc_app/tuya_ipc/tuya_sdk_c9_5_x_bt/include/tuya_ipc_p2p_common.h	3112	121	4810724a76eb2fb68514346cf7de2ac6fcd8aa99da7313d01aea7a9e44925cc2	1
ipc_app/tuya_ipc/tuya_sdk_c9_5_x_bt/include/tuya_ipc_p2p_error.h	1366	29	b38de8479a3646130accb42a50fce5fbc1a4b404879cbe68de23849510c28db0	1
ipc_app/tuya_ipc/tuya_sdk_c9_5_x_bt/include/tuya_ipc_ptz.h	1567	59	b13c7878736ac3d1d874fb2e448a516ea8b4f8af435472a2993c58bbcdb94a3b	1
ipc_app/tuya_ipc/tuya_sdk_c9_5_x_bt/include/tuya_ipc_qrcode_proc.h	1665	43	941eca34dac91da0bd5046eeb5b5fcb47cdeca63b4067ffcaf1a35ceb77bcb8b	1
ipc_app/tuya_ipc/tuya_sdk_c9_5_x_bt/include/tuya_ipc_sdk_info.h	4268	156	7eeac999f373c0e55d9f8d295404295a4d29997a4c757d714c0373d39ce3d2c7	1
ipc_app/tuya_ipc/tuya_sdk_c9_5_x_bt/include/tuya_ipc_sdk_init.h	6433	192	25394a791becca3bc3093971d8bd1364fdc404cbe41ff839924bccd2edc48520	1
ipc_app/tuya_ipc/tuya_sdk_c9_5_x_bt/include/tuya_ipc_skill.h	837	42	a0a1edf0d66a58f0caf11e24058bd03a2abc20c29527ea75684edfdfa443dc45	1
ipc_app/tuya_ipc/tuya_sdk_c9_5_x_bt/include/tuya_ipc_stream_storage.h	15966	470	04428d80368581d912e16218fdfee928912d75486032b1c21dbd4d1c76fea9d8	1
ipc_app/tuya_ipc/tuya_sdk_c9_5_x_bt/include/tuya_ipc_upgrade.h	2569	77	449479d7612a78e1bfe2454d2c56c38a2e072d0ed6f6f7d3a177732c499e9c01	1
ipc_app/tuya_ipc/tuya_sdk_c9_5_x_bt/include/tuya_ipc_video_msg.h	1769	73	87ef64a11fb19ae9187372994e4bac0ac442cb72acdec7a7042c4a2a83f7c00d	1
ipc_app/tuya_ipc/tuya_sdk_c9_5_x_bt/include/tuya_ipc_video_proc.h	4707	126	d15a0ce1798d6e0eb5db0f8fb3c3f523b6697ec7260b010dcef0f0a29f5970f0	1
ipc_app/tuya_ipc/tuya_sdk_c9_5_x_bt/include/tuya_ipc_voice.h	2958	96	aa6d095ba70d4adf3edeab891ffd24372ef66d08ade97a4e2d7a969c47e7bbf9	1
ipc_app/tuya_ipc/tuya_sdk_c9_5_x_bt/include/tuya_ipc_webrtc.h	2506	113	0d738e4d184e28cc4b8450075f4963ac623518dea5ca5ae69e5a325f58cc300c	1
ipc_app/tuya_ipc/tuya_sdk_c9_5_x_bt/include/tuya_ir_code.h	1541	83	6d5da27ace28df06d1200071d8132530e3c7ca661d73fbd6473b89112939896f	1
ipc_app/tuya_ipc/tuya_sdk_c9_5_x_bt/include/tuya_ir_control.h	8805	357	6d5a1326266c8c70b1eca96a49fd54e20e306ee783187b167748a9a2281329ef	1
ipc_app/tuya_ipc/tuya_sdk_c9_5_x_bt/include/tuya_ir_ws_db.h	1001	62	00bd72eadbf4fda9e76d35a13b177f98562a2f489b705ee738f75e53aee3cd05	1
ipc_app/tuya_ipc/tuya_sdk_c9_5_x_bt/include/tuya_key.h	2573	106	06b49cc4579936ba08f774bb06f700bcd1bd3a1347d1ddca380ff6a6d8d658b4	1
ipc_app/tuya_ipc/tuya_sdk_c9_5_x_bt/include/tuya_led.h	2158	76	de3fbd7afdf749b144abc50c86748f22e49e369efe2e72cbdb564a87e6e9762e	1
ipc_app/tuya_ipc/tuya_sdk_c9_5_x_bt/include/tuya_liteos_uv.h	19655	509	5a2485d269b942e6e907664f0982c5656de0318a476babf2defb1cc8c7ce406b	1
ipc_app/tuya_ipc/tuya_sdk_c9_5_x_bt/include/tuya_media_service_rtc.h	13762	308	8a5c41ef9aad13dc6a8efa19a9a7caa112dc84f8ade7b093f628e0b2361bc8ce	1
ipc_app/tuya_ipc/tuya_sdk_c9_5_x_bt/include/tuya_memory_heap.h	1083	41	b82e26e313caf5c8e56f25435f808a49786d051c92871e69034cdec2f1f13d9b	1
ipc_app/tuya_ipc/tuya_sdk_c9_5_x_bt/include/tuya_os_adapter.h	41354	1082	9116218bea9a0bbec6aeda55c9ad728a6bbe902fc63233c6963db24c8662d3dd	1
ipc_app/tuya_ipc/tuya_sdk_c9_5_x_bt/include/tuya_os_adapter_error_code.h	9091	221	35975ce6dd7e020b052c6fd35ba4fadef9ca7e08abcef7c88e19f79d39002112	1
ipc_app/tuya_ipc/tuya_sdk_c9_5_x_bt/include/tuya_pin.h	7097	214	102fa638e7b0b9aef24e2a3e3f2ba29aa7bf56818f51d730d403d46d60e81454	1
ipc_app/tuya_ipc/tuya_sdk_c9_5_x_bt/include/tuya_pwm.h	4135	171	d69482db305923c5a10a2f0972c126fc9388fcc85a85a873014e988543dd2e6d	1
ipc_app/tuya_ipc/tuya_sdk_c9_5_x_bt/include/tuya_ring_buffer.h	7243	185	98c0d52e0f52956bba6d5c8996307371e16b1375cbf0bb9051af8b8df66e20c3	1
ipc_app/tuya_ipc/tuya_sdk_c9_5_x_bt/include/tuya_rtc.h	1534	75	85f143c288de589e308ffdd4757b0073a8c24ecec79f34ff06814222d0b711dd	1
ipc_app/tuya_ipc/tuya_sdk_c9_5_x_bt/include/tuya_sha256.h	4595	163	7bb9620634a243d9d93af6eddc75f8998ab2a8360d998f598604f8f7d11afb4d	1
ipc_app/tuya_ipc/tuya_sdk_c9_5_x_bt/include/tuya_spi.h	6009	188	26cf0679230ab9d49e5679f9a9e8e2106d1e17b47b74daf57ed7f1d8e516d664	1
ipc_app/tuya_ipc/tuya_sdk_c9_5_x_bt/include/tuya_svc_online_log.h	1628	65	804ac834c196ba3d1b124b8e569dfe14f849b8d7dee7f824b0f93bf67b152e21	1
ipc_app/tuya_ipc/tuya_sdk_c9_5_x_bt/include/tuya_svc_schema_upgrade.h	1934	81	033131f9c9ee5165e4252604330af917aad8ae70bd14cf68c9568ed53989fe26	1
ipc_app/tuya_ipc/tuya_sdk_c9_5_x_bt/include/tuya_svc_timer_task.h	1652	67	c46a04637a138058ff5b1b21f1b9eac51d2c28aff41fefbc04e019da91182e47	1
ipc_app/tuya_ipc/tuya_sdk_c9_5_x_bt/include/tuya_svc_upgrade.h	6871	208	983be5383b7e2d465a362f05d03a938b326d8ca9d3e6825c381508e1fe03dde8	1
ipc_app/tuya_ipc/tuya_sdk_c9_5_x_bt/include/tuya_svc_upgrade_http.h	2561	85	9a3d5340c3c1993883b71c9914cf63f42cd6a1427b842d3b414cf18446023d10	1
ipc_app/tuya_ipc/tuya_sdk_c9_5_x_bt/include/tuya_system_dp.h	331	23	4df014f3735ac0a66a69b88166b6c4912b35a262fa612686dfb0c66edb8cecb0	1
ipc_app/tuya_ipc/tuya_sdk_c9_5_x_bt/include/tuya_timer.h	2915	124	2e7cb7fd201feab13e3f073612467f93eb5daa3dd6852311c94b3a55b6ef37ca	1
ipc_app/tuya_ipc/tuya_sdk_c9_5_x_bt/include/tuya_tls.h	4542	181	2e84122865c90ce5eef567551605587847ff30b009d7dc5e95205e1ca7d7e4c4	1
ipc_app/tuya_ipc/tuya_sdk_c9_5_x_bt/include/tuya_tls_config_disable.h	171	6	896eb10c8d9925c2291e11a2e7705ad3f3fa44962b6d6d4346d0739b45b896ad	1
ipc_app/tuya_ipc/tuya_sdk_c9_5_x_bt/include/tuya_tls_config_ecc_client_auth.h	108690	3274	3387e96f2f0358c20977b5ff975f2cb9d87408df1ea907187bb6b56115cd28d9	1
ipc_app/tuya_ipc/tuya_sdk_c9_5_x_bt/include/tuya_tls_config_ecc_only.h	110668	3306	1caaa603336b264ab23fbec2ab58a45f04c5531b4223af3e59072e0d2caa5b72	1
ipc_app/tuya_ipc/tuya_sdk_c9_5_x_bt/include/tuya_tls_config_ecc_only_homekit.h	110716	3307	de9fa1987ef88d694f55b944467a1bacb67d20679464119315e0d84116243fbb	1
ipc_app/tuya_ipc/tuya_sdk_c9_5_x_bt/include/tuya_tls_config_ecc_only_ipc.h	110976	3321	adb317b8fcbcc479cdba8bb7fbe17d0503c76f2f61d69264824053b63ec7ffaf	1
ipc_app/tuya_ipc/tuya_sdk_c9_5_x_bt/include/tuya_tls_config_ecc_only_nxp_se050.h	111257	3332	da7da5ca1f84c833bd190a7b7be4785d9a04c8b1c37d312d45bad10446ccc859	1
ipc_app/tuya_ipc/tuya_sdk_c9_5_x_bt/include/tuya_tls_config_ecc_psk.h	108959	3280	9079eeb8501a70a2a05d5b897cb710d6aa11fddb48e9c51a74ac2ecb624b03da	1
ipc_app/tuya_ipc/tuya_sdk_c9_5_x_bt/include/tuya_tls_config_ecc_psk_cat1.h	108441	3271	2f0dfd2c5fd0964393af91b176d46d317993254b46197cf1eeacf8da177102d4	1
ipc_app/tuya_ipc/tuya_sdk_c9_5_x_bt/include/tuya_tls_config_no_strip.h	110714	3309	cf37f75344bd16db44b6f2d2c030094d77c2bf083d32fc74431e5a6bed83c7a9	1
ipc_app/tuya_ipc/tuya_sdk_c9_5_x_bt/include/tuya_tls_config_psk_only.h	111072	3327	5af607fce46d9c38c1d2ee65a7acef07d380fbd3ae6e87110693c6413ce7bd9f	1
ipc_app/tuya_ipc/tuya_sdk_c9_5_x_bt/include/tuya_uart.h	6320	216	4b407058f31321e3365c0636b01202b33ccc409e2d6c8ac6be7dc808a35172a5	1
ipc_app/tuya_ipc/tuya_sdk_c9_5_x_bt/include/tuya_uart_legacy.h	3821	145	c19d068a64c6b7055f1af9634586a7b6ea67894364c3c0009df97e227eab9ce0	1
ipc_app/tuya_ipc/tuya_sdk_c9_5_x_bt/include/tuya_uf_db.h	6915	258	3d472c0381cdede8682bfb9d8f24cc8516796fa03cb7e464afcf84b167dcb639	1
ipc_app/tuya_ipc/tuya_sdk_c9_5_x_bt/include/tuya_upnp_module_mg.h	1515	51	897853836ddf88c5f3fc88dfe5ab9314a02edb762dd902727ee8226a475272b7	1
ipc_app/tuya_ipc/tuya_sdk_c9_5_x_bt/include/tuya_uv_errno.h	10491	454	8ff8d7afde3e70ec54d7093683dd85554ca61e738b70a527cc7d8421c3c2d665	1
ipc_app/tuya_ipc/tuya_sdk_c9_5_x_bt/include/tuya_ws_db.h	10262	287	a45c4ee5a9c893bb92b50350a743cc98abd74496b6cdd00c2dc34c7997238be5	1
ipc_app/tuya_ipc/tuya_sdk_c9_5_x_bt/include/ty_cJSON.h	7606	150	50d2aca0c62438f8b5f3cb03967919c6c3c85c97fc046f6a0ebf2b072b47ffc7	1
ipc_app/tuya_ipc/tuya_sdk_c9_5_x_bt/include/ty_monitor.h	909	61	2dd147759e623309e84a095ee2a9cf72ad6393bca24018a5bdce3a488610c6f9	1
ipc_app/tuya_ipc/tuya_sdk_c9_5_x_bt/include/ty_wifi_mgnt.h	4028	143	0037065f78a053616a4bb2a62c344e3912205692c4b5ec66daeaa9a5635e213b	1
ipc_app/tuya_ipc/tuya_sdk_c9_5_x_bt/include/ty_work_queue.h	1236	63	06ab33dfd5c0069b0ab0a5cfb63015d8a7d0912a78889349067486af19617d7d	1
ipc_app/tuya_ipc/tuya_sdk_c9_5_x_bt/include/uni_base64.h	604	40	5e8a027b3143de127a60369c70a25b6692efd1d0c219edf4e25af7371dc0869b	1
ipc_app/tuya_ipc/tuya_sdk_c9_5_x_bt/include/uni_fs.h	1920	85	5389fa642cbde6fa7964b643a90988e571fe7bbce5f51d1e14d608a948fa1da6	1
ipc_app/tuya_ipc/tuya_sdk_c9_5_x_bt/include/uni_hlist.h	5326	238	a88a201a7f86ab99db35c05455b40cbc1fae5632157af6e950e842cd327b719e	1
ipc_app/tuya_ipc/tuya_sdk_c9_5_x_bt/include/uni_log.h	12165	438	bbd6c34faf9af23113c5c279cbb60b1fcf47037eb43946f6e69fae65b6bd5fb7	1
ipc_app/tuya_ipc/tuya_sdk_c9_5_x_bt/include/uni_md5.h	759	46	809534d124c8b6074ad4dcb12d4b4bf953fa0b7f5c64073aab8f69e8ac4399c0	1
ipc_app/tuya_ipc/tuya_sdk_c9_5_x_bt/include/uni_module.h	7192	216	abd4e0acb0a74f0157b89cf203eb05b60e05350056887815f24c15504c2c3867	1
ipc_app/tuya_ipc/tuya_sdk_c9_5_x_bt/include/uni_msg_queue.h	9640	325	6929a1b5a78d220674e8a65e750d88bd273972a418313821a3429bd64bf467ba	1
ipc_app/tuya_ipc/tuya_sdk_c9_5_x_bt/include/uni_network.h	5849	190	0b041be979d4ce578d970af911e4de159ff4351432e1d42f332f0a64e8191478	1
ipc_app/tuya_ipc/tuya_sdk_c9_5_x_bt/include/uni_pointer.h	3992	186	5e62966d8ef6294977a28b1c9750e514312ebaa2656900ee20bf4e02b1f1844c	1
ipc_app/tuya_ipc/tuya_sdk_c9_5_x_bt/include/uni_queue.h	3875	143	b30db99d758539f7fac2ad2942651521f92f5ab2d69dc9b079d6505542f19428	1
ipc_app/tuya_ipc/tuya_sdk_c9_5_x_bt/include/uni_random.h	706	44	63d7f92a8d6f3185bd09862c1a9fd77f9f0128283bd1b52c8fbac7ef635ba9db	1
ipc_app/tuya_ipc/tuya_sdk_c9_5_x_bt/include/uni_rfc.h	1487	73	d03742193d8058ec35ef9fbf707ecd9d817b7431c3e65346784053a8fbad01ca	1
ipc_app/tuya_ipc/tuya_sdk_c9_5_x_bt/include/uni_slist.h	4105	189	0fcfcb9664433f4d71106c2deaf4ba9faad6a6ffe9199094db18e9b8888bb57c	1
ipc_app/tuya_ipc/tuya_sdk_c9_5_x_bt/include/uni_thread.h	3368	138	22408acdb508536aca473353dc85a15c441ee435e2df29f80e246936ee31a45f	1
ipc_app/tuya_ipc/tuya_sdk_c9_5_x_bt/include/uni_time.h	7445	273	83d5f2c4ce9bd3d908b09e24be2246a98e20e06a832a3ccd6612aafbd352f4e8	1
ipc_app/tuya_ipc/tuya_sdk_c9_5_x_bt/include/uni_time_queue.h	5428	181	26053b35c7479b861596e476c45debd73d48aed0d7f8bcdc8655b613cc2a3d9f	1
ipc_app/tuya_ipc/tuya_sdk_c9_5_x_bt/include/uni_work_queue.h	2709	102	7e8e682be58856520342d3582a4cdc8a41fdece0e36055335b448e233337dc00	1
ipc_app/tuya_ipc/tuya_sdk_c9_5_x_bt/include/unix.h	3019	113	a0299a118bddf0483a04ffa77b3c7606aaa13f0775d6ad10dd94de901d0d99a7	1
ipc_app/tuya_ipc/tuya_sdk_c9_5_x_bt/include/upload_notification.h	3634	68	04967513797d7586d4f3340fc4bf29a8e7a4810bb27e19d12bd1b1b6fec3318f	1
ipc_app/tuya_ipc/tuya_sdk_c9_5_x_bt/include/user_netcfg.h	178	8	f83994156415da63a5469eed75f2452583723e2758d819b89fa46f87c094bc69	1
ipc_app/tuya_ipc/tuya_sdk_c9_5_x_bt/include/uv.h	188	18	dcd61ed1937c14a67ce96691166a8b18c898af81d0c1f7e68a357e8c2067e216	1
ipc_app/tuya_ipc/tuya_sdk_c9_5_x_bt/include/wf_basic_intf.h	9476	382	a212e28123a32f9842765c27c402b9f99b2a4da40523bd1a2911d83857dacbcb	1
ipc_app/tuya_ipc/tuya_sdk_c9_5_x_bt/include/wf_nw_cfg.h	961	41	e5cdb78821d9e33da1047f20dc7b54b3ba1015809576f3308adb0157fbdab231	1
ipc_app/tuya_ipc/tuya_sdk_c9_5_x_bt/include/wifi_netcfg_frame_sniffer.h	2773	82	2653de2b3d4872fba0d476363fc2a20132be895e5193e9b01f9d5e8ba5609f21	1
ipc_app/tuya_ipc/tuya_sdk_c9_5_x_bt/include/wifi_netcfg_frame_transporter.h	3160	91	c7905b3964abcbfad5dcda091f7fda0b3ceb4dc4780c50fa6631e4e6cec38b9a	1
ipc_app/tuya_ipc/tuya_sdk_c9_5_x_bt/include/wl_cfg_com.h	1852	63	31883775b267f2dba239315002c159757efa130d8abaa8d295a3595ca07be585	1
ipc_app/tuya_ipc/tuya_sdk_c9_5_x_bt/include/ws_db_gw.h	4025	157	07be52fe6a7c7b8c058e3ecb2d1137dfdcb528797a445b541cf9d5d6d93bac1c	1
ipc_app/tuya_ipc/tuya_sdk_c9_5_x_sdk/include/aes_inf.h	10496	399	feec25b1cc07a3b6917c32ef5c7cd3ec988e4a792436fcbf34eb705a609a7fa7	1
ipc_app/tuya_ipc/tuya_sdk_c9_5_x_sdk/include/airkiss_bc.h	2826	92	a89686f6950674cce51baf0418d06fdfc5f845c1eac5857273e8c3deab0e0921	1
ipc_app/tuya_ipc/tuya_sdk_c9_5_x_sdk/include/ak_lan_protocol.h	1244	64	0480484db5ae9592f83da84aa4602a4b7573b3355775cdea8c1d6e2151fef15d	1
ipc_app/tuya_ipc/tuya_sdk_c9_5_x_sdk/include/ap_netcfg.h	1137	59	4c9277e219b79a4bbae6c28b8f683ff97526dbf5bdd49163b9abf47d95ea24ab	1
ipc_app/tuya_ipc/tuya_sdk_c9_5_x_sdk/include/app_agent.h	7470	257	1697dd3f94a0a7f5221919139f9a399ae44572a9d294b07f777016fed0e3a392	1
ipc_app/tuya_ipc/tuya_sdk_c9_5_x_sdk/include/apr_sha1.h	3117	107	c8353d15878ac0ab36ab415186fffa11223b579762119379c9ef390147060218	1
ipc_app/tuya_ipc/tuya_sdk_c9_5_x_sdk/include/astro_timer.h	977	54	09977e92c19ad1e3f9e62898e9d56bff8ffe2f690a13d691cd5efea7e1648a7c	1
ipc_app/tuya_ipc/tuya_sdk_c9_5_x_sdk/include/async_notify.h	3073	116	3cf27eecd38546a340ca9a528e424ff2dd95ab87d7b41a824c1723d6d4199aa5	1
ipc_app/tuya_ipc/tuya_sdk_c9_5_x_sdk/include/base_event.h	3955	141	1f2a3f088cdb871b1167469c8bf3483ac3db378c0e8f03c36931987d0380c400	1
ipc_app/tuya_ipc/tuya_sdk_c9_5_x_sdk/include/base_event_info.h	2398	58	3330c09c8948780aa6dbe21eaa1ebe246acc79e0c2a0ca4e6dfb9485b6eefe94	1
ipc_app/tuya_ipc/tuya_sdk_c9_5_x_sdk/include/base_nw_intf.h	2881	117	83167e3a06bc8f02dcee52a8e8cb96c1c042f152e5abe2b2d66e398c29748f06	1
ipc_app/tuya_ipc/tuya_sdk_c9_5_x_sdk/include/base_os_adapter.h	611	35	645d38c57fa5f28b924b43a67de8f6c45b8ad62b2999f65b9ef70796785d6add	1
ipc_app/tuya_ipc/tuya_sdk_c9_5_x_sdk/include/base_rpc_com.h	4493	148	82915853db0f01810e9d99976975914c2928240755225693c8fc0c3dc7929beb	1
ipc_app/tuya_ipc/tuya_sdk_c9_5_x_sdk/include/c-tlv.h	3770	153	4b43a5f931788da41957375d434fdcfdb49166698470729fda4e9a4820d77473	1
ipc_app/tuya_ipc/tuya_sdk_c9_5_x_sdk/include/cJSON.h	3644	98	797c8427ce46e08ea56c0764900cb88adc952ce73e5da559db3021eca1e81e3d	1
ipc_app/tuya_ipc/tuya_sdk_c9_5_x_sdk/include/cipher_wrapper.h	1392	46	f628643817596b4e4ffd92b32305d78813d9249ecf15dbd8def3293612d1f5f9	1
ipc_app/tuya_ipc/tuya_sdk_c9_5_x_sdk/include/cloud_operation.h	5424	172	78733a666cb6269615521ddb7dc18483f6812e9313cd958d1cd26fe770345a4a	1
ipc_app/tuya_ipc/tuya_sdk_c9_5_x_sdk/include/coap2/address.h	5811	200	5c686b2066affbfd0e39787fc3b368201d0a307fa5eb4ae906e9cb0735ea7900	1
ipc_app/tuya_ipc/tuya_sdk_c9_5_x_sdk/include/coap2/async.h	5623	149	0f37838c2fc2b326d727585c10444ca34a66d193c15a4ad66d22bfd48cb35eb4	1
ipc_app/tuya_ipc/tuya_sdk_c9_5_x_sdk/include/coap2/bits.h	2052	78	14c7e7df3d2212bd0b594b5db895dc2eb08edd44a2fce415171a9bff5502f8bc	1
ipc_app/tuya_ipc/tuya_sdk_c9_5_x_sdk/include/coap2/block.h	6472	185	08330ffd5d7d4d3b535dfec81b73080e6f67c8e3b86f2a440459e16de09195df	1
ipc_app/tuya_ipc/tuya_sdk_c9_5_x_sdk/include/coap2/coap.h	1455	66	60c5f88e9219a71f7cde97aa3b889426d71033732358d0333470420a94e0d8c5	1
ipc_app/tuya_ipc/tuya_sdk_c9_5_x_sdk/include/coap2/coap_debug.h	5322	211	d6e399f6c013f76eda8c5d39b36c5c36c8ee771cab0195f9253be5fac8a65396	1
ipc_app/tuya_ipc/tuya_sdk_c9_5_x_sdk/include/coap2/coap_dtls.h	20215	609	ae6fb3fd5e99483b43f5c4c1cc0d91278ad389f322a1696af97e2919641bdf0f	1
ipc_app/tuya_ipc/tuya_sdk_c9_5_x_sdk/include/coap2/coap_event.h	3174	102	a057ead912d1c68c3f9004ff57fb8d6e2b4cb43702a2d341f5f1b0a45d165903	1
ipc_app/tuya_ipc/tuya_sdk_c9_5_x_sdk/include/coap2/coap_hashkey.h	1644	59	36d2698f9dee91aa33f423684c94333d6bb2a8d756823ac23ee6a486450a4acf	1
ipc_app/tuya_ipc/tuya_sdk_c9_5_x_sdk/include/coap2/coap_io.h	7310	213	b3dd46d1c2c03c2dc87a855b2fabbde9a4bc6195a6f8354b262177643924c252	1
ipc_app/tuya_ipc/tuya_sdk_c9_5_x_sdk/include/coap2/coap_mem.h	3225	116	be66133e30ebe92714b804fee8c9ec7b6282314db95b3f0707b114973a57d206	1
ipc_app/tuya_ipc/tuya_sdk_c9_5_x_sdk/include/coap2/coap_net.h	27190	742	9c61ce71ba332f0afda7a1c0b5bdc0e4617dfd7a1c20a1719849885056f8e903	1
ipc_app/tuya_ipc/tuya_sdk_c9_5_x_sdk/include/coap2/coap_session.h	17419	493	04b84c90c583f8f71ac1a1c08b81653b1d7d790495ee3097668833f33ca5f52b	1
ipc_app/tuya_ipc/tuya_sdk_c9_5_x_sdk/include/coap2/coap_time.h	3717	162	f23e2d4d7aef0827fa9150ef6ea717c64013abbfd20308b95a72b812a555bdb3	1
ipc_app/tuya_ipc/tuya_sdk_c9_5_x_sdk/include/coap2/encode.h	3220	96	dad649515f29a4f010c4441d65655c4ddd964c0dc3790b411c435cf84617a397	1
ipc_app/tuya_ipc/tuya_sdk_c9_5_x_sdk/include/coap2/libcoap.h	1852	74	c3c0db428e18e83b718491f9bcccbaee398e90eca52cb4a9e8feda0ec72d9426	1
ipc_app/tuya_ipc/tuya_sdk_c9_5_x_sdk/include/coap2/lwippools.h	2541	81	dc2e36aaeb67424cbcc2caa57d04a457ca9a44b7d5186f2c4194cc64aedcf261	1
ipc_app/tuya_ipc/tuya_sdk_c9_5_x_sdk/include/coap2/option.h	16490	461	a7cefe636259dc266c5581032ca304c1ccf7375a3967edf74682f82596c31374	1
ipc_app/tuya_ipc/tuya_sdk_c9_5_x_sdk/include/coap2/pdu.h	22304	543	f83044949e5e7bdb306d9a2d24b27ce6c9ec82b54ad3fed1cf6481b971042979	1
ipc_app/tuya_ipc/tuya_sdk_c9_5_x_sdk/include/coap2/prng.h	2939	126	82c74e4a63ce4a5b452affb57552262f04a77ef57d84ff942c0715b8b7f445f1	1
ipc_app/tuya_ipc/tuya_sdk_c9_5_x_sdk/include/coap2/resource.h	19149	524	5bfcd395e9c36f6a0a17b4cfc49b72fc0c5d716924332ecec64522cc109d0817	1
ipc_app/tuya_ipc/tuya_sdk_c9_5_x_sdk/include/coap2/str.h	3434	121	d11ad615f7bc2870cca9fa8357950e33143ab9441657ab7a74c2a1b2cb1d743d	1
ipc_app/tuya_ipc/tuya_sdk_c9_5_x_sdk/include/coap2/subscribe.h	2414	76	3f863e5921135a5fc28d06eb0ad6e238f01a6cbbc7ed79a49b1e787d2a359382	1
ipc_app/tuya_ipc/tuya_sdk_c9_5_x_sdk/include/coap2/uri.h	4831	147	cce1e8c5b4ccbf93bbc335a70ad7e0c9a40934b26615b216f30fc536a6d2dec4	1
ipc_app/tuya_ipc/tuya_sdk_c9_5_x_sdk/include/coap2/uthash.h	71493	1108	a0b225d5988d69004e0489a6beebd7e317ee8fe3bc3cb5ccfdf68765307a2d0e	1
ipc_app/tuya_ipc/tuya_sdk_c9_5_x_sdk/include/coap2/utlist.h	81494	1073	a2742794fa33ed713b09334af7aca3f8332bcc41fb9559298e0c7bd21081d285	1
ipc_app/tuya_ipc/tuya_sdk_c9_5_x_sdk/include/coap_config.h	4674	166	b65920911c05781a86221291188221417d9724317df43b3b9fc0b142422a30e6	1
ipc_app/tuya_ipc/tuya_sdk_c9_5_x_sdk/include/codec/tuya_g711_utils.h	1075	30	4599188b9e0731b19e7d8eab755afba4cc782d9b75cafb77e789a2035650d257	1
ipc_app/tuya_ipc/tuya_sdk_c9_5_x_sdk/include/com_mmod.h	4986	180	3ed8428335677706692a3d7ab4337e896482133e2e757b639438b9e7ae75651f	1
ipc_app/tuya_ipc/tuya_sdk_c9_5_x_sdk/include/com_protocol.h	2662	91	c8ef7ca0fc72d4c3fc67fecd5a425db7a925d11a012593b008dbb8eb453f308b	1
ipc_app/tuya_ipc/tuya_sdk_c9_5_x_sdk/include/crc32i.h	1874	35	d1e360e09ef676115e35c2ca9de8c88f45fb59daf5ed86d700d147fad79e8f7f	1
ipc_app/tuya_ipc/tuya_sdk_c9_5_x_sdk/include/crc_16.h	511	38	0b6dd7bb0ecba4131314c751f5018fe6af3e850fe1ef335c646e78fdaf64e09a	1
ipc_app/tuya_ipc/tuya_sdk_c9_5_x_sdk/include/crc_8.h	1232	43	ae6ef3383d1fe7827c4b601d7e46944a228dc8905793bbc36a9e9221805ef89e	1
ipc_app/tuya_ipc/tuya_sdk_c9_5_x_sdk/include/direct_connect_tuya.h	1533	73	2d891953fd38132249a93e2a01fa43576a811d9770506d54343f48d4e6a3aa6d	1
ipc_app/tuya_ipc/tuya_sdk_c9_5_x_sdk/include/encrypt_pic.h	705	27	ca9413c558300dcd8eb64ffa82baa6d2ed7ad28c7977259f8e5b1f7278b4fb42	1
ipc_app/tuya_ipc/tuya_sdk_c9_5_x_sdk/include/event_cloud.h	407	24	05775810d2bdd5cf45f31cda738861888b6c3aa3de4e21b9e2d0ef597a6c436f	1
ipc_app/tuya_ipc/tuya_sdk_c9_5_x_sdk/include/ez_mc.h	1965	64	be90438fdbb6d186ae42cea7f2ee49ec440e11e6c7e5f05a7ae5b22755be53c2	1
ipc_app/tuya_ipc/tuya_sdk_c9_5_x_sdk/include/ffc_app.h	3317	154	1ee029f6ff51a9fe84ce1c827ef28a8556da36e9c26908c3d4c592f06828f5f8	1
ipc_app/tuya_ipc/tuya_sdk_c9_5_x_sdk/include/ffs_key.h	21044	365	a4379b84e94c18d5774e95cc067d44068693ee7c6dcdee85c47998cb4085be8a	1
ipc_app/tuya_ipc/tuya_sdk_c9_5_x_sdk/include/ffs_netcfg.h	200	8	75e076e7b1123df2ee29a628ee8e456c22a27456e200022817de261cafd81ace	1
ipc_app/tuya_ipc/tuya_sdk_c9_5_x_sdk/include/gpio_test.h	1294	73	6f62ed7684f47b3dd5707bf26d3ba27a2b0557fb443f1c657d1dc88b612b1c0d	1
ipc_app/tuya_ipc/tuya_sdk_c9_5_x_sdk/include/gw_intf.h	21443	829	d8edd6a99061591cbe8d919372d01b4330e10c5a08324af6e651a9b67951e542	1
ipc_app/tuya_ipc/tuya_sdk_c9_5_x_sdk/include/hashmap.h	3342	131	1e45a0e99f2f4dd19658498192d8d53ca423a381100671d32a8aea0033d15d13	1
ipc_app/tuya_ipc/tuya_sdk_c9_5_x_sdk/include/http_inf.h	13732	376	081186743ff89f399016ecc25ad252a1d077d8732a208395975e0d2a15daad3c	1
ipc_app/tuya_ipc/tuya_sdk_c9_5_x_sdk/include/http_manager.h	4983	156	cdebc38b945323d639abe7a263707398fc37313fb6753c0576f56dbdf59eb9b1	1
ipc_app/tuya_ipc/tuya_sdk_c9_5_x_sdk/include/httpc.h	29863	755	fa245b4739a61585d07f31f1b693eaf1f3fffc2d5be1f93e8f0fc92f01cd0e40	1
ipc_app/tuya_ipc/tuya_sdk_c9_5_x_sdk/include/iot_httpc.h	18329	556	cdbe36dd7149ac4fef6cbe28e77a8d5638dc0cb9b082440e6d134b470ba4e458	1
ipc_app/tuya_ipc/tuya_sdk_c9_5_x_sdk/include/ipc_httpc.h	2941	99	2be837016d8282632df84456dd804382a13323d5a2c361014e0280f25930bebc	1
ipc_app/tuya_ipc/tuya_sdk_c9_5_x_sdk/include/json_rpc.h	4795	187	17b69e9e3376b078e1f8f49a94e3795b00168b291c998223ef453f33c228323e	1
ipc_app/tuya_ipc/tuya_sdk_c9_5_x_sdk/include/lan_protocol.h	3757	151	104e07bc0924fdad06162386affd928aa4df6e5db6d97764a9b39fa5cb9d7885	1
ipc_app/tuya_ipc/tuya_sdk_c9_5_x_sdk/include/lan_rpc.h	4752	196	a28b8b945c627a60b490639c160265f111b3914a7b8d66e9e9f1b2ebc0d75de8	1
ipc_app/tuya_ipc/tuya_sdk_c9_5_x_sdk/include/log_seq.h	5672	175	5fbe59a439fad675f2931c14906245ec3a1a4adaa8701a38696250b0a74a17b0	1
ipc_app/tuya_ipc/tuya_sdk_c9_5_x_sdk/include/log_seq_http.h	2810	51	8cf13f655b8a71bf0f6212291bd35c2d99f7635e968b9292c746df2213a7d712	1
ipc_app/tuya_ipc/tuya_sdk_c9_5_x_sdk/include/log_seq_mqtt.h	2578	57	3571bfa4b3b3c129a6a65d8703385fb4d8d5ea7c1ffaff28a38a3ce86bfe96e6	1
ipc_app/tuya_ipc/tuya_sdk_c9_5_x_sdk/include/log_seq_netcfg.h	1486	39	c20354fbc55197636895d27d69a07088ed325a675f671cec9045f641ebcb505d	1
ipc_app/tuya_ipc/tuya_sdk_c9_5_x_sdk/include/log_seq_timer_task.h	2451	46	b46f9a8327a8be5877df93a631271ed496c398b2390c0ddc14fee1aa81dfb976	1
ipc_app/tuya_ipc/tuya_sdk_c9_5_x_sdk/include/mbedtls/aes.h	29438	674	983f414f97e5323188509c49e1cab50e061dba28bad9ae9919c3db1740fbef47	1
ipc_app/tuya_ipc/tuya_sdk_c9_5_x_sdk/include/mbedtls/aes_alt.h	285	25	f4ee1aa0b9d03ff66b001c22f0a13214c77b6ef24c0566e68fbf97de89318184	1
ipc_app/tuya_ipc/tuya_sdk_c9_5_x_sdk/include/mbedtls/aesni.h	4563	138	e89294867d2cfada004819f1922792836eba06645de42fb81ff961733f79b993	1
ipc_app/tuya_ipc/tuya_sdk_c9_5_x_sdk/include/mbedtls/arc4.h	4129	146	87b2f54021f71e728352de6fb1facc9a954e35fcbf42c9995a359e94a52910e6	1
ipc_app/tuya_ipc/tuya_sdk_c9_5_x_sdk/include/mbedtls/aria.h	16314	370	62a14f9896ac20f83252910aa02571f5f8a99d4ced385dbeeda34d79e1bf2c71	1
ipc_app/tuya_ipc/tuya_sdk_c9_5_x_sdk/include/mbedtls/asn1.h	12232	358	1de3e2901d12396764d8edb984893eaf0f573cfe47f8b50beae3cf39a5b2654b	1
ipc_app/tuya_ipc/tuya_sdk_c9_5_x_sdk/include/mbedtls/asn1write.h	13450	329	7301e721ace4ef944a69fe032ee25327ce06f78e865826af53723b6748e8fe3a	1
ipc_app/tuya_ipc/tuya_sdk_c9_5_x_sdk/include/mbedtls/base64.h	3298	98	bf2d2c97254cd8fef66c4098029ba84ac8ca1bb1db7fb6e9d1e478aa92a148ba	1
ipc_app/tuya_ipc/tuya_sdk_c9_5_x_sdk/include/mbedtls/bignum.h	40645	966	b37647684c7785c236438b63352c8abc431d68ced51988357233bcbdd3ac2d47	1
ipc_app/tuya_ipc/tuya_sdk_c9_5_x_sdk/include/mbedtls/blowfish.h	12561	287	cfb03cf458a1b1be6b7fdf3fb471dd9f9d608712c456e27c9672a915a82c2728	1
ipc_app/tuya_ipc/tuya_sdk_c9_5_x_sdk/include/mbedtls/bn_mul.h	36136	915	7b913a958ac76ab277759574d25cdf91075a3f9fe6e7628c610748a5d2071817	1
ipc_app/tuya_ipc/tuya_sdk_c9_5_x_sdk/include/mbedtls/camellia.h	14090	326	d3fa98000180edf5f6482a25e088f5fe40fb1188c677a19c1d6651226c72d4ad	1
ipc_app/tuya_ipc/tuya_sdk_c9_5_x_sdk/include/mbedtls/ccm.h	14060	310	f6054030aadd641e0aff5f0d8b9be326dd66ac39f25de0f80312499056934c11	1
ipc_app/tuya_ipc/tuya_sdk_c9_5_x_sdk/include/mbedtls/certs.h	9405	252	aa7281ddf2887a4edc01883c5a8ee5cd9aaf830fabf7e05f9e64937a19732c72	1
ipc_app/tuya_ipc/tuya_sdk_c9_5_x_sdk/include/mbedtls/chacha20.h	8816	226	1dceb8b451d3b5a380d84cc4fc8627e70cb09782b30f3245725bb671d48a147b	1
ipc_app/tuya_ipc/tuya_sdk_c9_5_x_sdk/include/mbedtls/chachapoly.h	16194	358	21ae0895c196fe66f9b10ee0f2bbb89cc37398ca55ac42f4054ea62788eb92ef	1
ipc_app/tuya_ipc/tuya_sdk_c9_5_x_sdk/include/mbedtls/check_config.h	27600	702	41978b7f48f78b36e983b3ec7e4dd6d60a3d94483dda4d7900844f5ac46756c9	1
ipc_app/tuya_ipc/tuya_sdk_c9_5_x_sdk/include/mbedtls/cipher.h	39243	872	87072a82bcbea119279ec25fb535fa1db1d2e4888be6ab5b0dd14bfcb0f3ce55	1
ipc_app/tuya_ipc/tuya_sdk_c9_5_x_sdk/include/mbedtls/cipher_internal.h	3829	125	aaa7c0786798a86474f719d073a940653e61734f0d136a4603321bf41290b0d8	1
ipc_app/tuya_ipc/tuya_sdk_c9_5_x_sdk/include/mbedtls/cmac.h	7994	213	6b5b2adce10bdda600d2bc63545d8aef35e93e23c4b95951f8e01389dfdbcffe	1
ipc_app/tuya_ipc/tuya_sdk_c9_5_x_sdk/include/mbedtls/compat-1.3.h	129770	2531	560336a241e8e8d51c43f1478e791784b388dbcdcb73346364ba8a289db93e9b	1
ipc_app/tuya_ipc/tuya_sdk_c9_5_x_sdk/include/mbedtls/config.h	2248	79	cef338caace4f44f87194f4da2364e2d914f37e04f5fc15dee345cf3f319d191	1
ipc_app/tuya_ipc/tuya_sdk_c9_5_x_sdk/include/mbedtls/ctr_drbg.h	14260	380	6d6cf411dba523412bb38b549ffe615321b6bdfe562fcf8b4ceaaf4d03a171ca	1
ipc_app/tuya_ipc/tuya_sdk_c9_5_x_sdk/include/mbedtls/debug.h	10154	265	6b2cfab54ff48fbe39127efec01ac0b75820b11ab96c8341675fe2007659522c	1
ipc_app/tuya_ipc/tuya_sdk_c9_5_x_sdk/include/mbedtls/des.h	11361	356	196dbbf13890b4040dcb2a8b2b2374c038c0504eb3dec9139d08514ff5a44324	1
ipc_app/tuya_ipc/tuya_sdk_c9_5_x_sdk/include/mbedtls/dhm.h	54771	1096	23bd808aa77fecf1ad0dc61d4be05565c531a0a7fa37aaae8324b2b9b5a92fad	1
ipc_app/tuya_ipc/tuya_sdk_c9_5_x_sdk/include/mbedtls/ecdh.h	18538	440	583e760d46455e3c7c4f32d5085f3374e2bcf75bf3a105413f2dc70255c27a42	1
ipc_app/tuya_ipc/tuya_sdk_c9_5_x_sdk/include/mbedtls/ecdsa.h	24837	545	217df95a35e3deda341748049a1850cc93d354cdfc7ac193bc774eefdd5deb7e	1
ipc_app/tuya_ipc/tuya_sdk_c9_5_x_sdk/include/mbedtls/ecjpake.h	11328	277	d95744cbc277598e10299016d1d7cad346962b33c1f32f541021e461b4c395f4	1
ipc_app/tuya_ipc/tuya_sdk_c9_5_x_sdk/include/mbedtls/ecp.h	50692	1132	d3bef8ad124eacefab8ddf61ff826155fd7eef9170da0b40425da5e4ff91ecdb	1
ipc_app/tuya_ipc/tuya_sdk_c9_5_x_sdk/include/mbedtls/ecp_internal.h	10633	299	84e94fa8d757ad8e3b7d9453aab635f28396b78134b1b10305c5ee425f52c855	1
ipc_app/tuya_ipc/tuya_sdk_c9_5_x_sdk/include/mbedtls/entropy.h	9701	289	377d60374c275105b8c33362b26c5405eabe868f5e14ad0c3596b2ed7b023e69	1
ipc_app/tuya_ipc/tuya_sdk_c9_5_x_sdk/include/mbedtls/entropy_poll.h	3308	110	e1b77dd92b244e09064923aae8f31fdd334b158a3c15b0df5bdcabe3a9fce3d9	1
ipc_app/tuya_ipc/tuya_sdk_c9_5_x_sdk/include/mbedtls/error.h	4051	129	e945998991d14775c81b4a063bdffda418d87e5707b7de1245abaf04cce17689	1
ipc_app/tuya_ipc/tuya_sdk_c9_5_x_sdk/include/mbedtls/gcm.h	13916	326	d581d70ed13b3f6d4d44be682d7d05522957eabce7ebdd407ff35e8a732f2bc2	1
ipc_app/tuya_ipc/tuya_sdk_c9_5_x_sdk/include/mbedtls/havege.h	1900	81	3752dc40dffb17b92ff2917838a4e8b973d95654892422be234f6b0f5779e424	1
ipc_app/tuya_ipc/tuya_sdk_c9_5_x_sdk/include/mbedtls/hkdf.h	5894	141	ee4738accecd52b8ad0efeb0c3ccb651cbf7d44cb5720af583213cab25d8f2e0	1
ipc_app/tuya_ipc/tuya_sdk_c9_5_x_sdk/include/mbedtls/hmac_drbg.h	12231	334	41b320f8c8f5f5e0d836af953bbe9cfdc7ebdca622714e0e633f4e1cd865c6b6	1
ipc_app/tuya_ipc/tuya_sdk_c9_5_x_sdk/include/mbedtls/md.h	18040	468	013d571eda06d5892094a2f343c2e6ec1328dcbe56a4027b51b7aa4f2f672457	1
ipc_app/tuya_ipc/tuya_sdk_c9_5_x_sdk/include/mbedtls/md2.h	9297	306	52172a6e62193f32b266b42765f4816fda39ee17c163bfde1ff12c338654c03b	1
ipc_app/tuya_ipc/tuya_sdk_c9_5_x_sdk/include/mbedtls/md4.h	9528	311	e1c65ca2154866241c56ea0862c901dbcbdeda1b07e55c0bc997da67b9e64500	1
ipc_app/tuya_ipc/tuya_sdk_c9_5_x_sdk/include/mbedtls/md5.h	9534	311	ec3804391e062232dd6d517cd84c279aa6fc8596678767a686b6e1c63edcac6e	1
ipc_app/tuya_ipc/tuya_sdk_c9_5_x_sdk/include/mbedtls/md_internal.h	3083	115	40f2ad9b420c61c093ee975ad5585703c9f077a194847facf58ab125fff0c889	1
ipc_app/tuya_ipc/tuya_sdk_c9_5_x_sdk/include/mbedtls/memory_buffer_alloc.h	5140	151	cf6ec674bcb187bcdeb8e66efeeae783634ccf9663d6362224cc07341c788c1c	1
ipc_app/tuya_ipc/tuya_sdk_c9_5_x_sdk/include/mbedtls/net.h	1228	37	61663663d87387ff208c521a74d12e2a7fbdab6ee94a94d0a3702f15dda3801c	1
ipc_app/tuya_ipc/tuya_sdk_c9_5_x_sdk/include/mbedtls/net_sockets.h	10901	271	1876b5a4328f662e2a65a1f02f8fb6199628360e5fdd4f5e8bdec902f3419872	1
ipc_app/tuya_ipc/tuya_sdk_c9_5_x_sdk/include/mbedtls/nist_kw.h	7639	184	6d0cae7531f709cffeaf11c8214178eb55fdbf7dd38232a1a70a5b3143a26075	1
ipc_app/tuya_ipc/tuya_sdk_c9_5_x_sdk/include/mbedtls/oid.h	32100	605	25fbe809d3f5750f31e3e33691a8b09d58a2f970ca80c8f5a25c266344dfc429	1
ipc_app/tuya_ipc/tuya_sdk_c9_5_x_sdk/include/mbedtls/padlock.h	3876	126	46fca610e7f534ba12873d66fc01256719ec7c7d4b02700951fc70a8784c3a67	1
ipc_app/tuya_ipc/tuya_sdk_c9_5_x_sdk/include/mbedtls/pem.h	5032	136	96e463a11e87b34f4de0aa8a3e59549cd072c1b9ceeced67c553c67a390352cb	1
ipc_app/tuya_ipc/tuya_sdk_c9_5_x_sdk/include/mbedtls/pk.h	28837	747	5781003304166d2765b5853a18fbc87410b17da2ee342517ac476d38788b3af0	1
ipc_app/tuya_ipc/tuya_sdk_c9_5_x_sdk/include/mbedtls/pk_internal.h	4592	138	4a3be081a1a59ee9987bc869b6b262f13148ad8b9da96ade76fa07d223b72506	1
ipc_app/tuya_ipc/tuya_sdk_c9_5_x_sdk/include/mbedtls/pkcs11.h	5640	175	16b650638120b4a732257a2a46c0ed666f1a53fdc643c201a324a08539015005	1
ipc_app/tuya_ipc/tuya_sdk_c9_5_x_sdk/include/mbedtls/pkcs12.h	5186	130	4134aff453fe166011f01816580267f7cf9021a90e10dd309c6c72ced164efb0	1
ipc_app/tuya_ipc/tuya_sdk_c9_5_x_sdk/include/mbedtls/pkcs5.h	3521	109	89ff27fdbe3fade722719f00f99a8616fcdcada6db01430cc044394acd027a87	1
ipc_app/tuya_ipc/tuya_sdk_c9_5_x_sdk/include/mbedtls/platform.h	12818	367	535631375b86ebe52d60f7162b2a8bbe75bfd8ce377d8a8c6558bd641e920c2f	1
ipc_app/tuya_ipc/tuya_sdk_c9_5_x_sdk/include/mbedtls/platform_time.h	2122	82	551d9aa3782cbe2142ba11f483f39c82596d1f14a941d181345d66bd9f1c10b2	1
ipc_app/tuya_ipc/tuya_sdk_c9_5_x_sdk/include/mbedtls/platform_util.h	7436	185	5836ec658049b432aa79d6a622efd8d1255b56fb7684152e7047c30f038fe87d	1
ipc_app/tuya_ipc/tuya_sdk_c9_5_x_sdk/include/mbedtls/poly1305.h	7051	192	ced871bc9402aa6a6a3aab9d6ef9185d58f4faf2ed641e7671ddd2ced1f7df88	1
ipc_app/tuya_ipc/tuya_sdk_c9_5_x_sdk/include/mbedtls/ripemd160.h	6966	237	8d244288045f55435e4016dcec854b3b96133de0688b97ea5555ce0f6b272266	1
ipc_app/tuya_ipc/tuya_sdk_c9_5_x_sdk/include/mbedtls/rsa.h	64358	1271	68ad45ffc1366710bfc3887d001a5ab19806821e9791645e870cd5410362a713	1
ipc_app/tuya_ipc/tuya_sdk_c9_5_x_sdk/include/mbedtls/rsa_internal.h	9001	226	2b2f8229f76f319ee9105d03bc5c9ba9da596eb57e374fb83f7cc932f230f087	1
ipc_app/tuya_ipc/tuya_sdk_c9_5_x_sdk/include/mbedtls/sha1.h	12882	352	8f7f5cd9d4f8790c59b4768c5d18104b8acd7f850b6077fb153390ed2bac5617	1
ipc_app/tuya_ipc/tuya_sdk_c9_5_x_sdk/include/mbedtls/sha256.h	11082	297	9487dd34935a483a52a9f2b781b8c63a3f477618aa3d8c76ac6d3d6cea9bd09b	1
ipc_app/tuya_ipc/tuya_sdk_c9_5_x_sdk/include/mbedtls/sha512.h	11231	300	39d7989b4be27dce0183e47820113f2cd183fc1238ac4c4d27c1d55f096c4403	1
ipc_app/tuya_ipc/tuya_sdk_c9_5_x_sdk/include/mbedtls/ssl.h	159204	3448	ebacbb738910f9074bdf4856c5d5abee7fdf930b2ce8737c5d9a92052b3dc19b	1
ipc_app/tuya_ipc/tuya_sdk_c9_5_x_sdk/include/mbedtls/ssl_cache.h	4291	150	048f660f70f8cbfcdaab140180bdac3f1f72e6153ecc12a8867de9389d5da5d4	1
ipc_app/tuya_ipc/tuya_sdk_c9_5_x_sdk/include/mbedtls/ssl_ciphersuites.h	26037	540	f4bab53796aa443ed5048fae1d3351e05d5492b9255abd492b1521bdea41e63f	1
ipc_app/tuya_ipc/tuya_sdk_c9_5_x_sdk/include/mbedtls/ssl_cookie.h	3272	115	80cc1811e01301e3ae010e186a0a4d0272a941bfc269ce85b172d913d005618a	1
ipc_app/tuya_ipc/tuya_sdk_c9_5_x_sdk/include/mbedtls/ssl_internal.h	30959	786	4e560d017f227027aa24f51dc2337048bff730e6c1762cf9a0d6b55b088fb839	1
ipc_app/tuya_ipc/tuya_sdk_c9_5_x_sdk/include/mbedtls/ssl_ticket.h	4426	142	e8411f87c83ded66184e4d4fef6812c0e930d1512cdee0426e7553acb03aa38c	1
ipc_app/tuya_ipc/tuya_sdk_c9_5_x_sdk/include/mbedtls/threading.h	4460	122	696ea6ca05c60daf4c55403be67c4f6c5f3263eeda9033f72b76a99194f88a99	1
ipc_app/tuya_ipc/tuya_sdk_c9_5_x_sdk/include/mbedtls/timing.h	4698	153	64c2b3b1d9c788530eea5377ba1aa4ecb795623be51257c036145249097643ba	1
ipc_app/tuya_ipc/tuya_sdk_c9_5_x_sdk/include/mbedtls/version.h	3391	112	dcd3cafe0bed96ab2cee4de76780f43942851f7a8743427cdafb7b80c884b283	1
ipc_app/tuya_ipc/tuya_sdk_c9_5_x_sdk/include/mbedtls/x509.h	15438	337	72ce7703f99a0da13e665ba75bfeb8efc5ea3dfc1783f649a66a31cb569d03ee	1
ipc_app/tuya_ipc/tuya_sdk_c9_5_x_sdk/include/mbedtls/x509_crl.h	5312	174	c218c7b3b9a183ad8452eccc6c4cf565179a92471faa0907afe051f2e8667e57	1
ipc_app/tuya_ipc/tuya_sdk_c9_5_x_sdk/include/mbedtls/x509_crt.h	31532	785	9b90126a74cd37cea0c1c2f4ef5f90f0ec2f524e73ee502f2f7b76e191d755af	1
ipc_app/tuya_ipc/tuya_sdk_c9_5_x_sdk/include/mbedtls/x509_csr.h	10454	307	a2b104141e20dc41a60eadff453764d7fe2353480041648a16ac7720622b0272	1
ipc_app/tuya_ipc/tuya_sdk_c9_5_x_sdk/include/mbedtls/xtea.h	3687	139	c0675e4ce88fdd328991971d6650d6142612b8e2048c41038c276d3f28483ec9	1
ipc_app/tuya_ipc/tuya_sdk_c9_5_x_sdk/include/mem_pool.h	6305	227	3a90150ae18a1f09dc07650bb5760344412c3b51c0cdaea31fd4b21898582c54	1
ipc_app/tuya_ipc/tuya_sdk_c9_5_x_sdk/include/mf_test.h	4922	214	b41ec8942948d145731d36827e44d8678602d0297609edcfd199037181cdd9ad	1
ipc_app/tuya_ipc/tuya_sdk_c9_5_x_sdk/include/mix_method.h	3266	124	6a4572a3c0be9ba2efe23e8a9f5a80e0d32128c661789de2c3047ad6913207b6	1
ipc_app/tuya_ipc/tuya_sdk_c9_5_x_sdk/include/mqc_app.h	16844	476	ebea684b8c8615cdd3ed3684bc04a69538c03457ae10b733c27f881dc4d4b8b7	1
ipc_app/tuya_ipc/tuya_sdk_c9_5_x_sdk/include/mqtt_client.h	9908	305	c9cd134df7a296d842a7fe02e782ac5dc3704c85d23acece8803f79defa7fd87	1
ipc_app/tuya_ipc/tuya_sdk_c9_5_x_sdk/include/netcfg_module.h	8135	309	733db2f771621e2a78be1b6d4f38074e9fed80c66a9c13aede6494e7a701bc83	1
ipc_app/tuya_ipc/tuya_sdk_c9_5_x_sdk/include/netif/bridgeif.h	5286	127	117fd9fc361fffb0a9eb35b2f4114c90039e09c90366fa2399428184e7211ea1	1
ipc_app/tuya_ipc/tuya_sdk_c9_5_x_sdk/include/netif/bridgeif_opts.h	3546	90	ed95dc1ff51c74b57267ac619351df8bebf534f4cbb24bc5c416ccd924523491	1
ipc_app/tuya_ipc/tuya_sdk_c9_5_x_sdk/include/netif/etharp.h	140	3	598f51cc6d1009880bd27d80d5c41ac0a64685b60bd5faff4677515317a8b015	1
ipc_app/tuya_ipc/tuya_sdk_c9_5_x_sdk/include/netif/ethernet.h	2966	77	6c45b4855110f01cfb8a449ce195caaffa58652db918689d914e79246cbcae69	1
ipc_app/tuya_ipc/tuya_sdk_c9_5_x_sdk/include/netif/ieee802154.h	5450	112	e90c1cc2b269a265c2f2320d8e1f062cb2fd1a0da072fb915b52e960e2056b5d	1
ipc_app/tuya_ipc/tuya_sdk_c9_5_x_sdk/include/netif/lowpan6.h	3010	89	ed5b3401c22e18fd6e23e246b949568c62d8c28d00464e7a4e1f97ff97147f62	1
ipc_app/tuya_ipc/tuya_sdk_c9_5_x_sdk/include/netif/lowpan6_ble.h	3192	78	9e2a7bbce1df7f0bae1639be59d6fe9ddd356603d9f6b2660f4289debea6e76a	1
ipc_app/tuya_ipc/tuya_sdk_c9_5_x_sdk/include/netif/lowpan6_common.h	3194	82	e3d550248cbbc87e330f59c41ec6b612320242e6a4329820caf931accca6f80d	1
ipc_app/tuya_ipc/tuya_sdk_c9_5_x_sdk/include/netif/lowpan6_opts.h	4389	122	a8cd5130120be7367f07faf9ea57681a34e49e01695fb5da73e232f705dcce0a	1
ipc_app/tuya_ipc/tuya_sdk_c9_5_x_sdk/include/netif/ppp/ccp.h	5126	164	9629b99d93e3c7260c88675cc7351441178d5f336e5ba5b971d9d10243a20372	1
ipc_app/tuya_ipc/tuya_sdk_c9_5_x_sdk/include/netif/ppp/chap-md5.h	1508	36	8bdeecfa0224223dabab2b8e6a5c04651eed5e6c80b979cc7b47f0e44ec2f99f	1
ipc_app/tuya_ipc/tuya_sdk_c9_5_x_sdk/include/netif/ppp/chap-new.h	6386	200	f40a75b954e8479fd2696d187107b3a71ee9e6d2756fc73e979049da7b28d200	1
ipc_app/tuya_ipc/tuya_sdk_c9_5_x_sdk/include/netif/ppp/chap_ms.h	1782	44	cb2eb95fe76e739049b3a2f3dcd041f1e9f348477d2388724959cf2885de728a	1
ipc_app/tuya_ipc/tuya_sdk_c9_5_x_sdk/include/netif/ppp/eap.h	5741	169	f37bad779511372f8b398df2e459b081e13b761332e33f66bd09b7ee0c42f305	1
ipc_app/tuya_ipc/tuya_sdk_c9_5_x_sdk/include/netif/ppp/ecp.h	2060	62	64f48a5301b09437df9d9270d59c1140cf32166b274e582f510aeff405d2222b	1
ipc_app/tuya_ipc/tuya_sdk_c9_5_x_sdk/include/netif/ppp/eui64.h	3154	102	a7715aa16680379dfc62703112da1ca345e3bd219c1079ed2c0956f570c92070	1
ipc_app/tuya_ipc/tuya_sdk_c9_5_x_sdk/include/netif/ppp/fsm.h	6567	182	3ee20821e270bee0ec4c807a03dc7fc0c395110122142310426d229a6735277a	1
ipc_app/tuya_ipc/tuya_sdk_c9_5_x_sdk/include/netif/ppp/ipcp.h	5216	134	9100fe618f34fc2b9c31f462a36bdab00bdee3ab9bc0b1caba0a6f544b7eaa0e	1
ipc_app/tuya_ipc/tuya_sdk_c9_5_x_sdk/include/netif/ppp/ipv6cp.h	7840	191	90a2b6e529467b24fb8b5c41cea5d20af5568ff535a6d40e6febd0a0918fee3d	1
ipc_app/tuya_ipc/tuya_sdk_c9_5_x_sdk/include/netif/ppp/lcp.h	6989	179	bea16cac731fb7f0199269e30bbce0c896b2b680c966cef77b0ef6a27112d14f	1
ipc_app/tuya_ipc/tuya_sdk_c9_5_x_sdk/include/netif/ppp/magic.h	4989	130	beb0d8c439f39d60af91429b6dd57b385860204b16910c653edd91df43986565	1
ipc_app/tuya_ipc/tuya_sdk_c9_5_x_sdk/include/netif/ppp/mppe.h	6439	181	0dec116fbded31193275e5abc99d767278fe4dab35a25e2d77d71c9d9d035a0b	1
ipc_app/tuya_ipc/tuya_sdk_c9_5_x_sdk/include/netif/ppp/polarssl/arc4.h	2857	81	0404bdb5bfa7b1ec28ccd1d62f2bce38b980c49659abca75f10779cbdd6ebd9a	1
ipc_app/tuya_ipc/tuya_sdk_c9_5_x_sdk/include/netif/ppp/polarssl/des.h	3126	92	deb872305c3e0e097ac508706b6d158d8409c5075f0520620577e442b1f9db56	1
ipc_app/tuya_ipc/tuya_sdk_c9_5_x_sdk/include/netif/ppp/polarssl/md4.h	3229	97	5c1fc263e83327de7bcc897287efde528f0f4bb786dafe31ae2ec5b454d0aac4	1
ipc_app/tuya_ipc/tuya_sdk_c9_5_x_sdk/include/netif/ppp/polarssl/md5.h	3227	96	c8eca46bcdcb4745d5dcfdb6d73bf4efe9f74bd567abee46bf0217297133995b	1
ipc_app/tuya_ipc/tuya_sdk_c9_5_x_sdk/include/netif/ppp/polarssl/sha1.h	3259	96	2800e8b2bdb15cfaaf3c2afeef947cec10b2ba78b7fced3fc5371b7b8c2311a8	1
ipc_app/tuya_ipc/tuya_sdk_c9_5_x_sdk/include/netif/ppp/ppp.h	25648	698	3cea7154b66723c50abe749bda12821e0a95113dc23da08a13a95b603d1cc309	1
ipc_app/tuya_ipc/tuya_sdk_c9_5_x_sdk/include/netif/ppp/ppp_impl.h	25615	722	c80ed8b4954bf86fd010253422086abe352ce35e52c556dfdd1056ef32e2271a	1
ipc_app/tuya_ipc/tuya_sdk_c9_5_x_sdk/include/netif/ppp/ppp_opts.h	15960	610	62828d16862665bb58bd8f18816bc19fbeb57519cc184dd13dc498a338a36d7e	1
ipc_app/tuya_ipc/tuya_sdk_c9_5_x_sdk/include/netif/ppp/pppapi.h	4584	137	63e8e37916f98c91fc8dd20460728fb571525e2310410c323810929f408746c8	1
ipc_app/tuya_ipc/tuya_sdk_c9_5_x_sdk/include/netif/ppp/pppcrypt.h	4781	144	30b8d0e40bd366992a27800cb5139f5e116d7f346ae003cf945aac842d0a19db	1
ipc_app/tuya_ipc/tuya_sdk_c9_5_x_sdk/include/netif/ppp/pppdebug.h	3317	88	8e1a9f01928b9c44ae283a2ae673fb80274c87edd471f8ec250bab8143722764	1
ipc_app/tuya_ipc/tuya_sdk_c9_5_x_sdk/include/netif/ppp/pppoe.h	7585	187	97cc0a75fa633ccb9bf9765970fc3428b0c8099abb78228452756264c039d7d1	1
ipc_app/tuya_ipc/tuya_sdk_c9_5_x_sdk/include/netif/ppp/pppol2tp.h	9073	209	e589e31b31bb3c8948e52f3a271ea72db8f56e5c24fb1a6ea1ca7e1c98c7c885	1
ipc_app/tuya_ipc/tuya_sdk_c9_5_x_sdk/include/netif/ppp/pppos.h	4695	126	49e4472c077ae8f8b95a74d650f24567ad06a90e747b30c0ce0b4d9943764d4b	1
ipc_app/tuya_ipc/tuya_sdk_c9_5_x_sdk/include/netif/ppp/upap.h	4270	131	52957fc1be26b98088b0cab3435772af73de1277b3b94f5099cbd529ae4a151b	1
ipc_app/tuya_ipc/tuya_sdk_c9_5_x_sdk/include/netif/ppp/vj.h	6527	169	c9fbf250bf8ddc996a23f9d5c4556ba6e94dda9d228d1c691f50424095ef19a2	1
ipc_app/tuya_ipc/tuya_sdk_c9_5_x_sdk/include/netif/slipif.h	3180	87	f9ec40aaca9ab54c04c8e70e8e50d689f22f762cbd57e4e09e5ec1f9fccaed6d	1
ipc_app/tuya_ipc/tuya_sdk_c9_5_x_sdk/include/netif/zepif.h	2940	81	2f77f06432565dc13598c3717936d54dd7ebfd8cf66f52920d351dbe7544f4a7	1
ipc_app/tuya_ipc/tuya_sdk_c9_5_x_sdk/include/openssl_encrypt.h	1927	55	1c5f91f1a32c582427ba9810258f48ba87cd4e02711a19201107528b4b9993f0	1
ipc_app/tuya_ipc/tuya_sdk_c9_5_x_sdk/include/pegasus_frame.h	4172	97	ce5d07a3a144eacc5747a7ef43131a1c14dffcdda0cd96de6dee6ca346126d8e	1
ipc_app/tuya_ipc/tuya_sdk_c9_5_x_sdk/include/pegasus_netcfg.h	90	6	a03d58256101b4e19ff3a90740dc841f220b34f46b3c037ffce8371af503e91d	1
ipc_app/tuya_ipc/tuya_sdk_c9_5_x_sdk/include/prod_test.h	2157	60	03e7ec2729edacf3c67051caaa99f121ec962ac8bbae7606f39af3696af4f0a4	1
ipc_app/tuya_ipc/tuya_sdk_c9_5_x_sdk/include/rpc_udp.h	3466	136	3d20b0e76172e4d167262e99c40e7b520f2b61defe7d3348846fbb32b0b09e1e	1
ipc_app/tuya_ipc/tuya_sdk_c9_5_x_sdk/include/rtp/tuya_ipc_aac_rtp.h	3746	113	878c957b58b4c02de779081dccfce4919ce2f05d01fafc471f878b3f4feed1fe	1
ipc_app/tuya_ipc/tuya_sdk_c9_5_x_sdk/include/rtp/tuya_ipc_g711_rtp.h	1022	41	45ff1e7abe5ab3a678c80f5817e9be9a4d9bf5d3ff3628516ae29b8f550aee81	1
ipc_app/tuya_ipc/tuya_sdk_c9_5_x_sdk/include/rtp/tuya_ipc_h264_rtp.h	2840	93	da676456f0d230d1c35dbe8b134bfd8abe468e02f9bfd4e97b44de960b43ba18	1
ipc_app/tuya_ipc/tuya_sdk_c9_5_x_sdk/include/rtp/tuya_ipc_rtp.h	3679	152	6bfeffc16d4ace856067eac180f858030eb9cc73f537aec45ac192ed8bb56f84	1
ipc_app/tuya_ipc/tuya_sdk_c9_5_x_sdk/include/sdk_version.h	4040	137	0d22b88023591448338d3fdf31392dcca8500fb1952002522193152beab1c47a	1
ipc_app/tuya_ipc/tuya_sdk_c9_5_x_sdk/include/smart_frame.h	10033	346	424c858531ef1bd117e567436001cdf56720a6cd34db501dbfd118f15efde9d9	1
ipc_app/tuya_ipc/tuya_sdk_c9_5_x_sdk/include/srtp.h	71571	1759	b3599905264c9d333e34e42204ab9d2f75eaca14b6395c40bf0e946fd1addf63	1
ipc_app/tuya_ipc/tuya_sdk_c9_5_x_sdk/include/storage_service.h	551	16	789e1fbbbbd11691498d7467e9a370392fd0473ee55257c0ef2f15d4dae7eaa4	1
ipc_app/tuya_ipc/tuya_sdk_c9_5_x_sdk/include/svc_pegasus.h	3962	97	49bbbb5ce62712d220778c2738593eca7d2fc362b0f6a7d6d74fe752e14aa78b	1
ipc_app/tuya_ipc/tuya_sdk_c9_5_x_sdk/include/sys_timer.h	3838	167	5dcd533f9b7b62728fe33437634c7f0a0fe3d8495a7ce931fa9c58e3d32ee38a	1
ipc_app/tuya_ipc/tuya_sdk_c9_5_x_sdk/include/thing_config.h	530	21	bc9da056a3f53e527c07d9bd4046a817df0628537486e2d12197471b0369dc24	1
ipc_app/tuya_ipc/tuya_sdk_c9_5_x_sdk/include/tlink_bc.h	2488	75	2ff471bb15e77b985da1acfaad663da55ffba948a28c1db1626eaf6214fe955c	1
ipc_app/tuya_ipc/tuya_sdk_c9_5_x_sdk/include/tstool/ac3_fns.h	1687	59	78ac87fbc0966ee1dc3c0981e3493e09a5387cbf8ba7dc21e2a03a20c3a70251	1
ipc_app/tuya_ipc/tuya_sdk_c9_5_x_sdk/include/tstool/accessunit_defns.h	5885	138	85215b4643d024e58bb7a6db9ff4dcb1a0f3d184939585164b39f512fb404ea4	1
ipc_app/tuya_ipc/tuya_sdk_c9_5_x_sdk/include/tstool/accessunit_fns.h	11949	305	eb97c16fb7d5515250576058546279e3cc205033f7466e834d1999133ab5013e	1
ipc_app/tuya_ipc/tuya_sdk_c9_5_x_sdk/include/tstool/adts_defns.h	1822	53	d74fb2da4827bde55048261f74d96fb96d053ae59f766c4344a8ec7230d8cb3d	1
ipc_app/tuya_ipc/tuya_sdk_c9_5_x_sdk/include/tstool/adts_fns.h	2401	77	ad5ec271ef904066e1d56851bc455366713d4416c3f4d420ea0a1fff431c7603	1
ipc_app/tuya_ipc/tuya_sdk_c9_5_x_sdk/include/tstool/audio_defns.h	2239	69	f1365b767009baec712a962596672d973bcdbdb756ba4089d379fcce0d5ce498	1
ipc_app/tuya_ipc/tuya_sdk_c9_5_x_sdk/include/tstool/audio_fns.h	2234	73	bb2f044986171a1816e6f61b6c0e028d7434fc3f1bde8fa305382a793649765c	1
ipc_app/tuya_ipc/tuya_sdk_c9_5_x_sdk/include/tstool/avs_defns.h	5429	139	31445eb4e27a3f15da2bf28031ad48bee99f192bc05523f44819c2051c886fde	1
ipc_app/tuya_ipc/tuya_sdk_c9_5_x_sdk/include/tstool/avs_fns.h	7041	203	7d32ccd3d90a68da0e248ef3a09745c06c2d2fdf9588436e882eeb20ccece2d9	1
ipc_app/tuya_ipc/tuya_sdk_c9_5_x_sdk/include/tstool/bitdata_defns.h	1574	54	baaf0ddc96b0881a31a261bf7b131747d5fe28ef3c230885a189794be86d4891	1
ipc_app/tuya_ipc/tuya_sdk_c9_5_x_sdk/include/tstool/bitdata_fns.h	3551	123	382a52ae60f35337b5a2fe2913ea5a2bf17ea839bff089c3cc6781fe066f376c	1
ipc_app/tuya_ipc/tuya_sdk_c9_5_x_sdk/include/tstool/compat.h	5315	163	bc734422014d2e81baec32c5398724ab46a72ccf92c2e4f8245b16843f20724b	1
ipc_app/tuya_ipc/tuya_sdk_c9_5_x_sdk/include/tstool/es_defns.h	5838	151	868e917155f7e0aea879ca2c82183be29de2bf946eea82f110d8d4eec8ec96f5	1
ipc_app/tuya_ipc/tuya_sdk_c9_5_x_sdk/include/tstool/es_fns.h	14989	434	b6d0dbc7975a36149355e0bb132ba9cf25a90742a12e16b6828e78f937734095	1
ipc_app/tuya_ipc/tuya_sdk_c9_5_x_sdk/include/tstool/ethernet.h	1984	80	8ecfe7f3b99da4740bf509934a2bd8f235ade5ae37476dc6c8d66c55e6a33cf2	1
ipc_app/tuya_ipc/tuya_sdk_c9_5_x_sdk/include/tstool/filter_defns.h	4276	113	81a8db39a2f401cd852452085774fce3095443f15a458b64904c2ff71605254b	1
ipc_app/tuya_ipc/tuya_sdk_c9_5_x_sdk/include/tstool/filter_fns.h	10762	269	6914d8a98c293499069ccc808c7e6a4f7bfc57d3b52c9763c35784b2ed44e074	1
ipc_app/tuya_ipc/tuya_sdk_c9_5_x_sdk/include/tstool/fmtx.h	1966	65	679fb2c5d56099d593039bfbe3fcfe5c879a175ad7ca695df2e956cdb82a2ff4	1
ipc_app/tuya_ipc/tuya_sdk_c9_5_x_sdk/include/tstool/h222_defns.h	9519	216	4919a703e55b69708b9f0c139395624e14c02930c07200cdd83f4fc7f3cf8eab	1
ipc_app/tuya_ipc/tuya_sdk_c9_5_x_sdk/include/tstool/h222_fns.h	1401	45	88edadfd1e9d02802115ce942dab4184c0856971181ab84c93808bcb411658d3	1
ipc_app/tuya_ipc/tuya_sdk_c9_5_x_sdk/include/tstool/h262_defns.h	11169	255	b9ea6982b684359b7f95f98f829061189b6741c3329fa62a6408fc10307df6a2	1
ipc_app/tuya_ipc/tuya_sdk_c9_5_x_sdk/include/tstool/h262_fns.h	8734	242	b1e08f1b2007b90a17e0d6d8772a5643654c2747b640f22dc958fdca7c9e9b10	1
ipc_app/tuya_ipc/tuya_sdk_c9_5_x_sdk/include/tstool/ipv4.h	2629	131	3912d1665d8c20b482d08b84f2a0f60969e1b21ea4967d4954d9d9c837eb7821	1
ipc_app/tuya_ipc/tuya_sdk_c9_5_x_sdk/include/tstool/l2audio_fns.h	2173	72	f312ae41967f7c0c8d165bce76910cdd785bb63419503db87e215e869e8e07ac	1
ipc_app/tuya_ipc/tuya_sdk_c9_5_x_sdk/include/tstool/misc_defns.h	2193	65	78ef7714e300218799295770f4adca17041a4f65e01e40d8424d3d5bf276c88a	1
ipc_app/tuya_ipc/tuya_sdk_c9_5_x_sdk/include/tstool/misc_fns.h	16171	468	d5423c90c7ab4d2fdc04c7bc359830f5bb3746da526dfb34a395f1046c5a650e	1
ipc_app/tuya_ipc/tuya_sdk_c9_5_x_sdk/include/tstool/nalunit_defns.h	9525	271	662e3df59c1d30d48d339388c1e004a48ef91ba4f69d27b03d3bc7df025cbe00	1
ipc_app/tuya_ipc/tuya_sdk_c9_5_x_sdk/include/tstool/nalunit_fns.h	12153	353	4ad7506a0b5841859a14bc6ea1259e81cde1d53b6041e4210075f779f3a1ded8	1
ipc_app/tuya_ipc/tuya_sdk_c9_5_x_sdk/include/tstool/pcap.h	3422	146	5f814975ca3dfd094f1d22c56cbad59f339a6503aaa00d1db30933f414ee461d	1
ipc_app/tuya_ipc/tuya_sdk_c9_5_x_sdk/include/tstool/pes_defns.h	10441	235	b59884fffb55c84aabb76165a6c43e1d6b843a4917ff5f6cb7ff588b40dc0060	1
ipc_app/tuya_ipc/tuya_sdk_c9_5_x_sdk/include/tstool/pes_fns.h	21316	553	f45028ec45211a7c4b1cf1f75bfe54f27d6d0695a459be5dc24d6ba19d94aa4c	1
ipc_app/tuya_ipc/tuya_sdk_c9_5_x_sdk/include/tstool/pidint_defns.h	2975	94	eec19491446d4131a5dd7590c66a2063964a32ca57c423698cbeaaa411cca85c	1
ipc_app/tuya_ipc/tuya_sdk_c9_5_x_sdk/include/tstool/pidint_fns.h	8252	247	f3ba6546aca69426d944f035ea2042c5e3b27da9b3cc04726599b2a19ca359b2	1
ipc_app/tuya_ipc/tuya_sdk_c9_5_x_sdk/include/tstool/ps_defns.h	5587	144	7edd5d11afd4057fdc1ea37ee9fca43dabd61d08de2e5411875a380ea4e5f395	1
ipc_app/tuya_ipc/tuya_sdk_c9_5_x_sdk/include/tstool/ps_fns.h	13753	358	d75d85f445a8aef37d8cb8fde51d43e84e0c012928da99749a147c61df40abd2	1
ipc_app/tuya_ipc/tuya_sdk_c9_5_x_sdk/include/tstool/reverse_defns.h	5904	134	243533ea3b02779b7ccfc9ea606f93919dd2d730ed2642ddefc65d108fe1db37	1
ipc_app/tuya_ipc/tuya_sdk_c9_5_x_sdk/include/tstool/reverse_fns.h	15463	340	58e95323ed2dbf4ca9a0dc6d0a49b33f32c41ba251d1ff26f25392a39e8ac9e2	1
ipc_app/tuya_ipc/tuya_sdk_c9_5_x_sdk/include/tstool/ts_defns.h	2756	77	4d0959de286935db71a62316480fc1d3960a9b7cceb030bae3c1d65569cf2b47	1
ipc_app/tuya_ipc/tuya_sdk_c9_5_x_sdk/include/tstool/ts_fns.h	33532	782	78d50212d5ab36116cceff21b6473f291ecbf92c9bc683b443301fed038ab34e	1
ipc_app/tuya_ipc/tuya_sdk_c9_5_x_sdk/include/tstool/tswrite_defns.h	14080	343	3e0d852dfb8031d3fd9585b32b56e8149e548035cd1e67bda688945a314a8f0f	1
ipc_app/tuya_ipc/tuya_sdk_c9_5_x_sdk/include/tstool/tswrite_fns.h	14345	352	52e52cb7a47336940cd11d76c1fbe4ea0503fd84ccd91a5079618f4fbbb00f4d	1
ipc_app/tuya_ipc/tuya_sdk_c9_5_x_sdk/include/tstool/version.h	1505	48	72d9f7ac81f351d3719e0328d73956527abdde3a9328b0f9323b533e5f5e8d62	1
ipc_app/tuya_ipc/tuya_sdk_c9_5_x_sdk/include/tstool/video_defns.h	1571	49	d4c62541c6676cc7c542831940a965d09bafc3e11d2363a24b2e3bc70777bd87	1
ipc_app/tuya_ipc/tuya_sdk_c9_5_x_sdk/include/tuya_adc.h	2618	115	081e5c5b39bad18bd055a25995c9316656ab4ec72e8c5119efbd9f5091260091	1
ipc_app/tuya_ipc/tuya_sdk_c9_5_x_sdk/include/tuya_base_utilities.h	771	46	678a2d27f3f094f671656c1546bb33c529123d87a9f86ff093ab286c365b0ce2	1
ipc_app/tuya_ipc/tuya_sdk_c9_5_x_sdk/include/tuya_bt.h	6887	266	b206d91dd8b8347f72a6bb32efbbeeea252d772297d9caf771bae09ca9e988b6	1
ipc_app/tuya_ipc/tuya_sdk_c9_5_x_sdk/include/tuya_cli.h	1374	72	a5b4ec0532d53e938a0bb7a924439cf16deab95bd04fce651f4c7295a826a26c	1
ipc_app/tuya_ipc/tuya_sdk_c9_5_x_sdk/include/tuya_cloud_base_defs.h	1700	71	4543dcce5d7684eabe291ef7b18b384e9b7f2f2a62575afccd8bea33ee190ca6	1
ipc_app/tuya_ipc/tuya_sdk_c9_5_x_sdk/include/tuya_cloud_com_defs.h	23863	836	3507f51904b3a497c2e8c0c2c95daf6e4c242f1bccdb9d42d78c8a85fa625357	1
ipc_app/tuya_ipc/tuya_sdk_c9_5_x_sdk/include/tuya_cloud_error_code.h	10332	249	cf3558a1c36c615f790abfc3ef501cda7c1e5154f42584c1bda60ec6331c2fc1	1
ipc_app/tuya_ipc/tuya_sdk_c9_5_x_sdk/include/tuya_cloud_types.h	3946	200	2c1c25d1863c04809a3f33f65d51b561196ed77e4b387af2ba359b8a8858eb36	1
ipc_app/tuya_ipc/tuya_sdk_c9_5_x_sdk/include/tuya_cloud_wifi_defs.h	5449	133	d268b2a4cfd27b9428e5ad5d5144d77a1d5f0798e07c5b9d554d150d0348b878	1
ipc_app/tuya_ipc/tuya_sdk_c9_5_x_sdk/include/tuya_coap_helper.h	2580	87	e9b6f2a91593662102559bcd5d3de177dae88fe06f516774781df4d7c55f97dd	1
ipc_app/tuya_ipc/tuya_sdk_c9_5_x_sdk/include/tuya_devos.h	2106	89	c4a99f40f6e5f9668c8acc6ab3d00ddb3d079f59b9a2dcf546db117f8173789d	1
ipc_app/tuya_ipc/tuya_sdk_c9_5_x_sdk/include/tuya_devos_activate.h	2658	122	de406c698badba41de65364c45e59e91b971353fa19f5f90f7d0ae998fc079f1	1
ipc_app/tuya_ipc/tuya_sdk_c9_5_x_sdk/include/tuya_devos_entry.h	2675	114	3f0a86a53b8c6bf185ddcaca379bc5dc74add302aadf6898c09bc6afb832ec0a	1
ipc_app/tuya_ipc/tuya_sdk_c9_5_x_sdk/include/tuya_devos_netcfg.h	5102	193	27f1660e0a3580eca24d71ece3a3987ad05dbc3d74b8e59b46e28d5306fcf926	1
ipc_app/tuya_ipc/tuya_sdk_c9_5_x_sdk/include/tuya_devos_netlink.h	4504	172	f116ed137c2e6bf052b4d5d0468f5e0227f17edb5191e5f221d25dbda7babe78	1
ipc_app/tuya_ipc/tuya_sdk_c9_5_x_sdk/include/tuya_devos_reset.h	1757	75	c55dc444105cd289ce4688ac4b101737028ca7797d7b3efff78e5a407ba2a315	1
ipc_app/tuya_ipc/tuya_sdk_c9_5_x_sdk/include/tuya_devos_utils.h	2316	113	14e543c9d7ebb55badc65aae2f7176045e43a33c54db411c0822f224631d8218	1
ipc_app/tuya_ipc/tuya_sdk_c9_5_x_sdk/include/tuya_driver.h	2219	105	ef35d90b8136579b8f09425787b42a3f61b38d4e05fc9783c68dc63790e8ce3b	1
ipc_app/tuya_ipc/tuya_sdk_c9_5_x_sdk/include/tuya_error_code.h	26055	459	c2c15b5a02f974b25c0a1d6f5802ac6feca43bce15978aa36fdf3d939843c77c	1
ipc_app/tuya_ipc/tuya_sdk_c9_5_x_sdk/include/tuya_ffs.h	1853	75	e85ee3560fc4c5c83b2f76b58cea9b87ba30674cbfbfba32c20e5779531b0680	1
ipc_app/tuya_ipc/tuya_sdk_c9_5_x_sdk/include/tuya_ffs_adapter.h	1241	38	70cfea52f7feb041da213741d5831a27a07c749aee3fdcea52299ee5f5dad60f	1
ipc_app/tuya_ipc/tuya_sdk_c9_5_x_sdk/include/tuya_ffs_config.h	1544	56	79e23aaee278784b6bc7eabd606d28bb99c076dd210bc2bf7c7ff7f5209ee6a3	1
ipc_app/tuya_ipc/tuya_sdk_c9_5_x_sdk/include/tuya_ffs_dss.h	1018	47	e21ca242444f630caf887ae360ab66eea10b4aeec8900d7016a06eda8032847b	1
ipc_app/tuya_ipc/tuya_sdk_c9_5_x_sdk/include/tuya_ffs_inc.h	1127	67	f21af81e44ec59fbf22a72e89247caf17a0c1b00868f4897d5bd3bde35cc895d	1
ipc_app/tuya_ipc/tuya_sdk_c9_5_x_sdk/include/tuya_ffs_stream.h	1138	48	398f76ba00d0ea8aa19055d983e83b81d7f26cf6883cac9537fed3298ff0aaec	1
ipc_app/tuya_ipc/tuya_sdk_c9_5_x_sdk/include/tuya_gpio.h	4057	182	3be4bd495a166a70df1b6fb3cfd2d65fcbe8f661b4a36e2677acd29f1f3c4361	1
ipc_app/tuya_ipc/tuya_sdk_c9_5_x_sdk/include/tuya_hal_ble_mesh_prov.h	1071	45	9d6d8558ab9dd5b7926000c7f4c1954ece82944b37395d8eae3ebde52859130b	1
ipc_app/tuya_ipc/tuya_sdk_c9_5_x_sdk/include/tuya_hal_bt.h	5579	220	8d6e76cdf006cbe09d5a4b0e7fe3abe0fa267acb7268e6bc449629fe4b8b3e6d	1
ipc_app/tuya_ipc/tuya_sdk_c9_5_x_sdk/include/tuya_hal_cellular.h	981	36	792f8d1649979c118e9420a0013d3ab1476fb7d66f017c7f818ef38225009085	1
ipc_app/tuya_ipc/tuya_sdk_c9_5_x_sdk/include/tuya_hal_fs.h	6841	278	6dd6cdc2faaac38682ed38b0b9e05a1adafff9fd5293e6ecbc36332db8ac676b	1
ipc_app/tuya_ipc/tuya_sdk_c9_5_x_sdk/include/tuya_hal_memory.h	1512	68	3c46940536724f2801d1bc6ba9aa88c3b1126e0abd971df5fe3828dc4754cb81	1
ipc_app/tuya_ipc/tuya_sdk_c9_5_x_sdk/include/tuya_hal_mutex.h	1609	80	244b8a841aa3a377350e517818dae080d014144d2a5bd1264da94559b6d9d99f	1
ipc_app/tuya_ipc/tuya_sdk_c9_5_x_sdk/include/tuya_hal_network.h	13808	485	3260833b0776ff0e6b65852475f8f92b82ca4dc02b2235e71017a58a17759555	1
ipc_app/tuya_ipc/tuya_sdk_c9_5_x_sdk/include/tuya_hal_ota.h	1954	75	f24d0550161852af041655465875665709c6b5b58e0107c15ac51498ee16a3d8	1
ipc_app/tuya_ipc/tuya_sdk_c9_5_x_sdk/include/tuya_hal_output.h	1256	68	259e5bb458bc4f6ec3233d04511ea7c2d9236490120a92fe4bfbc7c07dd7e994	1
ipc_app/tuya_ipc/tuya_sdk_c9_5_x_sdk/include/tuya_hal_queue.h	1719	69	34f4ae33a75f13e42ce9f56664c141cb7b9793715dac408d852875a4303c3fda	1
ipc_app/tuya_ipc/tuya_sdk_c9_5_x_sdk/include/tuya_hal_semaphore.h	2160	95	d8d7a33fa7bb0cbef4f5e158c07c27572bbf1745121516b0dc2d539d6bed80f8	1
ipc_app/tuya_ipc/tuya_sdk_c9_5_x_sdk/include/tuya_hal_storage.h	2643	121	e9a0f394e3b73835adf0ed3231c2c9fb6795c85dd124713b309b49ffe8d79627	1
ipc_app/tuya_ipc/tuya_sdk_c9_5_x_sdk/include/tuya_hal_system.h	3214	169	5ea25f6021f870cbd98c5fd648443f4894689f57d7b414f449d6324c62bd41e7	1
ipc_app/tuya_ipc/tuya_sdk_c9_5_x_sdk/include/tuya_hal_thread.h	2641	105	a0ddfc4aa38a0eb30bd5493654fd393c512cb7a6c85cde146bd425b2bc8fc059	1
ipc_app/tuya_ipc/tuya_sdk_c9_5_x_sdk/include/tuya_hal_wifi.h	7497	272	5df17b831ef1b08b35ef98282de989d95ceedc8c3fdcf26107072ccb6b438ab8	1
ipc_app/tuya_ipc/tuya_sdk_c9_5_x_sdk/include/tuya_hal_wired.h	3640	145	2dfe1db90d1ae6d2f6661bf424c110d815b23c7c72406feba6b790c7e1f16ec6	1
ipc_app/tuya_ipc/tuya_sdk_c9_5_x_sdk/include/tuya_i2c.h	4471	162	acb9bf2bf5a810092986411d275528901b3cad817dd1032e05f12d9015965c59	1
ipc_app/tuya_ipc/tuya_sdk_c9_5_x_sdk/include/tuya_i2s.h	4221	160	1417eea0f8ee1727c4c465edf07df141947b1239af9305e4c9c0543f3e5f19ec	1
ipc_app/tuya_ipc/tuya_sdk_c9_5_x_sdk/include/tuya_iot_api_pre_handle.h	5499	127	c6644ccbc8cad488c766c4030e9eb12ceecb6c39c5209a790df2a0f1dcd82ba5	1
ipc_app/tuya_ipc/tuya_sdk_c9_5_x_sdk/include/tuya_iot_base_api.h	3508	119	eb22ed3d78558a8337e27ea0de6ab9d05cb20088eccdc319beb1b46912596bf1	1
ipc_app/tuya_ipc/tuya_sdk_c9_5_x_sdk/include/tuya_iot_com_api.h	19086	659	15fb9043694a6356a4797ea1d4d4d3bdbb7f3af238885fa576ddc9285ecede2a	1
ipc_app/tuya_ipc/tuya_sdk_c9_5_x_sdk/include/tuya_iot_config.h	7400	394	8b631c16041f5f0242a43613cc52e20bf002c491194ab1f15d0f697702f17b5b	1
ipc_app/tuya_ipc/tuya_sdk_c9_5_x_sdk/include/tuya_iot_dev_check.h	3442	101	17b006e56b422986444d2a3ca02436785eac9902075340ceea68d0705f3b2d7f	1
ipc_app/tuya_ipc/tuya_sdk_c9_5_x_sdk/include/tuya_iot_internal_api.h	11593	497	7e2123b46a73c3bb6676d0ee037bd6b414819219dad324044bfafa40643f7fd0	1
ipc_app/tuya_ipc/tuya_sdk_c9_5_x_sdk/include/tuya_iot_wifi_api.h	6456	240	4e25a518722941506ca076ecd01830181d0bc2d73e4481827abc29d3edc3024d	1
ipc_app/tuya_ipc/tuya_sdk_c9_5_x_sdk/include/tuya_iot_wired_wifi_api.h	7994	187	34d3664e97370b96049e356038da568014c3d08838fce2286b2694ad264a4a88	1
ipc_app/tuya_ipc/tuya_sdk_c9_5_x_sdk/include/tuya_ipc_ai_detect_storage.h	1797	66	92d4f65f88b2c334b8398db1234ffb679e8b22657a14e396741a24ad49681c3d	1
ipc_app/tuya_ipc/tuya_sdk_c9_5_x_sdk/include/tuya_ipc_ai_face_db.h	1536	74	9f632db88b086a416bf95db6f144e7ce2c586864af6b83aa337933a53ab64131	1
ipc_app/tuya_ipc/tuya_sdk_c9_5_x_sdk/include/tuya_ipc_ai_face_detect.h	3122	94	023405c91534e8b7560e21b7da2a8e86fb813ba752124f49ecc878a14f448962	1
ipc_app/tuya_ipc/tuya_sdk_c9_5_x_sdk/include/tuya_ipc_api.h	570	27	bed9a545bb406ccb2c7a4d6067631ff4a1d83eadc979c1dbfd8d750a02c8a14b	1
ipc_app/tuya_ipc/tuya_sdk_c9_5_x_sdk/include/tuya_ipc_cloud_storage.h	6940	207	c312898c3e1bbe2b492ae46e168cba5c549a133f3f82f3476a9ae8d9b51c7dc5	1
ipc_app/tuya_ipc/tuya_sdk_c9_5_x_sdk/include/tuya_ipc_doorbell.h	1234	42	15927e5e43c5e251b8506141eeb1163cbb1ca4e724e589f89a6f9ebbafc0baab	1
ipc_app/tuya_ipc/tuya_sdk_c9_5_x_sdk/include/tuya_ipc_dp.h	1587	45	af3bb83ef1e2cb0e675c2fc40697a4d041cb449395c26ce01851f5bdaa02826c	1
ipc_app/tuya_ipc/tuya_sdk_c9_5_x_sdk/include/tuya_ipc_event.h	5146	129	c94d75084466d30e7ceca0448040d30dd09be31b0dd26db33df8f5f39c1add90	1
ipc_app/tuya_ipc/tuya_sdk_c9_5_x_sdk/include/tuya_ipc_img_defs.h	2474	97	c17a1bd6a0854c21f4ba63c42d170d330a843b81cb7cb4307ce4be7297567c87	1
ipc_app/tuya_ipc/tuya_sdk_c9_5_x_sdk/include/tuya_ipc_img_proc.h	3759	106	4fc32431ea3d1d1f50dfe6afb4637a61c35c3e9ce22940bc4925ccdb6733dc19	1
ipc_app/tuya_ipc/tuya_sdk_c9_5_x_sdk/include/tuya_ipc_log.h	842	30	a0ea738f51dae56d9811ccc645b8aa17203513b6a06fdedb8928ef48cb005bc0	1
ipc_app/tuya_ipc/tuya_sdk_c9_5_x_sdk/include/tuya_ipc_log_seq.h	1792	26	c5628464f6be1d37bff5ced30975214b3506da3ecd293a68dce70a0bc59c2ded	1
ipc_app/tuya_ipc/tuya_sdk_c9_5_x_sdk/include/tuya_ipc_low_power_api.h	1184	38	8863913f6c99f581b9f49b73fab41a83151c5d80857c6a20d938e212b2767654	1
ipc_app/tuya_ipc/tuya_sdk_c9_5_x_sdk/include/tuya_ipc_media.h	3431	147	a2fd2b4e580596a13bc78714d7bed98694a1fb798a85b9de02c760db5fe1730a	1
ipc_app/tuya_ipc/tuya_sdk_c9_5_x_sdk/include/tuya_ipc_moto_mqtt.h	934	50	c833bdb7fba95d85d8d7a5e95ab408fd8f0fe1444e42db2ef347c6330bd4515e	1
ipc_app/tuya_ipc/tuya_sdk_c9_5_x_sdk/include/tuya_ipc_mqtt_subscribe.h	1328	44	939a62876400ea96272509ea7414c24d5d52d03d6893cd282bbf9f20eae61622	1
ipc_app/tuya_ipc/tuya_sdk_c9_5_x_sdk/include/tuya_ipc_notify.h	8094	216	d9c90cb38058e4a0bc2a2b5f54a0dd6d4ab53e05116e2d4b110690c4f49d7098	1
ipc_app/tuya_ipc/tuya_sdk_c9_5_x_sdk/include/tuya_ipc_p2p.h	18159	553	cfabc728595ada4a119fc953310f2c148409e8e7672a862667e7837f0280dc0e	1
ipc_app/tuya_ipc/tuya_sdk_c9_5_x_sdk/include/tuya_ipc_p2p_common.h	3112	121	4810724a76eb2fb68514346cf7de2ac6fcd8aa99da7313d01aea7a9e44925cc2	1
ipc_app/tuya_ipc/tuya_sdk_c9_5_x_sdk/include/tuya_ipc_p2p_error.h	1366	29	b38de8479a3646130accb42a50fce5fbc1a4b404879cbe68de23849510c28db0	1
ipc_app/tuya_ipc/tuya_sdk_c9_5_x_sdk/include/tuya_ipc_ptz.h	1567	59	b13c7878736ac3d1d874fb2e448a516ea8b4f8af435472a2993c58bbcdb94a3b	1
ipc_app/tuya_ipc/tuya_sdk_c9_5_x_sdk/include/tuya_ipc_qrcode_proc.h	1665	43	941eca34dac91da0bd5046eeb5b5fcb47cdeca63b4067ffcaf1a35ceb77bcb8b	1
ipc_app/tuya_ipc/tuya_sdk_c9_5_x_sdk/include/tuya_ipc_sdk_info.h	4268	156	7eeac999f373c0e55d9f8d295404295a4d29997a4c757d714c0373d39ce3d2c7	1
ipc_app/tuya_ipc/tuya_sdk_c9_5_x_sdk/include/tuya_ipc_sdk_init.h	6573	194	a36980fbcc708da76facb047b9c4de397289378684a375a05c6c7f7a0c0bb19a	1
ipc_app/tuya_ipc/tuya_sdk_c9_5_x_sdk/include/tuya_ipc_skill.h	837	42	a0a1edf0d66a58f0caf11e24058bd03a2abc20c29527ea75684edfdfa443dc45	1
ipc_app/tuya_ipc/tuya_sdk_c9_5_x_sdk/include/tuya_ipc_stream_storage.h	15548	455	2dc947d84bc6f66d27e187ef932d3f8e471381f07da3a4d355d10867dd2028fd	1
ipc_app/tuya_ipc/tuya_sdk_c9_5_x_sdk/include/tuya_ipc_upgrade.h	2569	77	449479d7612a78e1bfe2454d2c56c38a2e072d0ed6f6f7d3a177732c499e9c01	1
ipc_app/tuya_ipc/tuya_sdk_c9_5_x_sdk/include/tuya_ipc_video_msg.h	1769	73	87ef64a11fb19ae9187372994e4bac0ac442cb72acdec7a7042c4a2a83f7c00d	1
ipc_app/tuya_ipc/tuya_sdk_c9_5_x_sdk/include/tuya_ipc_video_proc.h	4707	126	d15a0ce1798d6e0eb5db0f8fb3c3f523b6697ec7260b010dcef0f0a29f5970f0	1
ipc_app/tuya_ipc/tuya_sdk_c9_5_x_sdk/include/tuya_ipc_webrtc.h	2506	113	0d738e4d184e28cc4b8450075f4963ac623518dea5ca5ae69e5a325f58cc300c	1
ipc_app/tuya_ipc/tuya_sdk_c9_5_x_sdk/include/tuya_ir_code.h	1541	83	6d5da27ace28df06d1200071d8132530e3c7ca661d73fbd6473b89112939896f	1
ipc_app/tuya_ipc/tuya_sdk_c9_5_x_sdk/include/tuya_ir_control.h	8805	357	6d5a1326266c8c70b1eca96a49fd54e20e306ee783187b167748a9a2281329ef	1
ipc_app/tuya_ipc/tuya_sdk_c9_5_x_sdk/include/tuya_ir_ws_db.h	1001	62	00bd72eadbf4fda9e76d35a13b177f98562a2f489b705ee738f75e53aee3cd05	1
ipc_app/tuya_ipc/tuya_sdk_c9_5_x_sdk/include/tuya_key.h	2573	106	06b49cc4579936ba08f774bb06f700bcd1bd3a1347d1ddca380ff6a6d8d658b4	1
ipc_app/tuya_ipc/tuya_sdk_c9_5_x_sdk/include/tuya_led.h	2158	76	de3fbd7afdf749b144abc50c86748f22e49e369efe2e72cbdb564a87e6e9762e	1
ipc_app/tuya_ipc/tuya_sdk_c9_5_x_sdk/include/tuya_liteos_uv.h	19655	509	5a2485d269b942e6e907664f0982c5656de0318a476babf2defb1cc8c7ce406b	1
ipc_app/tuya_ipc/tuya_sdk_c9_5_x_sdk/include/tuya_media_service_rtc.h	13762	308	8a5c41ef9aad13dc6a8efa19a9a7caa112dc84f8ade7b093f628e0b2361bc8ce	1
ipc_app/tuya_ipc/tuya_sdk_c9_5_x_sdk/include/tuya_memory_heap.h	1083	41	b82e26e313caf5c8e56f25435f808a49786d051c92871e69034cdec2f1f13d9b	1
ipc_app/tuya_ipc/tuya_sdk_c9_5_x_sdk/include/tuya_os_adapter.h	41354	1082	9116218bea9a0bbec6aeda55c9ad728a6bbe902fc63233c6963db24c8662d3dd	1
ipc_app/tuya_ipc/tuya_sdk_c9_5_x_sdk/include/tuya_os_adapter_error_code.h	9091	221	35975ce6dd7e020b052c6fd35ba4fadef9ca7e08abcef7c88e19f79d39002112	1
ipc_app/tuya_ipc/tuya_sdk_c9_5_x_sdk/include/tuya_pin.h	7097	214	102fa638e7b0b9aef24e2a3e3f2ba29aa7bf56818f51d730d403d46d60e81454	1
ipc_app/tuya_ipc/tuya_sdk_c9_5_x_sdk/include/tuya_pwm.h	4135	171	d69482db305923c5a10a2f0972c126fc9388fcc85a85a873014e988543dd2e6d	1
ipc_app/tuya_ipc/tuya_sdk_c9_5_x_sdk/include/tuya_ring_buffer.h	7243	185	98c0d52e0f52956bba6d5c8996307371e16b1375cbf0bb9051af8b8df66e20c3	1
ipc_app/tuya_ipc/tuya_sdk_c9_5_x_sdk/include/tuya_rtc.h	1534	75	85f143c288de589e308ffdd4757b0073a8c24ecec79f34ff06814222d0b711dd	1
ipc_app/tuya_ipc/tuya_sdk_c9_5_x_sdk/include/tuya_sha256.h	4595	163	7bb9620634a243d9d93af6eddc75f8998ab2a8360d998f598604f8f7d11afb4d	1
ipc_app/tuya_ipc/tuya_sdk_c9_5_x_sdk/include/tuya_spi.h	6009	188	26cf0679230ab9d49e5679f9a9e8e2106d1e17b47b74daf57ed7f1d8e516d664	1
ipc_app/tuya_ipc/tuya_sdk_c9_5_x_sdk/include/tuya_svc_online_log.h	1628	65	804ac834c196ba3d1b124b8e569dfe14f849b8d7dee7f824b0f93bf67b152e21	1
ipc_app/tuya_ipc/tuya_sdk_c9_5_x_sdk/include/tuya_svc_schema_upgrade.h	1934	81	033131f9c9ee5165e4252604330af917aad8ae70bd14cf68c9568ed53989fe26	1
ipc_app/tuya_ipc/tuya_sdk_c9_5_x_sdk/include/tuya_svc_timer_task.h	1652	67	c46a04637a138058ff5b1b21f1b9eac51d2c28aff41fefbc04e019da91182e47	1
ipc_app/tuya_ipc/tuya_sdk_c9_5_x_sdk/include/tuya_svc_upgrade.h	6871	208	983be5383b7e2d465a362f05d03a938b326d8ca9d3e6825c381508e1fe03dde8	1
ipc_app/tuya_ipc/tuya_sdk_c9_5_x_sdk/include/tuya_svc_upgrade_http.h	2561	85	9a3d5340c3c1993883b71c9914cf63f42cd6a1427b842d3b414cf18446023d10	1
ipc_app/tuya_ipc/tuya_sdk_c9_5_x_sdk/include/tuya_system_dp.h	331	23	4df014f3735ac0a66a69b88166b6c4912b35a262fa612686dfb0c66edb8cecb0	1
ipc_app/tuya_ipc/tuya_sdk_c9_5_x_sdk/include/tuya_timer.h	2915	124	2e7cb7fd201feab13e3f073612467f93eb5daa3dd6852311c94b3a55b6ef37ca	1
ipc_app/tuya_ipc/tuya_sdk_c9_5_x_sdk/include/tuya_tls.h	4542	181	2e84122865c90ce5eef567551605587847ff30b009d7dc5e95205e1ca7d7e4c4	1
ipc_app/tuya_ipc/tuya_sdk_c9_5_x_sdk/include/tuya_tls_config_disable.h	171	6	896eb10c8d9925c2291e11a2e7705ad3f3fa44962b6d6d4346d0739b45b896ad	1
ipc_app/tuya_ipc/tuya_sdk_c9_5_x_sdk/include/tuya_tls_config_ecc_client_auth.h	108690	3274	3387e96f2f0358c20977b5ff975f2cb9d87408df1ea907187bb6b56115cd28d9	1
ipc_app/tuya_ipc/tuya_sdk_c9_5_x_sdk/include/tuya_tls_config_ecc_only.h	110668	3306	1caaa603336b264ab23fbec2ab58a45f04c5531b4223af3e59072e0d2caa5b72	1
ipc_app/tuya_ipc/tuya_sdk_c9_5_x_sdk/include/tuya_tls_config_ecc_only_homekit.h	110716	3307	de9fa1987ef88d694f55b944467a1bacb67d20679464119315e0d84116243fbb	1
ipc_app/tuya_ipc/tuya_sdk_c9_5_x_sdk/include/tuya_tls_config_ecc_only_ipc.h	110976	3321	adb317b8fcbcc479cdba8bb7fbe17d0503c76f2f61d69264824053b63ec7ffaf	1
ipc_app/tuya_ipc/tuya_sdk_c9_5_x_sdk/include/tuya_tls_config_ecc_only_nxp_se050.h	111257	3332	da7da5ca1f84c833bd190a7b7be4785d9a04c8b1c37d312d45bad10446ccc859	1
ipc_app/tuya_ipc/tuya_sdk_c9_5_x_sdk/include/tuya_tls_config_ecc_psk.h	108959	3280	9079eeb8501a70a2a05d5b897cb710d6aa11fddb48e9c51a74ac2ecb624b03da	1
ipc_app/tuya_ipc/tuya_sdk_c9_5_x_sdk/include/tuya_tls_config_ecc_psk_cat1.h	108441	3271	2f0dfd2c5fd0964393af91b176d46d317993254b46197cf1eeacf8da177102d4	1
ipc_app/tuya_ipc/tuya_sdk_c9_5_x_sdk/include/tuya_tls_config_no_strip.h	110714	3309	cf37f75344bd16db44b6f2d2c030094d77c2bf083d32fc74431e5a6bed83c7a9	1
ipc_app/tuya_ipc/tuya_sdk_c9_5_x_sdk/include/tuya_tls_config_psk_only.h	111072	3327	5af607fce46d9c38c1d2ee65a7acef07d380fbd3ae6e87110693c6413ce7bd9f	1
ipc_app/tuya_ipc/tuya_sdk_c9_5_x_sdk/include/tuya_uart.h	6320	216	4b407058f31321e3365c0636b01202b33ccc409e2d6c8ac6be7dc808a35172a5	1
ipc_app/tuya_ipc/tuya_sdk_c9_5_x_sdk/include/tuya_uart_legacy.h	3821	145	c19d068a64c6b7055f1af9634586a7b6ea67894364c3c0009df97e227eab9ce0	1
ipc_app/tuya_ipc/tuya_sdk_c9_5_x_sdk/include/tuya_uf_db.h	6915	258	3d472c0381cdede8682bfb9d8f24cc8516796fa03cb7e464afcf84b167dcb639	1
ipc_app/tuya_ipc/tuya_sdk_c9_5_x_sdk/include/tuya_uv_errno.h	10491	454	8ff8d7afde3e70ec54d7093683dd85554ca61e738b70a527cc7d8421c3c2d665	1
ipc_app/tuya_ipc/tuya_sdk_c9_5_x_sdk/include/tuya_ws_db.h	10262	287	a45c4ee5a9c893bb92b50350a743cc98abd74496b6cdd00c2dc34c7997238be5	1
ipc_app/tuya_ipc/tuya_sdk_c9_5_x_sdk/include/ty_cJSON.h	7606	150	50d2aca0c62438f8b5f3cb03967919c6c3c85c97fc046f6a0ebf2b072b47ffc7	1
ipc_app/tuya_ipc/tuya_sdk_c9_5_x_sdk/include/ty_monitor.h	909	61	2dd147759e623309e84a095ee2a9cf72ad6393bca24018a5bdce3a488610c6f9	1
ipc_app/tuya_ipc/tuya_sdk_c9_5_x_sdk/include/ty_wifi_mgnt.h	4028	143	0037065f78a053616a4bb2a62c344e3912205692c4b5ec66daeaa9a5635e213b	1
ipc_app/tuya_ipc/tuya_sdk_c9_5_x_sdk/include/ty_work_queue.h	1236	63	06ab33dfd5c0069b0ab0a5cfb63015d8a7d0912a78889349067486af19617d7d	1
ipc_app/tuya_ipc/tuya_sdk_c9_5_x_sdk/include/uni_base64.h	604	40	5e8a027b3143de127a60369c70a25b6692efd1d0c219edf4e25af7371dc0869b	1
ipc_app/tuya_ipc/tuya_sdk_c9_5_x_sdk/include/uni_fs.h	1920	85	5389fa642cbde6fa7964b643a90988e571fe7bbce5f51d1e14d608a948fa1da6	1
ipc_app/tuya_ipc/tuya_sdk_c9_5_x_sdk/include/uni_hlist.h	5326	238	a88a201a7f86ab99db35c05455b40cbc1fae5632157af6e950e842cd327b719e	1
ipc_app/tuya_ipc/tuya_sdk_c9_5_x_sdk/include/uni_log.h	12165	438	bbd6c34faf9af23113c5c279cbb60b1fcf47037eb43946f6e69fae65b6bd5fb7	1
ipc_app/tuya_ipc/tuya_sdk_c9_5_x_sdk/include/uni_md5.h	759	46	809534d124c8b6074ad4dcb12d4b4bf953fa0b7f5c64073aab8f69e8ac4399c0	1
ipc_app/tuya_ipc/tuya_sdk_c9_5_x_sdk/include/uni_module.h	7192	216	abd4e0acb0a74f0157b89cf203eb05b60e05350056887815f24c15504c2c3867	1
ipc_app/tuya_ipc/tuya_sdk_c9_5_x_sdk/include/uni_msg_queue.h	9640	325	6929a1b5a78d220674e8a65e750d88bd273972a418313821a3429bd64bf467ba	1
ipc_app/tuya_ipc/tuya_sdk_c9_5_x_sdk/include/uni_network.h	5849	190	0b041be979d4ce578d970af911e4de159ff4351432e1d42f332f0a64e8191478	1
ipc_app/tuya_ipc/tuya_sdk_c9_5_x_sdk/include/uni_pointer.h	3992	186	5e62966d8ef6294977a28b1c9750e514312ebaa2656900ee20bf4e02b1f1844c	1
ipc_app/tuya_ipc/tuya_sdk_c9_5_x_sdk/include/uni_queue.h	3875	143	b30db99d758539f7fac2ad2942651521f92f5ab2d69dc9b079d6505542f19428	1
ipc_app/tuya_ipc/tuya_sdk_c9_5_x_sdk/include/uni_random.h	706	44	63d7f92a8d6f3185bd09862c1a9fd77f9f0128283bd1b52c8fbac7ef635ba9db	1
ipc_app/tuya_ipc/tuya_sdk_c9_5_x_sdk/include/uni_rfc.h	1487	73	d03742193d8058ec35ef9fbf707ecd9d817b7431c3e65346784053a8fbad01ca	1
ipc_app/tuya_ipc/tuya_sdk_c9_5_x_sdk/include/uni_slist.h	4105	189	0fcfcb9664433f4d71106c2deaf4ba9faad6a6ffe9199094db18e9b8888bb57c	1
ipc_app/tuya_ipc/tuya_sdk_c9_5_x_sdk/include/uni_thread.h	3368	138	22408acdb508536aca473353dc85a15c441ee435e2df29f80e246936ee31a45f	1
ipc_app/tuya_ipc/tuya_sdk_c9_5_x_sdk/include/uni_time.h	7445	273	83d5f2c4ce9bd3d908b09e24be2246a98e20e06a832a3ccd6612aafbd352f4e8	1
ipc_app/tuya_ipc/tuya_sdk_c9_5_x_sdk/include/uni_time_queue.h	5428	181	26053b35c7479b861596e476c45debd73d48aed0d7f8bcdc8655b613cc2a3d9f	1
ipc_app/tuya_ipc/tuya_sdk_c9_5_x_sdk/include/uni_work_queue.h	2709	102	7e8e682be58856520342d3582a4cdc8a41fdece0e36055335b448e233337dc00	1
ipc_app/tuya_ipc/tuya_sdk_c9_5_x_sdk/include/unix.h	3019	113	a0299a118bddf0483a04ffa77b3c7606aaa13f0775d6ad10dd94de901d0d99a7	1
ipc_app/tuya_ipc/tuya_sdk_c9_5_x_sdk/include/upload_notification.h	3634	68	04967513797d7586d4f3340fc4bf29a8e7a4810bb27e19d12bd1b1b6fec3318f	1
ipc_app/tuya_ipc/tuya_sdk_c9_5_x_sdk/include/user_netcfg.h	178	8	f83994156415da63a5469eed75f2452583723e2758d819b89fa46f87c094bc69	1
ipc_app/tuya_ipc/tuya_sdk_c9_5_x_sdk/include/uv.h	188	18	dcd61ed1937c14a67ce96691166a8b18c898af81d0c1f7e68a357e8c2067e216	1
ipc_app/tuya_ipc/tuya_sdk_c9_5_x_sdk/include/wf_basic_intf.h	9476	382	a212e28123a32f9842765c27c402b9f99b2a4da40523bd1a2911d83857dacbcb	1
ipc_app/tuya_ipc/tuya_sdk_c9_5_x_sdk/include/wf_nw_cfg.h	961	41	e5cdb78821d9e33da1047f20dc7b54b3ba1015809576f3308adb0157fbdab231	1
ipc_app/tuya_ipc/tuya_sdk_c9_5_x_sdk/include/wifi_netcfg_frame_sniffer.h	2773	82	2653de2b3d4872fba0d476363fc2a20132be895e5193e9b01f9d5e8ba5609f21	1
ipc_app/tuya_ipc/tuya_sdk_c9_5_x_sdk/include/wifi_netcfg_frame_transporter.h	3160	91	c7905b3964abcbfad5dcda091f7fda0b3ceb4dc4780c50fa6631e4e6cec38b9a	1
ipc_app/tuya_ipc/tuya_sdk_c9_5_x_sdk/include/wl_cfg_com.h	1852	63	31883775b267f2dba239315002c159757efa130d8abaa8d295a3595ca07be585	1
ipc_app/tuya_ipc/tuya_sdk_c9_5_x_sdk/include/ws_db_gw.h	4025	157	07be52fe6a7c7b8c058e3ecb2d1137dfdcb528797a445b541cf9d5d6d93bac1c	1
pps_device/CMakeLists.txt	5964	188	24942cc28ed44bf67390dbdb8c8e6e74f875d1b0b5e57d9ebae506f19fdd7f7a	0
pps_device/README.md	5124	125	b23dabb3bc79cae7fe93231b302afa522ac543396b7dc0c6eb4408fd0e10f7ab	0
pps_device/pps_device_ap.c	1221	67	448fbe42f9f6b8fbd84505d2fccac4c2de0a3dd4a7110ce7a6ed85e508a597ab	1
pps_device/pps_device_ap.h	674	38	9615a2b140633298f44ef0dc133b24afe505acf8c2d0c818432f49ef25de69b8	1
pps_device/pps_device_api.h	2087	81	c330f1e642fc721c66f253dc41b7f16f397511ef8dad623b0fc125baecab5544	1
pps_device/pps_device_base_init.c	15213	550	0954fb5f4ad75bffc4fd4dea4db6b140d4b736c298b8cbfa46f3e0dc3cc28fad	1
pps_device/pps_device_base_init.h	2714	117	08f6250a8ea6cd5206ba1c3393cd8bb386f898ca0d66211c1b5f73559f7e1076	1
pps_device/pps_device_battery.c	3587	141	79b3cf0b9d8b3aa1f20eb8a6f615c8cffd5d7e8452d5229f95d3d6f033167fa4	1
pps_device/pps_device_battery.h	634	33	bd8a78a4d9b46a43e52ea173f92c205ee5e6e5f686d6737cdb37cad284e2f566	1
pps_device/pps_device_board.c	51640	1711	7132417f12724211dc021ae93e156d273ee759509b94f56aadfbf35825a21080	1
pps_device/pps_device_board.h	36339	946	9e96e3b28cc8659e235aaec4a456f4a73e0319defda8096526df9f3a861582c6	1
pps_device/pps_device_capa.c	127804	4040	ee0a0b8e5b00057040906420b7f5fada28e6590bfdfee0685ffeeda03095c5be	1
pps_device/pps_device_capa.h	10242	150	ee2ab39071e5b0ee7d2733ed554f1c72b1d69ac71162ac0faa49a3fec04f5c15	1
pps_device/pps_device_charm.c	22375	868	282faf17c2d8cd90608dfbfff2f2c9192cbece2f5aa6a0d11980564a7a9a4d9b	1
pps_device/pps_device_charm.h	5054	181	8d2a5973151448ea849c76bd2b80a1c5e019fb29c40de459e943f2f98ca72c1e	1
pps_device/pps_device_charm_old.c	32649	1305	9d3f347657d9e2dea1bab0fac1094bf020c5d916761ca55ba6537fadb9eb44e2	1
pps_device/pps_device_db_alarm.c	19555	765	0c8e25813360d230c47260455875a6cf576844cc9614cbad4773bd0cb536ce7c	1
pps_device/pps_device_db_alarm.h	1695	67	affc21e95749fd3e11ba4df7cf46a94b54351f823949e5dc2f593ea28673e758	1
pps_device/pps_device_discovery.c	39719	1292	9a573a7f784fce607cd73c548d9432cefa14c11efabeba3ff57401308a6d210c	1
pps_device/pps_device_discovery.h	140	6	9bb3ce10c36c0da11a051991d0e51fc5474b18a171e98e082943a03ec9720ccf	1
pps_device/pps_device_enc_dec_cfg.c	8922	305	e4c14a0006f07dbeb758197b632d71b737a6daa0d43598500112ae87f9e1b2e8	1
pps_device/pps_device_enc_dec_cfg.h	1227	40	0c7bd9a5db21ba24bb6ef0a0f227854c1234bc81a8fe0092994bd803a58e30f0	1
pps_device/pps_device_encryption.c	36777	970	3c8287729eebf8e20cb1a40c0b9c24c24782d67e09ee321716d22317346bb2ba	1
pps_device/pps_device_encryption.h	4495	161	2832fea2064f1e745c656582273f2b7d8c7b1ae8aaf495182aff09b0d4e878cf	1
pps_device/pps_device_error.c	3034	122	8bc346347e5ff4964724b1ac161b72fcfcc3fcd2043aa131629953e49bafa0e9	1
pps_device/pps_device_error.h	839	34	b12f9cf75e9b9e96b1cfbc458827f21ed3ad5987e981e313d7fe4eed19a3eecc	1
pps_device/pps_device_exc.c	11238	338	8efa31a9cd6b1713d760b908d08799918d794b0d1bdcab21ea94bc552827dcff	1
pps_device/pps_device_exc.h	1598	51	9757ec28b1cff7b76efa3004e9a2024ba64ac86c5a747d5bbd7cb8e83930846f	1
pps_device/pps_device_flight_module.c	34256	1020	f4b1d312cc029be8907ee003fc573bb5fe6c2f10073cc1af0b95915ac6dcd89b	1
pps_device/pps_device_flight_module.h	4394	139	b0c15c2714d23951c1d8a7e5bb20629f332da97d3e29739b04b20c3ce3b1f647	1
pps_device/pps_device_gpio.c	5350	174	5e291d993c9cb43a6d9f972eb94a9c387f5f950e49f1d93163144ef3d46d8732	1
pps_device/pps_device_gpio.h	927	35	7e73eead09ffcacf2e1abf80ba1be0430973106bafdf8e22c4f9b2dd6f4d3c70	1
pps_device/pps_device_hal.c	1364	80	796542cef89dc7dd3b94405a4fc691c54f27e026cfb7084a51177217524e4861	1
pps_device/pps_device_hal.h	967	58	351f33bda47f636ff588acb4929b6a2e6f98c60cbcc72c2a9330e79668ec6898	1
pps_device/pps_device_include.h	897	48	791fcf3c02614d92cdea7ad9784e93b09359fad1011fb6de132f0edb01d29557	1
pps_device/pps_device_led_ctrl.c	5108	187	e34c22f75952fc8effe3ed2c7b783372db7c8e959783e52260811dbd0762e387	1
pps_device/pps_device_led_ctrl.h	2687	94	a3ce1542f98030010d88e1f6ef7bb3a50c4e343ae6903bf2ff0777bbfa085ef0	1
pps_device/pps_device_log_report_ctrl.c	4971	185	d01b114c00159c142acf7db5ff14f5f1ba51901048d0c20d908905363c5dbbc9	1
pps_device/pps_device_log_report_ctrl.h	1289	54	16a4712c2144fb5172c153b8457cf4dd08ab771cb67cf2b91fc5db1e0a99f0d4	1
pps_device/pps_device_md_alarm_plans.c	4872	158	b1108b62ac38a81f1b5b048cf6dc84d3909b1b1d59a4aeb25743882c1cb00b67	1
pps_device/pps_device_md_alarm_plans.h	988	37	548254dd349c585960107eba52f41372e004688488cc30cc1a9159d54e939461	1
pps_device/pps_device_md_sensitive.c	17517	405	8f2ba63489ea76c3fcc748c32177631a3b67e3134362b24a5cdb8e7a5fd2b92a	1
pps_device/pps_device_md_sensitive.h	8395	155	7ac74b98d245282140e7490e6a2fe88a630f850886c845f6ac64ab0cd85f8619	1
pps_device/pps_device_media.c	191303	5782	5921028de6bd2fc1cb03d10f36b483298a5c91bbcb7e4fe166d636f56309f8a1	1
pps_device/pps_device_media.h	20307	698	fd9575ec61e4ec801213e52ecb070342c3ad42891bd7aa4325e3c3febf49d8cb	1
pps_device/pps_device_media_5.x.c	156363	4965	2f1c218e6d1217b59ead772f456298c73e4547587254dba36dbc69af2d743560	1
pps_device/pps_device_media_old.c	87067	2976	472b0ff7983a815aa8a9a0079660097d6c03f352a592b179da20e95b307deff1	1
pps_device/pps_device_miniz.c	319849	7733	acf28975b382343ccbc72d83efc4a8c4827f6eb54f506d41fcfd6f96ae21e36f	1
pps_device/pps_device_miniz.h	69573	1350	db6133ba6365cd4c2eac3b12d262f63ebb4ddd1a2f5ddddb782d42bb07332cc3	1
pps_device/pps_device_music.c	37480	1444	cf3713d5ac4f8616872009bf163a3218aceb0ee16e5c62db4a667b1f4759990f	1
pps_device/pps_device_music.h	3958	119	e26de3ee69ddf2d07f0009cf7c459de65c95d0ecf236111c33891913882798b6	1
pps_device/pps_device_netmng.c	99302	2945	b40450ba0102aec755aae8643874618801edf21fee27861ae0c983032bb8b147	1
pps_device/pps_device_netmng.h	9952	316	e6118f73a6de0ea6d2bc43db5d16dd7bd3bdfc3b1c7e783bac77d3ea3b007c9f	1
pps_device/pps_device_oem_id.c	4335	168	7c5448d0e6cc291cfd9086252f1e542a57716ebe11c0b0eeefbc6b2d151d6c41	1
pps_device/pps_device_oem_id.h	5986	101	f67954b4b0baa823fa4d384c3dfa18118b1eb8658f9a2139cab65da4de924a9d	1
pps_device/pps_device_pet.c	8359	341	a664ceaba052120005f1a343cd588f2bb94b34db87f60ed08ba537f9247fda88	1
pps_device/pps_device_pet.h	771	43	606697573eba020c69ab6091b34fded6d1aa306416ed4aa1f9bead0439a96126	1
pps_device/pps_device_platform_adaptor.c	4016	166	65d8619ee4135a3a6ffbecbfba8b48f10dccbd97dab7cbec91ccd170a7656617	1
pps_device/pps_device_ptz.c	264071	8343	50cb4d42901c40746d3933852d4a36a9e7fa1f07856f8cc4cdc8c849a6ffbaa1	1
pps_device/pps_device_ptz.h	3093	92	d1cc4af54b35ce1da714e80551f93810fef96fe4ddcfcf01c231d1754254b1a2	1
pps_device/pps_device_ptz_old.c	9482	457	1a474eeeff086d3c35128d5c28a4fe224199aa6aabb35a783399f2d046a79cbd	1
pps_device/pps_device_qrcode.c	11681	430	41a9d15f6e1dc9e6081e0c988da36a0d9a0fc9284b1b60ecd770c53739babfdd	1
pps_device/pps_device_qrcode.h	1305	60	36cd08f9932d4de58f9a0c03757609b85cc98d9767293b6f644b8380a13e8f47	1
pps_device/pps_device_reboot.c	3477	159	57f4414528812d0ab71373bfd6ce116e6518ea9398884fbb6164ea1f07480870	1
pps_device/pps_device_reboot.h	1706	73	de1df64e1383c3aaec8aeedb6bce6e8416fb5fb284a99d75f11879e58be3ad0a	1
pps_device/pps_device_rgb_light.c	39082	1216	03a019aab26a846a9a64f93adc977379c2d293ed381ff781f54ef6100c4a9120	1
pps_device/pps_device_rgb_light.h	1707	73	2d0421fb831b28a00e71c8c37d922beb66d37af31bed2e463c5ff66aaf8ac3c9	1
pps_device/pps_device_sdcard.c	12682	453	007e7c5b179ddc280bc7c4ca02d42fd79e2116cb373500fec2316ebb4f43dccd	1
pps_device/pps_device_sdcard.h	3654	116	9376f1dd9df1b2219eaacb2fd5512cc2be560653d832354b4f1a0fde41de3584	1
pps_device/pps_device_settings.c	11530	478	f01bdbd2483d987de6ffe8b9df48f0eb76766044215c7c96f669d2699bb9fb3b	1
pps_device/pps_device_settings.h	3847	108	7cb6593250b15b44c792a0eca0b7891490b7ffc5b29f240e3f5b69c82d859790	1
pps_device/pps_device_siren.c	6017	247	98069ff60b99348dfe2c8ad19c1062f97176383e24b2c9b0977d581952a316a3	1
pps_device/pps_device_siren.h	1489	72	92b274ebb81e5ef43999c1c57436d79ddb9798e1f0de6908792b42833870df65	1
pps_device/pps_device_sleeping.c	10421	363	488ebdd0c9d42610867a783de16a4e32ecdde64d81924dbc96189bc380e13b2b	1
pps_device/pps_device_sleeping.h	1439	55	bb0f3f27396b03c589d90293a46ab7cf76f3034d191396e4c98632d7aa9af36b	1
pps_device/pps_device_smart_wifi.c	1242	67	fd2d750050d759d8d341be66256861b579874c5f1ec0e997b5a6bd19e299c0fc	1
pps_device/pps_device_smart_wifi.h	629	35	5c0cca620fcd0c836f56f5711620e030b73dc957f9a636ae6ae72481cf2b7577	1
pps_device/pps_device_storage.c	7108	312	e57529c448fa6720d089ab7cc7318c3ca8baa9b8d36a9af7f421240d0d7c9497	1
pps_device/pps_device_storage.h	3111	81	025e34768272ac1ebfc65a340ed8237f72fd9bab11dc61851b0cf7526c9490d1	1
pps_device/pps_device_temp_humidity.c	8439	288	65b86f05726fdaf46ef162048c330a4bf154e5abf76ee8d5bf532bad9ccccb1d	1
pps_device/pps_device_temp_humidity.h	687	32	f24fe5cfc840aa937a3793a333aa3030de3114918b3ad325299a4585945a81f6	1
pps_device/pps_device_time.c	9183	396	6a72e69e0589878f9eebef9f65d0753bd63af0ec9882c40f95b585ad6545faec	1
pps_device/pps_device_time.h	2067	82	627ae108851038ccd5bfd55879ed88680a8f8bf93a9feb58f65d16268d8c7f13	1
pps_device/pps_device_uart.c	9150	392	93cb5569c9945d12949d9f9f0354447143eb05fdd5365452233c863413046f47	1
pps_device/pps_device_uart.h	833	43	57752c6acc391f8b75697e9030de34d8b0e35c209c0e38abe2ca1da2a8c0f0c6	1
pps_device/pps_device_uart_extend.c	22215	721	0387329b94e92b3f03f6e854f2a57c6ff812e487da367ec60630da37381dd577	1
pps_device/pps_device_uart_extend.h	1610	61	a0815ce39b630da12a2b8728fc22fa7f8c049205893f58b49726a2047acc79ae	1
pps_device/pps_device_upgrade.c	34709	1184	a1cebf059e292c5abe6ba840ac0e0b0b6ee2bb18bf3bbdc838816890c7a3e59b	1
pps_device/pps_device_upgrade.h	3064	110	c4feaf5094b4b71b342a050b2ed05db7c6fb04b18093a9a49dac6c27b763c90d	1
pps_device/pps_device_user.c	6150	246	1c3eadda6d919805285414e828c488d7b164954c42b6139ccca4cdd678dc82a4	1
pps_device/pps_device_user.h	1427	69	a0d4dc5e06c6a0360d16983b837e96d051423b04e8e2ba6908fd76078fbfe055	1
pps_device/pps_device_video_default_orientation.c	24566	594	f3018841232ee327d549cdf49c2dca558e88442188b9bf8ccc8ae30b2c9297d8	1
pps_device/pps_device_video_default_orientation.h	469	21	9c5e642f30f6b07d72ac04aa946bb78bad8666c1f5171ead6d908f8e9a1f3df5	1
pps_device/pps_device_voice_note.c	8109	260	5996916e6ed0efcc4064c6c2dbfc30a5967959a8c246450dfb7b58983c6aa357	1
pps_device/pps_device_voice_note.h	5140	108	1debb1ba54cb4cc09e5c6d3c3a790b11ab61a3bf171a7c072084bd81934ad940	1
pps_device/pps_device_watchdog.c	14677	477	33f56a0f0581e1a7ef8b3dc7ade74971d1c57a84aa37c1c7dfad9d969c62f882	1
pps_device/pps_device_watchdog.h	1619	65	cf2a3553cac8b2b066b007c46b1d08a3656bf64db910d24f907dd0ed5942348a	1
pps_device/pps_device_watermark.c	15029	443	b24891ca1efe98386f3ea67c573e0e930576cb7c03c9a8fb8e07173806709284	1
pps_device/pps_device_watermark.h	1186	59	90399896cbcf208ab1e5deea1cc790426f1890a82df7a25311c796e830c1362b	1
pps_device/pps_device_watermark_old.c	7614	265	ec8f8899989070d1931262fef059faaae2f583b6448884739248b9640b60e81e	1
pps_device/pps_device_white_light.c	33917	927	49bae93b572dc167c8fc85012ad09bdf01a1d564bddd821123a771dfdd606f2e	1
pps_device/pps_device_white_light.h	2379	102	838478117afe134e636c542a81dc1ddec44ecfbdf5880150e5d8f10789ef7506	1
pps_device/pps_product/pps_product_init.c	7243	203	7005f6d4dc3d9a613fcf2cdad6263277396ce7fbd0dd941955dd7d53b5bafd86	1
pps_device/pps_product/pps_product_init.h	1375	65	c84de53796a44ba22c0fb3a3351636b1452f39bb5612148aafe17913c6a280f1	1
pps_device/pps_sdcard/fstools/exfat_check/byteorder.h	687	23	1340ba3f6b3cd74cf6b2683ef95ea2eaaa23bf3630b1031f33ec801a925ecb18	1
pps_device/pps_sdcard/fstools/exfat_check/exfat.h	3158	123	f4cf5e979501ad618135cb39d380125afa14f6f88b420cccea282027026c1249	1
pps_device/pps_sdcard/fstools/exfat_check/exfat_check.c	4691	191	e084038cbef59530b37930b6bc2d55393fbe306aa1c66fce426422878c184685	1
pps_device/pps_sdcard/fstools/exfat_check/exfat_io.c	5673	242	b8b094a16c10f3b28216e2960dd4b65048190ffb760720919e3a64f07d93654e	1
pps_device/pps_sdcard/fstools/exfat_check/exfatfs.h	5257	157	76a948e1b7d7eb93bdf90b1542d0336af4a12d239623ad97a19253b37e8b9062	1
pps_device/pps_sdcard/fstools/fat32lib.c	11230	495	ddd9da50e110e9f036340282b65d487b42627bac0bb3d1a0bc055d938024e524	1
pps_device/pps_sdcard/fstools/fat32lib.h	3436	116	1a94e89925692bdbebc842b97f30f7ad5d79ab97e3e617119849e2bde44f578e	1
pps_device/pps_sdcard/fstools/fdisk.c	19550	882	fa8d383805a54d54d1a187d2f49169dde53ab6a85c3abb2321e34dbb32b845ed	1
pps_device/pps_sdcard/fstools/fdisk.h	230	7	8462d83abe14dce609e641ff5e1c130deef3bf338112154005f99ecd98d0c63a	1
pps_device/pps_sdcard/fstools/mkdosfs.c	57319	2198	9ed34997c15bb5d38c8a40f3ee996c03353a0beca9411faa9feeb9a7cc3f9af0	1
pps_device/pps_sdcard/fstools/mkdosfs.h	466	30	999aa49d6aa0fcc59cea9cf963611b41822f3ffb4f290a5157d28c633c6b414b	1
pps_device/pps_sdcard/pps_disk_fs.c	17314	556	21e16b64c04cf9a43ea3fa562242c13e7dea905b1e9132a89a06058e96f27da6	1
pps_device/pps_sdcard/pps_disk_fs.h	1242	57	e38245363fb4cf8db6f2e441ba54180fa4bb88a0c6e46e154d9b4fcd4cbe73ba	1
pps_device/pps_sdcard/pps_fsck/README.md	956	32	cc33452d8f1ba3d56d31fbff3337f57c643fe0cf5aa6c7da7b85f8798e0ff4d1	0
pps_device/pps_sdcard/pps_fsck/pps_fat32_common.h	14443	390	b99f1bd7c116fc4e1f74654a4cf6292e500119e19c1f66fd83078fee305f7846	1
pps_device/pps_sdcard/pps_fsck/pps_ff_tools.c	4218	189	500072cba82b198c917c23df085f9a4e0e65b30362a8050458302732938eb1b5	1
pps_device/pps_sdcard/pps_fsck/pps_ff_tools.h	677	35	2f2d640e63db7c1f813d7a3c12fc62bcb72eb4f47e81cfeea9fe17342d8fc541	1
pps_device/pps_sdcard/pps_fsck/pps_fs_fat32.c	111185	3538	5f52fc099e7fab84bd71dfa9cd6c88697aea71d93de1d7f77e4ed038fef8e897	1
pps_device/pps_sdcard/pps_fsck/pps_fs_fat32.h	8021	240	16c42f6c65c53dabdfddf74608ab018476fe3f7ed846f3bea67ba7b64b590e58	1
pps_device/pps_sdcard/pps_fsck/pps_fsck.h	6352	196	c3667579461d05bf85c57544634ceea743d06e79361810ecc496bd1e75f8d658	1
pps_device/pps_sdcard/pps_fsck/pps_fsck_boot.c	13560	338	649e0589ea188116655b5de7120f5ab4e01e4061db75934878be0e1b3a8783df	1
pps_device/pps_sdcard/pps_fsck/pps_fsck_boot.h	1321	44	dbc65c3783581699152bdf7e8dd2457ab40b220d7ebbd59eb785ca73e000771f	1
pps_device/pps_sdcard/pps_fsck/pps_fsck_fat.c	13871	432	410ceb88859af839186951614a8b065afa3c271b6ceacf115d543acc66ea5235	1
pps_device/pps_sdcard/pps_fsck/pps_fsck_fat.h	987	40	05499520a379732260d73f8e720c966c084b8b3c875f2a96c29711f36cd01f11	1
pps_device/pps_sdcard/pps_fsck/pps_fsck_file_check.c	32993	904	9d0cbe8019a4d16228d0efdcc0ab87abb560170f84df382ffd408539d845d1d1	1
pps_device/pps_sdcard/pps_fsck/pps_fsck_file_check.h	2178	61	5e20120f8a332cf4f09b9aa9fd331e5fbf6da96ce891152c26f689696a30bbaf	1
pps_device/pps_sdcard/pps_fsck/pps_fsck_io.c	1943	96	720eb974cc6dd32229b1f29ef988b8644873c9ec112a8ae5ec68a7c721461d5c	1
pps_device/pps_sdcard/pps_fsck/pps_fsck_io.h	692	37	a2267b1120bdaf90dc6e0d985c613170dca51dc1349671c63a5437d5db5f80ef	1
pps_device/pps_sdcard/pps_fsck/pps_sdcard_fsck.c	9313	360	fac9d6596bbaf1842a50e48d06572f677b5c6923d6ff35f07b4e005c82934b47	1
pps_device/pps_sdcard/pps_fsck/pps_sdcard_fsck.h	1756	68	cb7e63e26ccd5316aa865141d0dc1a0baeac1f2130bc9445421ba02f3403bb84	1
pps_device/pps_sdcard/pps_sdcard.c	28811	1004	13261698120dfe3765b76e95358a4ddb9b8546db3b63867329c8cf10ac2355e4	1
pps_device/pps_sdcard/pps_sdcard.h	10911	281	3dcf648bcc47b0225702fcbf94b37602b26eb95a94f86c64a4b1b2d7c500acbf	1
pps_device/pps_sdcard/pps_sdcard_hisilinux.c	8537	328	4ce838125ee02580a32a03f23acf952b408bf0d7abc2e4e0aaa292425d5ba527	1
pps_device/pps_wpa_cli.c	71604	2150	9dd68c302f362265db310741430e5ef602b3a41329be4fbcbaf0decef8a24b53	1
pps_device/pps_wpa_cli.h	4706	157	953e226abdc388dedd8bc62e547e4127bb016e3f998ec7273b7a93ecd1157d74	1
pps_hal/CMakeLists.txt	3330	84	886d94768cb461b4dfb03ffebda07dc4712c210359df9955332d93fff20b22d1	0
pps_hal/arm-himix100-linux/hwl_mtd.c	9683	386	5e507fecc8c4a032a633844e635b44c4e32030a776829464871040196bc1545f	1
pps_hal/arm-himix100-linux/hwl_net.c	2457	110	233834130b4193cee180f50f20d0062336283f970ba4a4e63487c66eecc648e9	1
pps_hal/arm-himix100-linux/include/gpio.h	802	37	d15490f1708273092c88098cf216b9cc4a1faa82a7fdf63b98566db945e77601	1
pps_hal/arm-himix100-linux/include/hal.h	1027	48	66a2a20f396c870ec35dc5e4ddc196323ab1f95ea6ef9422067f8312ffecf582	1
pps_hal/arm-himix100-linux/include/hisi3518ev200.h	4827	128	8bd7f935e95d63c3253d4f2a27ccbf7d631b8aa941d2bfd4fee8ebe3f28d8f2f	1
pps_hal/arm-himix100-linux/include/hwl_mtd.h	3033	133	82c70df2ba8d964a7e7e3fe583398e180bcc6b7b9cd772bc1295c91d850ef546	1
pps_hal/arm-himix100-linux/include/hwl_net.h	1817	69	ea428bded918b1c0026dd0a5c27a2ac7322b98100fd016374fcdbc94401695fc	1
pps_hal/arm-himix100-linux/include/motor_driver.h	610	20	dbbc13d30adae1197b8f9fbd9fbbe3e81d9af73087cdc29f1354da62cc480326	1
pps_hal/arm-himix100-linux/include/pps_common.h	875	53	3d85c18c93b9201e07343a357b57be4add78b763004e33cdc927fc9858572b28	1
pps_hal/arm-himix100-linux/include/pps_motor_common.h	1688	86	ec084a004ad1c9f3ea0e7beff6b5574d8ce407504cac9ba0613326aa16b2f97d	1
pps_hal/arm-himix100-linux/include/pps_strnio.h	3429	156	b55736cca97b50ed1b4b655b935e6ab99b9932d25cbac48a648f6902a6de6aa8	1
pps_hal/arm-himix100-linux/include/pps_strnio_common.h	6032	232	555ffe2b083999c637b4b95ecbc71d998c45ec4b55891a9cf14c6100b7b9580e	1
pps_hal/arm-himix100-linux/include/strnio.h	765	35	d858f3475d471df3efea8b7026133c4bad6a41705d699d8c54faf24f4d272270	1
pps_hal/arm-himix100-linux/include/strnio_driver.h	3576	110	93048499040ec04911a643f03e9fa0e57a65153580b109bec540f8fb641db1b9	1
pps_hal/arm-himix100-linux/motor.c	2268	107	bff71a171d2fb6585a19a1bc53808cc3b3ac11e5024352607e4ec0effbde909e	1
pps_hal/arm-himix100-linux/strnio.c	20202	967	cfea321602aa31ca8aed21b444085d2531fc6c384e600aa93c1eb681508b358d	1
pps_hal/hwl_config.h	8512	182	f26b7f684c2cb734e8d5a540d4a68c042208953c8c354be4f86e65d803e56b79	1
pps_hal/ssc333/hwl_mtd.c	10973	431	526ad61cbb037efd94da773a18cfa463d23ae274d6dd0b3fa471af6f9e3dd513	1
pps_hal/ssc333/hwl_net.c	2483	111	ae8019fb8778d0aea0c8fc00d3cad08a0bc56f06eae6e2ffb993cb9480ec8cce	1
pps_hal/ssc333/include/gpio.h	802	37	d15490f1708273092c88098cf216b9cc4a1faa82a7fdf63b98566db945e77601	1
pps_hal/ssc333/include/hal.h	1027	48	f54953720626d91966c506d1cc85a41e8d32212b10c73f5519ab180018482985	1
pps_hal/ssc333/include/hisi3518ev200.h	4827	128	8bd7f935e95d63c3253d4f2a27ccbf7d631b8aa941d2bfd4fee8ebe3f28d8f2f	1
pps_hal/ssc333/include/hwl_mtd.h	3179	135	73a640d3d39a11346eca0442f10d01a92bfdaf486da8994dbd4da13a10b3346b	1
pps_hal/ssc333/include/hwl_net.h	1818	70	810566be779021b458eef71a12824a601efadf5c9bd260ead11557baf20b4456	1
pps_hal/ssc333/include/motor_driver.h	610	20	dbbc13d30adae1197b8f9fbd9fbbe3e81d9af73087cdc29f1354da62cc480326	1
pps_hal/ssc333/include/pps_common.h	962	58	634227d9c3030f229de92722b8080bea95a20d88737792a502a1aba9020451a2	1
pps_hal/ssc333/include/pps_motor_common.h	1688	86	ec084a004ad1c9f3ea0e7beff6b5574d8ce407504cac9ba0613326aa16b2f97d	1
pps_hal/ssc333/include/pps_strnio.h	4344	174	5c12d73e78a9473d93a95a4e13386d7047eda3f0c5f0f232394c76b68625e04d	1
pps_hal/ssc333/include/pps_strnio_common.h	6073	245	ffa35a9773984477049a5c34c5de592a80c58aca6c147d214d72bd20c3aa887e	1
pps_hal/ssc333/include/pps_strnio_driver.h	13686	470	eff2cccef736b2bdbd4978f28990954718766551583899b891b7357a275f8fe9	1
pps_hal/ssc333/include/strnio.h	808	37	66d8296fde83c4c1a2ae9a50bf3528add272fa558c848053a6d076916071cd5c	1
pps_hal/ssc333/include/strnio_driver.h	3907	133	1dc6b56efeb0db0402525706dffd863f33c0b199a57dce6822dfaa22c70be9fb	1
pps_hal/ssc333/pps_hal_strnio.c	23843	1079	fb87dd60b93d2d37596f17d20ca8eb25740bbbef11c85fc1a9ccbbbc5b4b8587	1
pps_hal/ssc333/pps_hal_strnio.h	2866	77	3e4ee5a8527785d4151067e0b9e08d257c68f6084505711deb1b79ba2002b5cc	1
test/media/pps_media.c	4515	251	86c47f10c46fe553dfede37b47ce68138aa9e25fe9ca37a63c73f63b8bd31070	1
test/mongoose/Makefile	1689	64	086c0f58eae6db89ced01e6bca540a1e9a51a45d907c19b0d74cdce8180ab12a	0
test/mongoose/main.c	1376	75	e50c2b1844f72c0924c29b212076d0c849e498635731fe6104355c056072fbc2	1
tools/cmd_srv/CMakeLists.txt	346	15	5f611cbc9801e87e9e021143d22fe7e2d066a812d11234c14ec2a170d69a7a7a	0
tools/cmd_srv/Makefile	92	7	038da1b2bc0eb53cb4732681713adbbbb0dbfbedd233afe06dba4fe7996d0ecc	0
tools/cmd_srv/execSystemCmd.c	6370	308	6e9be3ecdbe8d6064688685f5e8b94dc73e079757a319d5546b109284a70644c	1
tools/cmd_srv/makeall.sh	256	11	701e0879c17db3fb6e30a8682a6a8d43795c9f521f288e9f0ea71be619e8bb60	0
tools/cmd_srv/pwDefs.h	763	34	e7ca63b24485269aa540fb28ee22286e05278d4774b7a20452048c73d729f77f	1
tools/discovery/CMakeLists.txt	1213	36	95f9e59466a9180667adaa8d28163f3f4b479b987b7cdf11feab1b1913361130	0
tools/discovery/discovery.c	45617	1489	319d8e7dc1cb043c50f065af50987b12b7294f729131bc4afd6b00881dd498da	1
tools/longsung_cm/GobiNetCM.c	7079	213	76ba7c7ce2087e8a7da067fe4bbe167d902343b417b06b48aff99bb2b973a8f2	1
tools/longsung_cm/MPQCTL.h	13454	376	6a4eba73ce009b7c24eeeb44e4cb9638320c678f1354e1cafeea6536db06ed4c	1
tools/longsung_cm/MPQMI.h	6108	220	a30d9f33cc3b985f82070262cea526112a14b75426c5a5d743315f035ebc68db	1
tools/longsung_cm/MPQMUX.c	20076	422	68fafb0cc3794745b95678906e970215294fb1e4e4fa2285e331c99fac2df49a	1
tools/longsung_cm/MPQMUX.h	106553	3244	a744441dbf7838c5b773a0d2e25297ed7427deed2f5418c4f390df64a082fe35	1
tools/longsung_cm/Makefile	449	17	1564ecf2d3a1cd954c09b3901cbe01a89f8866e72485659795ada62131f2230a	0
tools/longsung_cm/QMIThread.c	66479	1739	90b7617ec15cda46859e92ef1f303df6b3adccbc6a8865764691ea28604d1782	1
tools/longsung_cm/QMIThread.h	4831	163	8f4ac518a31d1d88b265effbcd85c063c1d46cde95e39aee9f3d0ad9f0ff4253	1
tools/longsung_cm/QmiWwanCM.c	9983	274	97eac7f7af43d9cc3997c2556bed1b0d30f519d7168fe050081616f3d4a00ae6	1
tools/longsung_cm/dhcpclient.c	3095	90	5f20868ec867085b213b265e75300825fc70f8358a8bb19f65328fc8ecafc306	1
tools/longsung_cm/longsung-CM	88481	366	70b303d818120137668ca3591bba17656c17c6242979e82dca5725f5bd34a802	0
tools/longsung_cm/main.c	25715	803	642ee356d6f2dd8a70a7f3a003a3823519543d088910ea0c89cdf5cdbef942d0	1
tools/longsung_cm/tags	140733	1591	b9e7a0b2c9b0683e273ba59e582eeb9cd92ec5d1abeffb9b18d2f2fa62ed858b	0
tools/longsung_cm/udhcpc.c	10434	365	1d0609a2c1417ab38e64c06ac44f7560153eb5384f7e03ed600ea0cde9442aeb	1
tools/longsung_cm/util.c	3646	154	ba988dc6ea9ccbb70313d1febee3e78271105f5af183766a27c192fd5c72c608	1
tools/longsung_cm/util.h	1660	54	e3a7b4dba0a1bdce21b851f2fb7949813fd15f465476cff74a866e2ca56ec3c1	1
tools/lookup_proc/CMakeLists.txt	311	10	9c1e4eb55317425163dc30cdaaab4ba1c0ec48525f4fa6219b5ca437a0903740	0
tools/lookup_proc/get_proc_pid.c	1356	63	558b38b9295605f5d28f43bba82fdeff6b404cfff056f16acec9e3709782b731	1
tools/ppsconfig/CMakeLists.txt	349	15	d17b7a56421653410388ffc01fdc9e37864c46e9f47adb45ff545132f1e49da5	0
tools/ppsconfig/libstrnio.a	6718	52	da949dfc4ece0e74a100523b29a3f5cb3ad2002bfa59389f2561ee678c9a7f6c	0
tools/ppsconfig/pps_common.h	788	48	985525cf59a0bf4628203a83d475af20c0a4c551a9c3a2970e54dfc5f93dd57c	1
tools/ppsconfig/pps_strnio.h	2122	105	307853c8ad19a286898925937995b300208b131c1d9e0faaa793a890258eebae	1
tools/ppsconfig/pps_strnio_common.h	1317	78	c4259d677542055b6f1735b8a856aba9897996d6fd301affd6b3dc8b63609a4e	1
tools/ppsconfig/ppsconfig.c	4400	152	ad0be798d3528d2bc2d12019482d173d8c8790a53183be5e66c9eccc46e171c0	1
tools/tpconfig/Makefile	231	6	330a56bf38d9a40f455560a472ccef6bc99662853ba2e8689909b9c9993ead0b	0
tools/tpconfig/pps_tp_resolve.c	2255	92	fc57f0f2434ce7f37c9482b8efaf66a30d39b2f4a931eeff420e73fd9fb65362	1
tools/unpack/Makefile	273	20	de0917dee8d95b8d991030ca64d462fa3b7887d6d1062896ef660edf59d9598b	0
tools/unpack/pps_package_parse.c	5010	191	82804dd8b0a800464b6b8af4633a0ab26e362139ac900487817975f8def0a1d1	1
tools/unpack/pps_package_parse.h	3600	55	2d85b31d121399c8e589296f439fea496eca3bfce1bbf3a87b14a63f051b0661	1
tools/unpack/unpack.c	2642	111	cf686a6042066e771e5dc253a7c70252134b19b0a3b36e02143d16574faa227e	1
version/gen_git_info.sh	1640	66	e18ae92bae2d9a872e60e44df64e4307cd84bc33a78663e3049f193c62fac8a1	0
version/gen_version.sh	4241	157	772b63da59b80a7d7016707bbf61850a2adfa5aae2a64c8f480d81244c1609f0	0
version/pack_info/README.md	296	9	edfda1e61e155d8f2ad67794da708aee9fb274240c066862f2c78300e39f9a7f	0
version/pack_info/application_factory.txt	4024	105	d48cd8cdc53d978bcb3bbbe932d3b774d2bd42c4e8c95434fbe7d69ae6a176e7	0
version/pack_info/application_id.txt	3769	106	229ec5677bcbfb165541a6ee482be505d2d9ba4823b2c7294bc2b37b8a910fd8	0
version/pack_info/factory_id.txt	1449	47	fd5abe7614952a02de39ca64601185f0c9f60ba55cf36f379fd1e8be6d6f9303	0
version/pack_info/key_value.py	1107	57	93c88d1e1e99de813b2c92750b8a2cfd61faa255f8aad5e03fe333cd313278ba	0
version/pack_info/platform_id.txt	563	52	aac6b4a073b0436cc02528d2ac635304c23ee3053832542c28919fcf75422709	0
version/version	67	4	1b2d55a4e7728a0029ef8d3faf4ddf955d018a80070e4aaed0796d4aafa91043	0
更新要点.md	28973	929	b6c5b3649c1c95ddd40dcd13b9ff3834643296b132e8ff65a862e0442fd96a2f	0
